set1	Saara_Aalto	Sandhja	Category:Finnish_female_singers	Category:Eurovision_Song_Contest_entrants_for_Finland	Category:21st-century_women_singers	Category:Finnish_pop_singers	Category:21st-century_Finnish_singers
set1	William_Aalto	Paddy_Chayefsky	Category:United_States_Army_soldiers	Category:United_States_Army_personnel_of_World_War_II	Category:20th-century_American_male_writers	Category:People_from_the_Bronx
set1	Leroy_F._Aarons	Adam_Darius	Category:21st-century_American_non-fiction_writers	Category:20th-century_American_non-fiction_writers	Category:American_male_non-fiction_writers	Category:21st-century_American_male_writers	Category:20th-century_American_dramatists_and_playwrights	Category:American_male_dramatists_and_playwrights	Category:20th-century_American_male_writers
set1	Louise_Abbéma	Georgette_Agutte	Category:20th-century_French_women_artists	Category:19th-century_French_painters	Category:19th-century_French_women_artists	Category:French_women_painters	Category:20th-century_French_painters
set1	Berenice_Abbott	Lee_Miller	Category:20th-century_American_women_artists	Category:20th-century_women_photographers	Category:Art_Students_League_of_New_York_alumni	Category:20th-century_American_photographers	Category:Photographers_from_New_York_(state)
set1	Jean_Acker	Betty_Bronson	Category:20th-century_American_actresses	Category:Actors_from_Trenton,_New_Jersey	Category:Actresses_from_New_Jersey	Category:American_silent_film_actresses	Category:American_film_actresses
set1	Kathy_Acker	Giannina_Braschi	Category:American_women_essayists	Category:20th-century_American_women_writers	Category:American_women_novelists	Category:20th-century_American_poets	Category:Novelists_from_New_York_(state)	Category:Postmodern_feminists	Category:20th-century_American_novelists	Category:American_women_poets	Category:Postmodern_writers
set1	Peter_Ackroyd	Margaret_Drabble	Category:Fellows_of_the_Royal_Society_of_Literature	Category:English_biographers	Category:20th-century_English_novelists	Category:21st-century_biographers	Category:20th-century_biographers	Category:James_Tait_Black_Memorial_Prize_recipients
set1	John_Bodkin_Adams	John_Haigh	Category:British_Plymouth_Brethren	Category:British_people_convicted_of_fraud
set1	Maude_Adams	Marion_Lorne	Category:20th-century_American_actresses	Category:American_people_of_English_descent	Category:American_stage_actresses	Category:19th-century_American_actresses
set1	Nicola_Adams	Katie_Taylor	Category:Boxers_at_the_2016_Summer_Olympics	Category:European_Games_medalists_in_boxing	Category:AIBA_Women%27s_World_Boxing_Championships_medalists	Category:Boxers_at_the_2012_Summer_Olympics	Category:Olympic_medalists_in_boxing	Category:Boxers_at_the_2015_European_Games
set1	Jane_Addams	Emily_Greene_Balch	Category:Women%27s_International_League_for_Peace_and_Freedom_people	Category:American_Nobel_laureates	Category:American_anti-war_activists	Category:Women_Nobel_laureates	Category:Women_sociologists	Category:American_anti%E2%80%93World_War_I_activists	Category:Nobel_Peace_Prize_laureates
set1	Jacques_d'Adelswärd-Fersen	Blaise_Cendrars	Category:20th-century_French_novelists	Category:French_male_poets	Category:French_male_novelists	Category:20th-century_French_male_writers	Category:20th-century_French_poets
set1	Allison_Adler	Amy_Sherman-Palladino	Category:20th-century_American_writers	Category:Jewish_American_writers	Category:20th-century_American_women_writers	Category:American_women_television_producers	Category:Screenwriters_from_California	Category:American_women_television_writers	Category:21st-century_American_writers	Category:American_television_writers	Category:21st-century_American_women_writers
set1	Emperor_Ai_of_Han	Emperor_Zhao_of_Han	Category:1st-century_BC_Chinese_monarchs	Category:Western_Han_dynasty_emperors
set1	Alvin_Ailey	MC_Hammer	Category:American_choreographers	Category:African-American_choreographers	Category:African-American_male_dancers	Category:African-American_dancers
set1	Chantal_Akerman	Agn%C3%A8s_Varda	Category:French-language_film_directors	Category:Belgian_contemporary_artists	Category:Belgian_women_film_directors	Category:Belgian_women_film_producers	Category:European_Graduate_School_faculty	Category:Belgian_screenwriters
set1	Edward_Albee	David_Mamet	Category:21st-century_American_dramatists_and_playwrights	Category:Pulitzer_Prize_for_Drama_winners	Category:Members_of_the_American_Academy_of_Arts_and_Letters	Category:21st-century_American_male_writers	Category:American_male_dramatists_and_playwrights	Category:20th-century_American_male_writers
set1	Pablo_Alborán	Abraham_Mateo	Category:Andalusian_singers	Category:Spanish_pop_singers	Category:Spanish_male_singers
set1	Sibilla_Aleramo	Silvia_Federici	Category:Italian_feminists	Category:Socialist_feminists	Category:Marxist_feminists	Category:Italian_women_Marxists
set1	J._Alexander_(model)	Terrell_Owens	Category:American_male_models	Category:Participants_in_American_reality_television_series	Category:African-American_models
set1	Olly_Alexander	Matt_Cardle	Category:21st-century_English_singers	Category:21st-century_male_singers	Category:English_male_singers	Category:English_tenors
set1	Grand_Duke_Sergei_Alexandrovich_of_Russia	Grand_Duke_Vladimir_Alexandrovich_of_Russia	Category:Russian_military_personnel_of_the_Russo-Turkish_War_(1877%E2%80%931878)	Category:Recipients_of_the_Order_of_the_White_Falcon	Category:Recipients_of_the_Order_of_St._Andrew	Category:Grand_Crosses_of_the_Saxe-Ernestine_House_Order	Category:Knights_Grand_Cross_of_the_Order_of_the_Crown_(W%C3%BCrttemberg)	Category:House_of_Holstein-Gottorp-Romanov	Category:Recipients_of_the_Order_of_St._Vladimir,_1st_class	Category:Recipients_of_the_Order_of_the_White_Eagle_(Russia)	Category:Russian_grand_dukes	Category:Recipients_of_the_Order_of_Saint_Stanislaus,_1st_class	Category:Knights_Grand_Cross_of_the_Ludwigsorden	Category:Grand_Crosses_of_the_House_and_Merit_Order_of_Peter_Frederick_Louis	Category:Members_of_the_State_Council_(Russian_Empire)	Category:Knights_of_the_Order_of_Saint_Hubert
set1	Nikolay_Alexeyev	Anna_Politkovskaya	Category:21st-century_Russian_journalists	Category:Moscow_State_University_alumni
set1	Marc_Allégret	Ren%C3%A9_Clair	Category:20th-century_French_screenwriters	Category:French_male_screenwriters	Category:French_film_directors
set1	Lily_Allen	Cilla_Black	Category:English_television_talk_show_hosts	Category:Parlophone_artists	Category:English_television_personalities	Category:English_female_pop_singers	Category:English_people_of_Welsh_descent
set1	Christian_Wilhelm_Allers	Christoph_Br%C3%BCx	Category:Artists_from_Hamburg	Category:20th-century_German_painters	Category:German_male_painters
set1	László_Almásy	Wilhelm_Canaris	Category:World_War_II_spies_for_Germany	Category:Abwehr
set1	Pedro_Almodóvar	Fernando_Trueba	Category:Spanish_screenwriters	Category:Directors_of_Best_Foreign_Language_Film_Academy_Award_winners	Category:Male_screenwriters	Category:Spanish_film_directors	Category:Spanish_male_writers	Category:Best_Director_Goya_Award_winners
set1	Al-Mu'tamid_ibn_Abbad	Abbad_II_al-Mu%27tadid	Category:11th-century_Arabs	Category:Abbadid_dynasty	Category:11th-century_rulers_in_Al-Andalus
set1	Marcella_Althaus-Reid	Jos%C3%A9_M%C3%ADguez_Bonino	Category:Argentine_theologians	Category:Liberation_theologians	Category:Methodist_theologians
set1	Luisa_Isabel_Álvarez_de_Toledo,_21st_Duchess_of_Medina_Sidonia	Princess_Mar%C3%ADa_Teresa_of_Bourbon-Parma	Category:Spanish_socialists	Category:20th-century_Spanish_women_writers
set1	Renee_Alway	Tommy_Lynn_Sells	Category:American_atheists	Category:American_people_convicted_of_burglary
set1	John_Amaechi	Christine_Ohuruogu	Category:EngvarB_from_April_2015	Category:Black_British_sportspeople	Category:Igbo_sportspeople	Category:Commonwealth_Games_bronze_medallists_for_England	Category:English_people_of_Igbo_descent
set1	Alejandro_Amenábar	Luis_Bu%C3%B1uel	Category:Directors_of_Best_Foreign_Language_Film_Academy_Award_winners	Category:Complutense_University_of_Madrid_alumni	Category:Spanish_atheists	Category:Spanish_film_directors
set1	Elena_Anaya	Victoria_Abril	Category:21st-century_Spanish_actresses	Category:20th-century_Spanish_actresses	Category:Best_Actress_Goya_Award_winners	Category:Spanish_film_actresses
set1	Brett_Anderson	Chris_Martin	Category:English_rock_singers	Category:English_rock_guitarists	Category:English_male_guitarists	Category:Alternative_rock_singers	Category:Alumni_of_University_College_London	Category:English_singer-songwriters
set1	Lindsay_Anderson	David_Lean	Category:British_film_directors	Category:Directors_of_Palme_d%27Or_winners
set1	Jéssica_Andrade	Carla_Esparza	Category:Ultimate_Fighting_Championship_champions	Category:Strawweight_mixed_martial_artists	Category:Ultimate_Fighting_Championship_female_fighters
set1	Mário_de_Andrade	Dalton_Trevisan	Category:20th-century_Brazilian_short_story_writers	Category:20th-century_Brazilian_male_writers	Category:Brazilian_male_short_story_writers
set1	Leopold_Andrian	Karl_Kraus_(writer)	Category:Austrian_male_poets	Category:20th-century_Austrian_poets	Category:20th-century_Austrian_dramatists_and_playwrights	Category:Austrian_male_dramatists_and_playwrights	Category:20th-century_Austrian_male_writers	Category:Young_Vienna
set1	Kenneth_Anger	Crispin_Glover	Category:American_experimental_filmmakers	Category:Film_directors_from_California	Category:American_people_of_German_descent	Category:American_people_of_English_descent
set1	Anne-Marie_(singer)	Ella_Mai	Category:British_hip_hop_singers	Category:21st-century_English_women_singers	Category:British_female_hip_hop_musicians	Category:English_people_of_Irish_descent
set1	Antinous	Vibia_Sabina	Category:Nerva%E2%80%93Antonine_dynasty	Category:Deified_Roman_people	Category:Hadrian
set1	Aleksey_Apukhtin	Alexander_Bestuzhev	Category:19th-century_Russian_short_story_writers	Category:Russian_male_poets	Category:Russian_male_short_story_writers	Category:Writers_from_Saint_Petersburg
set1	Gregg_Araki	Cary_Joji_Fukunaga	Category:American_television_directors	Category:American_writers_of_Japanese_descent	Category:Screenwriters_from_California	Category:American_cinematographers	Category:American_film_directors_of_Japanese_descent	Category:American_male_screenwriters
set1	Arca_(musician)	Federico_%C3%81greda	Category:Venezuelan_electronic_musicians	Category:Venezuelan_DJs	Category:Electronic_dance_music_DJs
set1	Michael_Arden	Woody_Harrelson	Category:Male_actors_from_Texas	Category:American_male_television_actors	Category:21st-century_American_male_actors	Category:American_male_stage_actors	Category:People_from_Midland,_Texas	Category:American_theatre_directors
set1	Reinaldo_Arenas	Cintio_Vitier	Category:Cuban_male_novelists	Category:Cuban_male_poets	Category:20th-century_Cuban_novelists	Category:20th-century_Cuban_poets
set1	Pietro_Aretino	Gian_Giorgio_Trissino	Category:Italian_dramatists_and_playwrights	Category:Italian_Renaissance_humanists
set1	Giorgio_Armani	Franco_Moschino	Category:Menswear_designers	Category:Fashion_designers_from_Milan
set1	Billie_Joe_Armstrong	Tom_DeLonge	Category:20th-century_American_singers	Category:Singers_from_California	Category:American_male_singer-songwriters	Category:American_punk_rock_singers	Category:Guitarists_from_California	Category:American_male_guitarists	Category:Alternative_rock_singers	Category:Alternative_rock_guitarists	Category:American_punk_rock_guitarists	Category:Songwriters_from_California	Category:American_singer-songwriters	Category:American_rock_songwriters	Category:Pop_punk_singers
set1	François_Arnaud_(actor)	Pablo_Schreiber	Category:Canadian_male_film_actors	Category:Canadian_male_television_actors	Category:Canadian_male_stage_actors	Category:21st-century_Canadian_male_actors
set1	Judith_Arndt	Kristina_Vogel	Category:Olympic_medalists_in_cycling	Category:German_track_cyclists	Category:German_female_cyclists	Category:Olympic_bronze_medalists_for_Germany	Category:UCI_Track_Cycling_World_Champions_(women)	Category:Olympic_cyclists_of_Germany	Category:Cyclists_at_the_2012_Summer_Olympics	Category:Medalists_at_the_2012_Summer_Olympics
set1	Willem_Arondeus	Hannie_Schaft	Category:People_executed_by_Germany_by_firing_squad	Category:Dutch_resistance_members	Category:Resistance_members_killed_by_Nazi_Germany	Category:Dutch_people_of_World_War_II	Category:Dutch_Righteous_Among_the_Nations	Category:Dutch_people_executed_by_Nazi_Germany	Category:Executed_Dutch_people
set1	Dorothy_Arzner	Frances_Marion	Category:Film_directors_from_San_Francisco	Category:American_women_film_directors	Category:20th-century_American_women_writers	Category:American_women_screenwriters
set1	Charles_Robert_Ashbee	William_Morris	Category:Private_press_movement_people	Category:English_socialists	Category:Arts_and_Crafts_movement_artists	Category:English_printers
set1	Howard_Ashman	Alan_Menken	Category:Broadway_composers_and_lyricists	Category:Animation_composers	Category:Grammy_Award_winners	Category:Disney_people	Category:Jewish_American_songwriters	Category:Walt_Disney_Animation_Studios_people	Category:Golden_Globe_Award-winning_musicians	Category:Best_Original_Song_Academy_Award-winning_songwriters
set1	Frederick_Ashton	Anton_Dolin	Category:English_male_ballet_dancers	Category:Ballet_choreographers	Category:Rambert_Dance_Company_dancers	Category:English_choreographers
set1	Charles_Coypeau_d'Assoucy	Fran%C3%A7ois_de_Malherbe	Category:French_poets	Category:French_short_story_writers	Category:17th-century_French_male_writers	Category:French_novelists	Category:French_children%27s_writers	Category:French_male_poets	Category:17th-century_French_poets	Category:French_writers	Category:French_dramatists_and_playwrights	Category:French_essayists
set1	Nils_Asther	G%C3%B6sta_Ekman	Category:Male_actors_from_Stockholm	Category:Swedish_male_film_actors	Category:20th-century_Swedish_male_actors	Category:Swedish_male_television_actors
set1	Efva_Attling	Carolina_Gynning	Category:Swedish_jewelry_designers	Category:Swedish_female_models
set1	W._H._Auden	Geoffrey_Hill	Category:English_male_poets	Category:Formalist_poets	Category:20th-century_English_male_writers	Category:20th-century_English_poets	Category:Oxford_Professors_of_Poetry
set1	Anita_Augspurg	Clara_Zetkin	Category:German_suffragists	Category:Socialist_feminists	Category:German_feminists
set1	Seimone_Augustus	Maya_Moore	Category:Olympic_gold_medalists_for_the_United_States_in_basketball	Category:American_expatriate_basketball_people_in_Russia	Category:Medalists_at_the_2016_Summer_Olympics	Category:Basketball_players_at_the_2016_Summer_Olympics	Category:All-American_college_women%27s_basketball_players	Category:Women%27s_National_Basketball_Association_first_overall_draft_picks	Category:McDonald%27s_High_School_All-Americans	Category:Women%27s_National_Basketball_Association_All-Stars	Category:Basketball_players_at_the_2012_Summer_Olympics	Category:Minnesota_Lynx_draft_picks
set1	Azis	Mariana_Popova	Category:Big_Brother_(Bulgarian_TV_series)_contestants	Category:Bulgarian_pop_singers	Category:Bulgarian_people_of_Romani_descent
set1	Mel_B	Alison_Moyet	Category:20th-century_English_singers	Category:21st-century_English_singers	Category:English_female_pop_singers	Category:20th-century_English_women_singers	Category:English_singer-songwriters	Category:21st-century_English_women_singers
set1	Babur	Sher_Shah_Suri	Category:15th-century_Indian_monarchs	Category:16th-century_Indian_monarchs
set1	Dirk_Bach	G%C3%BCnther_Jauch	Category:German_television_personalities	Category:German_game_show_hosts	Category:German_television_presenters	Category:RTL_Group_people
set1	Ramona_Bachmann	Sofia_Jakobsson	Category:Damallsvenskan_players	Category:2015_FIFA_Women%27s_World_Cup_players	Category:Women%27s_association_football_forwards	Category:Expatriate_women%27s_footballers_in_England	Category:Chelsea_F.C._Women_players	Category:Division_1_F%C3%A9minine_players	Category:FIFA_Century_Club	Category:Expatriate_women%27s_footballers_in_Germany	Category:FA_Women%27s_Super_League_players	Category:Expatriate_women%27s_footballers_in_France	Category:Ume%C3%A5_IK_players
set1	Francis_Bacon_(artist)	Gottfried_Helnwein	Category:20th-century_Irish_painters	Category:Modern_painters	Category:Irish_male_painters
set1	Francis_Bacon	Thomas_Hobbes	Category:Early_Modern_philosophers	Category:Philosophers_of_law	Category:Ontologists	Category:Moral_philosophers	Category:Philosophy_of_science	Category:Epistemologists	Category:17th-century_Latin-language_writers	Category:Metaphysicians	Category:Philosophers_of_culture	Category:Philosophers_of_history	Category:Philosophers_of_religion	Category:17th-century_English_writers	Category:Philosophers_of_ethics_and_morality	Category:Philosophers_of_mind	Category:Atomists	Category:Philosophers_of_science	Category:English_philosophers	Category:17th-century_male_writers
set1	Babi_Badalov	Tahir_Salahov	Category:21st-century_Azerbaijani_painters	Category:20th-century_Azerbaijani_painters
set1	Joan_Baez	Lucinda_Williams	Category:American_country_singer-songwriters	Category:21st-century_American_women_guitarists	Category:21st-century_American_guitarists	Category:American_female_country_singers	Category:American_acoustic_guitarists	Category:20th-century_American_women_writers	Category:21st-century_American_women_singers	Category:Feminist_musicians	Category:20th-century_American_women_singers	Category:20th-century_American_guitarists	Category:American_folk_singers	Category:20th-century_American_women_guitarists	Category:21st-century_American_women_writers
set1	Bai_Ling	Lisa_Lu	Category:20th-century_American_actresses	Category:21st-century_Chinese_actresses	Category:21st-century_American_actresses	Category:American_actresses_of_Chinese_descent	Category:American_television_actresses	Category:20th-century_Chinese_actresses	Category:Chinese_film_actresses	Category:American_film_actresses
set1	Gilbert_Baker_(artist)	Jack_Kirby	Category:United_States_Army_soldiers	Category:Artists_from_New_York_City
set1	James_Robert_Baker	Carl_Barks	Category:Screenwriters_from_California	Category:American_satirists	Category:20th-century_American_screenwriters	Category:American_male_non-fiction_writers	Category:American_male_screenwriters	Category:20th-century_American_male_writers
set1	Josephine_Baker	%C3%89dith_Piaf	Category:Female_resistance_members_of_World_War_II	Category:Cabaret_singers	Category:French_buskers	Category:French_Resistance_members	Category:20th-century_French_singers	Category:French_women_in_World_War_II
set1	Ireland_Baldwin	Jill_Vedder	Category:Female_models_from_California	Category:Models_from_Los_Angeles
set1	James_Baldwin	Richard_Wright_(author)	Category:American_male_novelists	Category:20th-century_American_short_story_writers	Category:20th-century_American_poets	Category:African-American_novelists	Category:African-American_poets	Category:American_male_short_story_writers	Category:American_socialists	Category:20th-century_American_novelists	Category:American_male_poets	Category:Postmodern_writers	Category:African-American_short_story_writers	Category:American_expatriates_in_France
set1	Alan_Ball_(screenwriter)	Callie_Khouri	Category:Best_Original_Screenplay_Academy_Award_winners	Category:American_television_directors	Category:Best_Screenplay_Golden_Globe_winners	Category:Writers_Guild_of_America_Award_winners	Category:20th-century_American_dramatists_and_playwrights	Category:American_television_writers	Category:Showrunners
set1	Canaan_Banana	Joshua_Nkomo	Category:People_from_Matabeleland_South_Province	Category:Northern_Ndebele_people	Category:Zimbabwean_exiles
set1	Ann_Bancroft	Louise_Arner_Boyd	Category:American_women_non-fiction_writers	Category:American_travel_writers	Category:Female_travelers	Category:Female_polar_explorers
set1	Herman_Bang	Sven_Hassel	Category:20th-century_Danish_male_writers	Category:20th-century_Danish_novelists	Category:Danish_male_novelists
set1	Tallulah_Bankhead	Lillian_Gish	Category:20th-century_American_actresses	Category:American_radio_actresses	Category:20th-century_American_women_writers	Category:Women_autobiographers	Category:American_television_actresses	Category:American_silent_film_actresses	Category:20th-century_American_non-fiction_writers	Category:American_autobiographers	Category:American_women_non-fiction_writers	Category:American_stage_actresses	Category:American_film_actresses
set1	Azealia_Banks	Lil_Mama	Category:African-American_female_rappers	Category:American_hip_hop_singers	Category:African-American_singer-songwriters	Category:21st-century_American_women_singers	Category:American_singer-songwriters	Category:East_Coast_hip_hop_musicians	Category:American_female_singer-songwriters	Category:21st-century_American_rappers	Category:Songwriters_from_New_York_(state)	Category:African-American_female_singer-songwriters	Category:American_female_rappers
set1	Briana_Banks	Janine_Lindemulder	Category:Penthouse_Pets	Category:Pornographic_film_actors_from_California	Category:American_pornographic_film_actresses
set1	Ann_Bannon	Margaret_Mitchell	Category:20th-century_American_women_writers	Category:American_women_novelists	Category:20th-century_American_novelists	Category:Pseudonymous_writers	Category:Pseudonymous_women_writers
set1	Samuel_Barber	John_Adams_(composer)	Category:Male_opera_composers	Category:Pulitzer_Prize_for_Music_winners	Category:20th-century_American_composers	Category:American_male_classical_composers	Category:American_classical_composers	Category:Grammy_Award_winners	Category:American_contemporary_classical_composers	Category:20th-century_classical_composers	Category:20th-century_American_male_musicians	Category:Fellows_of_the_American_Academy_of_Arts_and_Sciences	Category:American_opera_composers
set1	Alexander_Bard	Sara_Danius	Category:20th-century_Swedish_writers	Category:21st-century_Swedish_writers
set1	Jean-Pierre_Barda	Patrick_Bruel	Category:French_Jews	Category:French_people_of_Algerian-Jewish_descent	Category:Musicians_from_Paris
set1	Clive_Barker	China_Mi%C3%A9ville	Category:20th-century_English_novelists	Category:English_fantasy_writers	Category:Cthulhu_Mythos_writers	Category:Weird_fiction_writers	Category:World_Fantasy_Award-winning_writers	Category:English_comics_writers
set1	Djuna_Barnes	Giannina_Braschi	Category:20th-century_American_women_writers	Category:American_women_novelists	Category:20th-century_American_poets	Category:Women_satirists	Category:American_satirists	Category:Novelists_from_New_York_(state)	Category:20th-century_American_novelists	Category:American_women_poets
set1	Charlie_Barnett_(actor)	Dallas_Roberts	Category:Male_actors_from_Florida	Category:American_male_television_actors	Category:21st-century_American_male_actors	Category:Actors_from_Sarasota,_Florida
set1	Natalie_Clifford_Barney	Alice_Brown_(writer)	Category:American_women_novelists	Category:American_women_poets	Category:20th-century_American_novelists	Category:American_women_dramatists_and_playwrights
set1	John_Barrowman	Lee_Evans_(comedian)	Category:British_male_television_actors	Category:British_male_musical_theatre_actors	Category:British_male_film_actors
set1	Drew_Barrymore	Paris_Hilton	Category:21st-century_American_businesswomen	Category:Actresses_of_British_descent	Category:Women_autobiographers	Category:Actresses_of_Irish_descent	Category:American_television_actresses	Category:21st-century_American_actresses	Category:American_people_of_German_descent	Category:American_autobiographers	Category:American_women_non-fiction_writers	Category:American_people_of_Irish_descent	Category:Actresses_of_German_descent	Category:American_film_actresses	Category:21st-century_American_businesspeople	Category:American_people_of_English_descent
set1	Roland_Barthes	Pierre_Bourdieu	Category:Continental_philosophers	Category:Philosophy_academics	Category:French_male_essayists	Category:Structuralists	Category:Ontologists	Category:Social_critics	Category:20th-century_French_philosophers	Category:Epistemologists	Category:Metaphysicians	Category:Philosophers_of_culture	Category:Coll%C3%A8ge_de_France_faculty	Category:Cultural_critics	Category:20th-century_essayists	Category:Continental_philosophy	Category:Contemporary_philosophers	Category:French_male_non-fiction_writers	Category:20th-century_French_non-fiction_writers	Category:Photography_critics	Category:Social_philosophers	Category:Philosophy_writers
set1	Jean-Michel_Basquiat	Elaine_de_Kooning	Category:American_contemporary_painters	Category:Artists_from_New_York_City	Category:Painters_from_New_York_(state)	Category:20th-century_American_painters
set1	Lance_Bass	Corbin_Bleu	Category:American_male_voice_actors	Category:American_male_pop_singers	Category:21st-century_American_male_actors	Category:Participants_in_American_reality_television_series	Category:American_male_dancers	Category:American_male_musical_theatre_actors	Category:American_pop_singers	Category:American_child_singers	Category:American_male_film_actors	Category:American_film_producers
set1	Alan_Bates	John_Hurt	Category:English_male_Shakespearean_actors	Category:English_male_television_actors	Category:21st-century_English_male_actors	Category:Actors_awarded_knighthoods	Category:English_male_stage_actors	Category:Deaths_from_pancreatic_cancer	Category:20th-century_English_male_actors	Category:Audiobook_narrators	Category:Knights_Bachelor	Category:Deaths_from_cancer_in_England	Category:English_male_film_actors	Category:English_male_voice_actors	Category:Commanders_of_the_Order_of_the_British_Empire	Category:Alumni_of_the_Royal_Academy_of_Dramatic_Art
set1	Rostam_Batmanglij	Ezra_Koenig	Category:Grammy_Award_winners	Category:Columbia_College_(New_York)_alumni	Category:Dirty_Projectors_members	Category:Vampire_Weekend_members	Category:American_indie_rock_musicians
set1	Meredith_Baxter	Lisa_Kudrow	Category:20th-century_American_actresses	Category:Actresses_from_Los_Angeles	Category:21st-century_American_actresses	Category:American_women_television_producers	Category:American_television_actresses	Category:American_film_actresses	Category:Writers_from_Los_Angeles	Category:American_voice_actresses
set1	Amanda_Bearse	Diane_Keaton	Category:20th-century_American_actresses	Category:American_television_directors	Category:American_women_comedians	Category:20th-century_American_comedians	Category:21st-century_American_actresses	Category:American_television_actresses	Category:American_film_actresses	Category:American_women_film_directors	Category:Women_television_directors	Category:Neighborhood_Playhouse_School_of_the_Theatre_alumni
set1	Cecil_Beaton	Felice_Beato	Category:Photography_in_India	Category:Photography_in_Japan	Category:British_portrait_photographers	Category:War_photographers
set1	Stephanie_Beatriz	Raquel_Welch	Category:21st-century_American_actresses	Category:American_television_actresses	Category:American_people_of_Bolivian_descent	Category:American_film_actresses	Category:Hispanic_and_Latino_American_actresses
set1	Bianca_Beauchamp	Lauren_Phoenix	Category:Canadian_people_of_Italian_descent	Category:Canadian_female_adult_models
set1	Simone_de_Beauvoir	Jean-Paul_Sartre	Category:20th-century_French_novelists	Category:French_socialists	Category:Philosophers_of_sexuality	Category:French_communists	Category:Social_critics	Category:French_Marxists	Category:Social_philosophy	Category:20th-century_French_philosophers	Category:Metaphysicians	Category:Social_philosophers	Category:Philosophers_of_nihilism	Category:Continental_philosophers	Category:Moral_philosophers	Category:Philosophers_of_culture	Category:Cultural_critics	Category:Marxist_writers	Category:Phenomenologists	Category:French_anti-war_activists	Category:Writers_from_Paris	Category:L%C3%A9gion_d%27honneur_refusals	Category:Ontologists	Category:Existentialists	Category:Philosophers_of_education	Category:Philosophers_of_ethics_and_morality	Category:Contemporary_philosophers	Category:Philosophers_of_art	Category:Biography_with_signature	Category:Political_philosophers	Category:French_ethicists	Category:Epistemologists	Category:Continental_philosophy	Category:Philosophers_of_literature	Category:Social_commentators	Category:Burials_at_Montparnasse_Cemetery
set1	Alison_Bechdel	Robert_Crumb	Category:Alternative_cartoonists	Category:American_Splendor_artists	Category:21st-century_American_artists	Category:Novelists_from_Pennsylvania	Category:21st-century_American_novelists	Category:American_graphic_novelists	Category:Inkpot_Award_winners
set1	Volker_Beck_(politician)	J%C3%BCrgen_Trittin	Category:Members_of_the_Bundestag_2013%E2%80%932017	Category:Alliance_90/The_Greens_politicians	Category:Members_of_the_Bundestag_2002%E2%80%932005	Category:Members_of_the_Bundestag_for_Alliance_90/The_Greens	Category:21st-century_German_politicians	Category:Members_of_the_Bundestag_2009%E2%80%932013	Category:Members_of_the_Bundestag_2005%E2%80%932009
set1	William_Beckford_(novelist)	William_Wilberforce	Category:Members_of_the_Parliament_of_the_United_Kingdom_for_English_constituencies	Category:UK_MPs_1806%E2%80%931807	Category:UK_MPs_1818%E2%80%931820	Category:UK_MPs_1807%E2%80%931812	Category:UK_MPs_1812%E2%80%931818	Category:Members_of_the_Parliament_of_Great_Britain_for_English_constituencies
set1	Sybille_Bedford	Judith_Kerr	Category:Naturalised_citizens_of_the_United_Kingdom	Category:Officers_of_the_Order_of_the_British_Empire	Category:Writers_from_Berlin	Category:German_people_of_Jewish_descent	Category:German_emigrants_to_England
set1	Brendan_Behan	Samuel_Beckett	Category:20th-century_Irish_novelists	Category:20th-century_Irish_dramatists_and_playwrights	Category:20th-century_Irish_male_writers	Category:Irish_short_story_writers	Category:20th-century_Irish_poets	Category:Irish_male_novelists	Category:Irish_male_short_story_writers
set1	Aphra_Behn	Susanna_Centlivre	Category:17th-century_English_women_writers	Category:17th-century_English_poets	Category:English_women_poets	Category:English_women_dramatists_and_playwrights	Category:17th-century_English_dramatists_and_playwrights
set1	Frieda_Belinfante	Corrie_ten_Boom	Category:Dutch_emigrants_to_the_United_States	Category:Dutch_people_of_World_War_II	Category:Dutch_resistance_members
set1	Andy_Bell_(singer)	Mark_Hollis	Category:20th-century_English_singers	Category:Male_new_wave_singers	Category:British_synth-pop_new_wave_musicians	Category:English_songwriters	Category:English_pop_singers
set1	Maria_Bello	Rose_Marie	Category:20th-century_American_actresses	Category:Actresses_of_Italian_descent	Category:American_people_of_Polish_descent	Category:21st-century_American_actresses	Category:American_television_actresses	Category:American_people_of_Italian_descent	Category:American_film_actresses
set1	Sotiria_Bellou	Stelios_Kazantzidis	Category:Deaths_from_cancer_in_Greece	Category:Burials_at_the_First_Cemetery_of_Athens	Category:20th-century_Greek_singers	Category:Greek_rebetiko_singers
set1	Ruth_Benedict	Frederica_de_Laguna	Category:20th-century_American_scientists	Category:Columbia_University_alumni	Category:American_women_anthropologists	Category:20th-century_American_women_scientists
set1	Brenda_Benet	Tamlyn_Tomita	Category:20th-century_American_actresses	Category:American_television_actresses	Category:University_of_California,_Los_Angeles_alumni	Category:American_soap_opera_actresses	Category:American_film_actresses
set1	George_Benjamin_(composer)	James_MacMillan	Category:Male_opera_composers	Category:21st-century_classical_composers	Category:20th-century_British_male_musicians	Category:20th-century_classical_composers	Category:British_male_conductors_(music)	Category:21st-century_British_conductors_(music)	Category:Knights_Bachelor	Category:21st-century_British_composers	Category:Honorary_Members_of_the_Royal_Academy_of_Music	Category:21st-century_British_male_musicians	Category:Commanders_of_the_Order_of_the_British_Empire	Category:Composers_awarded_knighthoods
set1	Bob_Benny	Jacques_Hustin	Category:Eurovision_Song_Contest_entrants_for_Belgium	Category:Belgian_male_singers
set1	A._C._Benson	M._R._James	Category:Alumni_of_King%27s_College,_Cambridge	Category:Ghost_story_writers	Category:People_educated_at_Temple_Grove_School
set1	Anita_Berber	Dora_Gerson	Category:German_silent_film_actresses	Category:20th-century_German_actresses	Category:German_film_actresses
set1	Helmut_Berger	Maximilian_Schell	Category:21st-century_Austrian_male_actors	Category:20th-century_Austrian_male_actors	Category:Austrian_male_television_actors
set1	Cyrano_de_Bergerac	Georges_de_Scud%C3%A9ry	Category:17th-century_French_dramatists_and_playwrights	Category:17th-century_French_novelists	Category:17th-century_French_male_writers
set1	Kajsa_Bergqvist	Maria_Mutola	Category:Competitors_at_the_2001_Goodwill_Games	Category:World_Athletics_Indoor_Championships_winners	Category:Olympic_bronze_medalists_in_athletics_(track_and_field)	Category:World_Athletics_Championships_winners	Category:World_Athletics_Championships_medalists	Category:Medalists_at_the_2000_Summer_Olympics	Category:IAAF_world_indoor_record_holders	Category:Athletes_(track_and_field)_at_the_1996_Summer_Olympics	Category:Goodwill_Games_medalists_in_athletics	Category:Athletes_(track_and_field)_at_the_2000_Summer_Olympics
set1	Greg_Berlanti	Glen_Mazzara	Category:American_television_writers	Category:Screenwriters_from_New_York_(state)	Category:Showrunners	Category:American_male_television_writers
set1	Leonard_Bernstein	Andr%C3%A9_Previn	Category:American_classical_pianists	Category:Male_opera_composers	Category:20th-century_American_composers	Category:Broadway_composers_and_lyricists	Category:Kennedy_Center_honorees	Category:Composers_awarded_knighthoods	Category:Jewish_American_film_score_composers	Category:Conductors_(music)_awarded_knighthoods	Category:20th-century_classical_composers	Category:Deutsche_Grammophon_artists	Category:Fellows_of_the_American_Academy_of_Arts_and_Sciences	Category:Jewish_American_songwriters	Category:Musicians_awarded_knighthoods	Category:American_opera_composers	Category:American_musical_theatre_composers	Category:Male_film_score_composers	Category:American_male_pianists	Category:American_film_score_composers	Category:20th-century_American_pianists	Category:Jewish_American_classical_composers
set1	Xavier_Bettel	Sicco_Mansholt	Category:Grand_Crosses_of_the_Order_of_the_Oak_Crown	Category:Grand_Crosses_of_the_Order_of_the_Crown_(Belgium)
set1	Sarah_Bettens	Tom_Barman	Category:Belgian_male_singers	Category:English-language_singers_from_Belgium	Category:Belgian_rock_singers	Category:21st-century_male_singers	Category:21st-century_Belgian_singers
set1	Ole_von_Beust	Olaf_Scholz	Category:Mayors_of_Hamburg	Category:University_of_Hamburg_alumni
set1	Sue_Bird	Breanna_Stewart	Category:Olympic_gold_medalists_for_the_United_States_in_basketball	Category:American_expatriate_basketball_people_in_Russia	Category:Basketball_players_at_the_2016_Summer_Olympics	Category:Medalists_at_the_2016_Summer_Olympics	Category:Basketball_players_from_New_York_(state)	Category:All-American_college_women%27s_basketball_players	Category:Seattle_Storm_players	Category:Seattle_Storm_draft_picks	Category:Women%27s_National_Basketball_Association_first_overall_draft_picks	Category:UConn_Huskies_women%27s_basketball_players
set1	Elizabeth_Bishop	Robert_Frost	Category:Harvard_University_faculty	Category:Poets_from_Massachusetts	Category:20th-century_American_poets	Category:Pulitzer_Prize_for_Poetry_winners	Category:American_Poets_Laureate
set1	Dustin_Lance_Black	Callie_Khouri	Category:Television_producers_from_Texas	Category:Best_Original_Screenplay_Academy_Award_winners	Category:Screenwriters_from_Texas	Category:Writers_Guild_of_America_Award_winners	Category:Film_producers_from_Texas	Category:Film_directors_from_Texas	Category:American_television_writers	Category:Writers_from_San_Antonio
set1	Tyler_Blackburn	Tyrese_Gibson	Category:American_male_television_actors	Category:American_male_singers	Category:21st-century_American_male_actors	Category:Male_models_from_California	Category:21st-century_male_singers	Category:American_male_film_actors
set1	Nikki_Blonsky	Maya_Deren	Category:Dancers_from_New_York_(state)	Category:American_film_actresses	Category:American_dancers	Category:American_female_dancers
set1	Ditlev_Blunck	Christoffer_Wilhelm_Eckersberg	Category:19th-century_male_artists	Category:19th-century_Danish_painters	Category:Royal_Danish_Academy_of_Fine_Arts_alumni	Category:Danish_male_painters
set1	Anthony_Blunt	Kenneth_Clark	Category:Fellows_of_the_British_Academy	Category:Slade_Professors_of_Fine_Art_(University_of_Oxford)	Category:20th-century_English_historians	Category:Surveyors_of_the_Queen%27s_Pictures	Category:English_art_historians
set1	Dirk_Bogarde	John_Betjeman	Category:Dutch%E2%80%93English_translators	Category:20th-century_English_male_writers	Category:20th-century_translators	Category:Knights_Bachelor	Category:English_people_of_Dutch_descent
set1	Brian_Boitano	Katarina_Witt	Category:Figure_skaters_at_the_1984_Winter_Olympics	Category:Figure_skaters_at_the_1988_Winter_Olympics	Category:Medalists_at_the_1988_Winter_Olympics	Category:World_Figure_Skating_Championships_medalists	Category:Figure_skating_commentators
set1	Florinda_Bolkan	Sandy_(singer)	Category:Brazilian_film_actresses	Category:Brazilian_television_actresses
set1	Matt_Bomer	Pablo_Schreiber	Category:American_male_television_actors	Category:American_male_voice_actors	Category:21st-century_American_male_actors	Category:American_male_stage_actors	Category:Carnegie_Mellon_University_College_of_Fine_Arts_alumni	Category:American_male_film_actors
set1	Rosa_Bonheur	Isidore_Bonheur	Category:19th-century_French_sculptors	Category:Sibling_artists	Category:19th-century_French_painters	Category:People_from_Bordeaux	Category:Recipients_of_the_Legion_of_Honour
set1	Abel_Bonnard	Philippe_P%C3%A9tain	Category:French_fascists	Category:French_collaborators_with_Nazi_Germany	Category:Expelled_members_of_the_Acad%C3%A9mie_Fran%C3%A7aise	Category:French_politicians_convicted_of_crimes
set1	Lizzie_Borden_(director)	Helen_Gardner_(actress)	Category:Women_film_editors	Category:American_women_film_producers	Category:American_film_editors	Category:American_women_screenwriters
set1	Francisco_Bosch	Adam_Jezierski	Category:Spanish_male_film_actors	Category:Spanish_male_television_actors
set1	Henriëtte_Bosmans	Bart_Berman	Category:Jewish_classical_composers	Category:Dutch_classical_pianists	Category:Dutch_classical_composers	Category:20th-century_classical_composers	Category:Jewish_Dutch_musicians
set1	John_Boswell_(historian)	Elizabeth_Fox-Genovese	Category:Harvard_University_alumni	Category:20th-century_American_historians	Category:Historians_from_Massachusetts	Category:Roman_Catholic_writers	Category:Writers_from_Boston
set1	António_Botto	Manuel_Alegre	Category:Portuguese_male_poets	Category:20th-century_Portuguese_poets	Category:20th-century_male_writers
set1	Elizabeth_Bowen	Edward_Plunkett,_18th_Baron_of_Dunsany	Category:20th-century_Irish_novelists	Category:Irish_horror_writers	Category:Irish_short_story_writers	Category:British_horror_writers	Category:20th-century_British_novelists
set1	Angie_Bowie	Liv_Tyler	Category:American_female_models	Category:American_expatriates_in_the_United_Kingdom	Category:American_people_of_Polish_descent	Category:American_people_of_English_descent
set1	David_Bowie	Phil_Collins	Category:English_male_singer-songwriters	Category:English_rock_singers	Category:Male_actors_from_London	Category:Brit_Award_winners	Category:Musicians_from_London	Category:English_expatriates_in_the_United_States	Category:Virgin_Records_artists	Category:Ivor_Novello_Award_winners	Category:English_pop_singers	Category:English_expatriates_in_Switzerland	Category:English_male_film_actors	Category:Art_rock_musicians	Category:English_record_producers
set1	Paul_Bowles	Ezra_Pound	Category:Male_opera_composers	Category:American_male_classical_composers	Category:American_classical_composers	Category:20th-century_translators	Category:American_male_non-fiction_writers	Category:American_opera_composers	Category:American_translators	Category:American_expatriates_in_France
set1	Jeffrey_Bowyer-Chapman	Alexander_Ludwig	Category:21st-century_Canadian_male_actors	Category:Canadian_male_film_actors	Category:Canadian_male_models	Category:Canadian_male_television_actors	Category:Canadian_male_voice_actors
set1	Karin_Boye	Sally_Salminen	Category:20th-century_Swedish_novelists	Category:20th-century_Swedish_women_writers	Category:Swedish_women_novelists
set1	Adolf_Brand	Max_Stirner	Category:Individualist_anarchists	Category:German_anarchists	Category:Egoist_anarchists
set1	Marlon_Brando	Jack_Nicholson	Category:American_male_television_actors	Category:Male_actors_of_German_descent	Category:American_people_of_German_descent	Category:Best_Drama_Actor_Golden_Globe_(film)_winners	Category:21st-century_American_male_actors	Category:American_people_of_Welsh_descent	Category:David_di_Donatello_winners	Category:American_people_of_Irish_descent	Category:Method_actors	Category:Best_Actor_Academy_Award_winners	Category:American_male_film_actors	Category:Cannes_Film_Festival_Award_for_Best_Actor_winners	Category:American_people_of_English_descent
set1	Jay_Brannan	Lin-Manuel_Miranda	Category:Songwriters_from_New_York_(state)	Category:American_folk-pop_singers	Category:American_tenors	Category:Singers_from_New_York_City
set1	Jeremy_Brett	Stanley_Holloway	Category:English_male_television_actors	Category:20th-century_English_singers	Category:English_male_stage_actors	Category:British_expatriate_male_actors_in_the_United_States	Category:20th-century_English_male_actors	Category:English_male_film_actors	Category:English_male_musical_theatre_actors	Category:20th-century_male_singers
set1	Otokar_Březina	Otokar_B%C5%99ezina	Category:Male_poets	Category:Czech_poets	Category:Symbolist_poets	Category:Czech_male_writers	Category:Czech_schoolteachers	Category:People_from_Po%C4%8D%C3%A1tky	Category:Czech_essayists
set1	Benjamin_Britten	Ralph_Vaughan_Williams	Category:Decca_Records_artists	Category:Male_opera_composers	Category:English_opera_composers	Category:English_classical_composers	Category:20th-century_classical_composers	Category:20th-century_English_musicians	Category:English_male_classical_composers	Category:Choral_composers	Category:Members_of_the_Order_of_Merit	Category:Royal_Philharmonic_Society_Gold_Medallists	Category:British_ballet_composers
set1	Ana_Brnabić	Sirimavo_Bandaranaike	Category:Women_prime_ministers	Category:21st-century_women_politicians	Category:Female_heads_of_government
set1	Bronski_Beat	Art_of_Noise	Category:Musical_groups_from_London	Category:Musical_groups_established_in_1983	Category:English_electronic_music_groups	Category:English_new_wave_musical_groups	Category:British_synth-pop_new_wave_groups
set1	Ashlynn_Brooke	Bonnie_Rotten	Category:American_pornographic_film_directors	Category:American_pornographic_film_actresses	Category:Women_pornographic_film_directors	Category:American_erotic_dancers	Category:American_female_adult_models	Category:American_female_erotic_dancers	Category:American_pornographic_film_producers
set1	Rupert_Brooke	Herbert_Read	Category:20th-century_English_poets	Category:20th-century_English_male_writers	Category:English_World_War_I_poets
set1	Louise_Brooks	Doris_Eaton_Travis	Category:20th-century_American_actresses	Category:American_silent_film_actresses	Category:Ziegfeld_girls	Category:American_memoirists	Category:American_female_dancers	Category:American_women_memoirists	Category:American_film_actresses
set1	Romaine_Brooks	Margaret_Lesley_Bush-Brown	Category:20th-century_American_women_artists	Category:American_women_painters	Category:19th-century_American_painters	Category:American_portrait_painters	Category:20th-century_American_painters	Category:19th-century_American_women_artists
set1	Nicole_Brossard	Anne_H%C3%A9bert	Category:Canadian_women_poets	Category:Governor_General%27s_Award-winning_poets	Category:20th-century_Canadian_poets	Category:Prix_Athanase-David_winners	Category:Canadian_poets_in_French	Category:20th-century_Canadian_women_writers
set1	Kate_Brown	Maggie_Hassan	Category:Women_state_governors_of_the_United_States	Category:Democratic_Party_state_governors_of_the_United_States	Category:21st-century_American_women_politicians	Category:20th-century_American_lawyers
set1	Rita_Mae_Brown	Kate_Wilhelm	Category:20th-century_American_women_writers	Category:American_women_novelists	Category:21st-century_American_novelists	Category:American_mystery_writers	Category:Women_mystery_writers	Category:20th-century_American_novelists	Category:21st-century_American_women_writers
set1	Carrie_Brownstein	Judy_Collins	Category:21st-century_American_women_guitarists	Category:21st-century_American_guitarists	Category:21st-century_American_women_singers	Category:Singers_from_Washington_(state)	Category:Guitarists_from_Washington_(state)	Category:Musicians_from_Seattle
set1	Erik_Bruhn	Mads_Mikkelsen	Category:Danish_expatriates_in_Canada	Category:20th-century_Danish_male_actors
set1	Bryher_(novelist)	Vera_Brittain	Category:English_women_novelists	Category:20th-century_English_novelists	Category:English_women_poets	Category:20th-century_English_women_writers	Category:EngvarB_from_August_2014	Category:Women_memoirists	Category:English_memoirists
set1	Horst_Buchholz	Tom_Schilling	Category:German_Film_Award_winners	Category:German_male_film_actors	Category:Male_actors_from_Berlin
set1	Concha_Buika	Julio_Iglesias	Category:French-language_singers	Category:Spanish_emigrants_to_the_United_States	Category:English-language_singers_from_Spain	Category:Portuguese-language_singers	Category:21st-century_Spanish_singers
set1	Victor_Buono	Morris_Ankrum	Category:American_male_television_actors	Category:American_male_radio_actors	Category:20th-century_American_male_actors	Category:American_male_stage_actors	Category:American_male_film_actors
set1	Guy_Burgess	Kim_Philby	Category:People_granted_political_asylum_in_the_Soviet_Union	Category:British_spies_for_the_Soviet_Union	Category:British_intelligence_personnel_who_defected_to_the_Soviet_Union	Category:Soviet_spies	Category:Foreign_Office_personnel_of_World_War_II	Category:Alumni_of_Trinity_College,_Cambridge
set1	Tituss_Burgess	James_Brown	Category:American_male_singers	Category:Musicians_from_Georgia_(U.S._state)	Category:American_tenors
set1	Pete_Burns	Gary_Numan	Category:20th-century_English_singers	Category:Male_new_wave_singers	Category:21st-century_English_singers	Category:British_synth-pop_new_wave_musicians	Category:21st-century_male_singers	Category:English_new_wave_musicians	Category:20th-century_male_singers
set1	Raymond_Burr	Barry_Pepper	Category:Canadian_people_of_Scottish_descent	Category:Canadian_people_of_English_descent	Category:Canadian_people_of_Irish_descent	Category:Canadian_male_film_actors	Category:20th-century_American_male_actors	Category:Male_actors_from_British_Columbia	Category:Canadian_male_television_actors	Category:20th-century_Canadian_male_actors
set1	William_S._Burroughs	John_Updike	Category:American_male_novelists	Category:20th-century_American_short_story_writers	Category:20th-century_American_poets	Category:American_erotica_writers	Category:Members_of_the_American_Academy_of_Arts_and_Letters	Category:American_male_short_story_writers	Category:20th-century_American_novelists	Category:American_male_poets	Category:Postmodern_writers
set1	David_Burtka	David_Wayne	Category:Male_actors_from_Michigan	Category:20th-century_American_male_actors	Category:American_male_musical_theatre_actors	Category:American_male_film_actors
set1	Gary_Burton	Chick_Corea	Category:American_jazz_composers	Category:Grammy_Award_winners	Category:GRP_All-Star_Big_Band_members	Category:ECM_Records_artists	Category:GRP_Records_artists
set1	Sylvano_Bussotti	Aldo_Clementi	Category:21st-century_classical_composers	Category:20th-century_classical_composers	Category:Italian_male_classical_composers	Category:Pupils_of_Karlheinz_Stockhausen	Category:20th-century_Italian_composers	Category:21st-century_male_musicians	Category:20th-century_Italian_male_musicians
set1	Judith_Butler	Noam_Chomsky	Category:Philosophers_of_psychology	Category:Social_critics	Category:Metaphysicians	Category:Mass_media_theorists	Category:Social_philosophers	Category:Moral_philosophers	Category:Philosophers_of_culture	Category:20th-century_American_non-fiction_writers	Category:Cultural_critics	Category:Corresponding_Fellows_of_the_British_Academy	Category:21st-century_philosophers	Category:Philosophers_of_history	Category:21st-century_American_philosophers	Category:American_political_philosophers	Category:Philosophy_writers	Category:Ontologists	Category:21st-century_American_non-fiction_writers	Category:Philosophers_of_education	Category:Philosophers_of_ethics_and_morality	Category:20th-century_American_philosophers	Category:Environmental_philosophers	Category:Contemporary_philosophers	Category:Jewish_anti-Zionism_in_the_United_States	Category:Jewish_socialists	Category:American_ethicists	Category:Political_philosophers	Category:Jewish_philosophers	Category:Epistemologists	Category:American_social_commentators	Category:Philosophers_of_science
set1	Pete_Buttigieg	Adam_Kokesh	Category:21st-century_American_non-fiction_writers	Category:Candidates_in_the_2020_United_States_presidential_election	Category:Candidates_in_the_2010_United_States_elections	Category:21st-century_American_male_writers
set1	Spring_Byington	Laraine_Day	Category:20th-century_American_actresses	Category:American_radio_actresses	Category:American_television_actresses	Category:American_stage_actresses	Category:Metro-Goldwyn-Mayer_contract_players	Category:American_film_actresses	Category:RKO_Pictures_contract_players
set1	Lord_Byron	Ada_Lovelace	Category:Byron_family	Category:Burials_in_Nottinghamshire	Category:Lord_Byron	Category:19th-century_English_nobility	Category:English_people_of_Scottish_descent	Category:Burials_at_the_Church_of_St_Mary_Magdalene,_Hucknall
set1	Jean-Daniel_Cadinot	Greg_Lansky	Category:French_pornographic_film_producers	Category:French_pornographic_film_directors
set1	Paul_Cadmus	Vaclav_Vytlacil	Category:American_male_painters	Category:Modern_painters	Category:Art_Students_League_of_New_York_alumni	Category:20th-century_American_printmakers	Category:20th-century_American_painters	Category:Painters_from_New_York_(state)
set1	Julius_Caesar	Sulla	Category:1st-century_BC_Romans	Category:Roman_governors_of_Hispania	Category:Senators_of_the_Roman_Republic	Category:Ancient_Roman_generals	Category:Ancient_Roman_dictators	Category:Roman_Republican_consuls	Category:1st-century_BC_rulers	Category:Roman_patricians
set1	John_Cage	Philip_Glass	Category:Male_opera_composers	Category:20th-century_American_composers	Category:American_male_classical_composers	Category:Converts_to_Buddhism	Category:American_classical_composers	Category:American_contemporary_classical_composers	Category:20th-century_classical_composers	Category:Contemporary_classical_music_performers	Category:Fellows_of_the_American_Academy_of_Arts_and_Sciences	Category:American_opera_composers
set1	Claude_Cahun	Sophie_Calle	Category:Jewish_artists	Category:20th-century_French_women_artists	Category:20th-century_women_photographers	Category:French_Jews	Category:20th-century_photographers	Category:French_women_photographers	Category:Jewish_feminists
set1	Caligula	Julia_Drusilla	Category:Burials_at_the_Mausoleum_of_Augustus	Category:Children_of_Germanicus	Category:Incest	Category:Julii_Caesares	Category:Julio-Claudian_dynasty
set1	Simon_Callow	Mark_Rylance	Category:English_theatre_directors	Category:English_male_television_actors	Category:English_male_stage_actors	Category:Theatre_World_Award_winners	Category:English_male_film_actors	Category:Royal_Shakespeare_Company_members	Category:Audiobook_narrators
set1	Anna_Calvi	Mia_Rose	Category:21st-century_English_singers	Category:English_women_guitarists	Category:English_singer-songwriters	Category:21st-century_English_women_singers	Category:21st-century_British_guitarists
set1	Javier_Calvo_(actor)	Adam_Jezierski	Category:Male_actors_from_Madrid	Category:Spanish_male_film_actors	Category:Spanish_male_television_actors	Category:Spanish_male_stage_actors
set1	Jean_Jacques_Régis_de_Cambacérès	Charles-Fran%C3%A7ois_Lebrun	Category:Burials_at_P%C3%A8re_Lachaise_Cemetery	Category:Dukes_of_Parma	Category:Heads_of_state_of_France	Category:18th-century_heads_of_state_of_France	Category:French_Consulate	Category:19th-century_heads_of_state_of_France	Category:Dukes_of_the_First_French_Empire	Category:People_of_the_French_Revolution
set1	Truman_Capote	Ed_McBain	Category:American_male_novelists	Category:American_memoirists	Category:20th-century_memoirists	Category:Novelists_from_New_York_(state)	Category:Screenwriters_from_New_York_(state)	Category:American_male_short_story_writers	Category:American_male_non-fiction_writers	Category:American_male_screenwriters	Category:20th-century_American_dramatists_and_playwrights	Category:American_male_dramatists_and_playwrights	Category:20th-century_American_male_writers	Category:20th-century_American_novelists	Category:Edgar_Award_winners
set1	Gia_Carangi	Nancy_Spungen	Category:Burials_in_Pennsylvania	Category:People_from_Philadelphia
set1	Pierre_Cardin	Bernard_Arnault	Category:20th-century_French_businesspeople	Category:French_businesspeople_in_fashion	Category:Dior_people	Category:21st-century_French_businesspeople
set1	Brandi_Carlile	Neko_Case	Category:American_country_singer-songwriters	Category:American_female_country_singers	Category:Songwriters_from_Washington_(state)	Category:21st-century_American_women_singers	Category:Female_rock_singers	Category:American_female_singer-songwriters	Category:Singers_from_Washington_(state)
set1	Magnus_Carlsson	M%C3%A5ns_Zelmerl%C3%B6w	Category:Swedish-language_singers	Category:Swedish_pop_singers	Category:Swedish_male_singers	Category:Melodifestivalen_contestants	Category:English-language_singers_from_Sweden
set1	Vanessa_Carlton	Rachael_Yamagata	Category:21st-century_American_women_singers	Category:21st-century_American_women_pianists	Category:21st-century_American_pianists	Category:American_pop_singers	Category:American_pop_pianists	Category:American_female_singer-songwriters	Category:American_female_pop_singers
set1	Marcel_Carné	Andrzej_Wajda	Category:Recipients_of_the_Praemium_Imperiale	Category:European_Film_Awards_winners_(people)	Category:C%C3%A9sar_Honorary_Award_recipients
set1	Dora_Carrington	Maria_Zambaco	Category:20th-century_British_women_artists	Category:20th-century_English_painters	Category:English_women_painters
set1	Jim_Carroll	Richard_Hell	Category:Punk_poets	Category:American_male_novelists	Category:21st-century_American_novelists	Category:American_punk_rock_singers	Category:21st-century_American_male_writers	Category:20th-century_American_novelists	Category:American_male_poets	Category:20th-century_American_male_writers	Category:21st-century_American_poets
set1	Aaron_Carter	Nick_Carter_(musician)	Category:20th-century_American_singers	Category:People_from_Ruskin,_Florida	Category:American_male_child_actors	Category:Singers_from_Florida	Category:Male_actors_from_Florida	Category:21st-century_American_male_actors	Category:Participants_in_American_reality_television_series	Category:American_pop_singers	Category:American_child_singers	Category:American_male_film_actors	Category:Jive_Records_artists	Category:Musicians_from_Tampa,_Florida
set1	Charlie_Carver	Dylan_Sprouse	Category:American_male_television_actors	Category:Twin_people_from_the_United_States	Category:21st-century_American_male_actors	Category:Identical_twin_male_actors	Category:American_male_film_actors
set1	Giacomo_Casanova	Joseph_de_Maistre	Category:18th-century_male_writers	Category:Italian_writers_in_French	Category:18th-century_Italian_writers	Category:18th-century_Italian_male_writers	Category:Italian_Freemasons
set1	Roger_Casement	Augusta,_Lady_Gregory	Category:20th-century_Anglo-Irish_people	Category:19th-century_Anglo-Irish_people
set1	Neal_Cassady	Wilford_Woodruff	Category:Harv_and_Sfn_multiple-target_errors	Category:Writers_from_Salt_Lake_City
set1	Jack_Cassidy	Gene_Kelly	Category:American_male_television_actors	Category:20th-century_American_singers	Category:Male_actors_of_German_descent	Category:American_male_singers	Category:American_people_of_German_descent	Category:American_male_stage_actors	Category:American_people_of_Irish_descent	Category:American_male_musical_theatre_actors	Category:American_male_film_actors	Category:20th-century_male_singers
set1	Willa_Cather	Carol_Shields	Category:American_women_short_story_writers	Category:20th-century_American_short_story_writers	Category:American_women_novelists	Category:20th-century_American_poets	Category:American_women_biographers	Category:American_women_non-fiction_writers	Category:20th-century_American_biographers	Category:20th-century_American_novelists	Category:American_women_poets
set1	Catullus	Ovid	Category:Elegiac_poets	Category:Golden_Age_Latin_writers	Category:1st-century_BC_Romans
set1	Constantine_P._Cavafy	Demis_Roussos	Category:People_from_Alexandria	Category:Egyptian_people_of_Greek_descent	Category:Greek_Orthodox_Christians_from_Egypt
set1	Cazwell	Aesop_Rock	Category:American_electronic_musicians	Category:East_Coast_hip_hop_musicians	Category:American_male_rappers	Category:21st-century_American_rappers
set1	Benvenuto_Cellini	Bartolommeo_Bandinelli	Category:Italian_male_painters	Category:Artists_from_Florence	Category:Italian_male_sculptors	Category:Italian_Mannerist_sculptors
set1	Luis_Cernuda	Pedro_Salinas	Category:20th-century_Spanish_male_writers	Category:20th-century_Spanish_poets	Category:20th-century_translators	Category:Exiles_of_the_Spanish_Civil_War_in_the_United_States	Category:Generation_of_%2727	Category:French%E2%80%93Spanish_translators
set1	Mário_Cesariny_de_Vasconcelos	Jos%C3%A9_de_Almada_Negreiros	Category:20th-century_male_artists	Category:Portuguese_male_poets	Category:Portuguese_male_painters	Category:20th-century_Portuguese_poets	Category:20th-century_Portuguese_painters	Category:20th-century_male_writers
set1	Richard_Chamberlain	Kelsey_Grammer	Category:American_male_television_actors	Category:Best_Drama_Actor_Golden_Globe_(television)_winners	Category:Male_actors_from_Beverly_Hills,_California	Category:21st-century_American_male_actors	Category:American_male_stage_actors	Category:American_male_film_actors
set1	Tracy_Chapman	Judy_Collins	Category:21st-century_American_women_guitarists	Category:21st-century_American_guitarists	Category:American_folk_guitarists	Category:American_acoustic_guitarists	Category:Grammy_Award_winners	Category:21st-century_American_women_singers	Category:Atlantic_Records_artists	Category:Elektra_Records_artists	Category:20th-century_American_guitarists	Category:20th-century_American_women_singers	Category:American_folk_singers	Category:20th-century_American_women_guitarists
set1	Greyson_Chance	Austin_Mahone	Category:Internet_memes	Category:American_male_pop_singers	Category:Singers_from_Texas	Category:Male_YouTubers	Category:American_YouTubers	Category:American_child_singers
set1	Krzysztof_Charamsa	Leonardo_Boff	Category:20th-century_Roman_Catholic_priests	Category:Laicized_Roman_Catholic_priests
set1	Bruce_Chatwin	Maurice_Baring	Category:20th-century_English_male_writers	Category:20th-century_English_novelists	Category:English_travel_writers	Category:English_male_novelists	Category:English_male_non-fiction_writers
set1	John_Cheever	Richard_Yates_(novelist)	Category:American_male_novelists	Category:People_from_Briarcliff_Manor,_New_York	Category:Novelists_from_Massachusetts	Category:20th-century_American_male_writers	Category:American_male_short_story_writers	Category:Novelists_from_Iowa	Category:20th-century_American_novelists	Category:Iowa_Writers%27_Workshop_faculty	Category:Boston_University_faculty
set1	Patrice_Chéreau	Roman_Polanski	Category:French_male_film_actors	Category:Directors_of_Golden_Bear_winners	Category:Best_Director_C%C3%A9sar_Award_winners	Category:French_film_directors	Category:Best_Director_Lumi%C3%A8res_Award_winners	Category:Male_actors_from_Paris
set1	Marc_Cherry	Conan_O%27Brien	Category:Television_producers_from_California	Category:American_male_television_writers	Category:Screenwriters_from_California
set1	Neneh_Cherry	Elliphant	Category:21st-century_Swedish_women_singers	Category:Swedish_hip_hop_musicians	Category:English-language_singers_from_Sweden	Category:Singers_from_Stockholm	Category:Swedish_singer-songwriters	Category:21st-century_Swedish_singers
set1	C._J._Cherryh	James_E._Gunn_(writer)	Category:20th-century_American_short_story_writers	Category:SFWA_Grand_Masters	Category:Novelists_from_Missouri	Category:21st-century_American_novelists	Category:20th-century_American_novelists	Category:American_science_fiction_writers	Category:21st-century_American_short_story_writers	Category:Hugo_Award-winning_writers
set1	Leslie_Cheung	Alan_Tam	Category:Hong_Kong_male_film_actors	Category:21st-century_Hong_Kong_singers	Category:20th-century_Hong_Kong_singers	Category:Ballad_musicians	Category:Hong_Kong_Mandopop_singers	Category:Hong_Kong_idols	Category:Hong_Kong_songwriters	Category:21st-century_Hong_Kong_male_actors	Category:Hong_Kong_male_television_actors	Category:Hong_Kong_male_singers	Category:20th-century_Hong_Kong_male_actors	Category:Cantopop_singers
set1	Georgy_Chicherin	Leon_Trotsky	Category:Russian_Marxists	Category:Russian_Social_Democratic_Labour_Party_members	Category:Russian_socialists	Category:Mensheviks	Category:Russian_anti-fascists	Category:Russian_anti-capitalists	Category:Treaty_of_Brest-Litovsk_negotiators	Category:Russian_communists
set1	Margaret_Cho	Maria_Bamford	Category:20th-century_American_actresses	Category:American_women_comedians	Category:20th-century_American_comedians	Category:21st-century_American_actresses	Category:21st-century_American_comedians	Category:Actresses_from_California	Category:Comedians_from_California	Category:American_stand-up_comedians
set1	William_Christie_(musician)	Semyon_Bychkov_(conductor)	Category:20th-century_American_conductors_(music)	Category:American_male_conductors_(music)	Category:20th-century_American_male_musicians	Category:21st-century_American_male_musicians	Category:21st-century_American_conductors_(music)
set1	Christina,_Queen_of_Sweden	Ulrika_Eleonora,_Queen_of_Sweden	Category:Dukes_of_Bremen_and_Verden	Category:Rulers_of_Finland	Category:Women_rulers_of_Finland	Category:Queens_regnant	Category:Monarchs_who_abdicated
set1	Peter_Christopherson	Richard_H._Kirk	Category:English_electronic_musicians	Category:English_keyboardists	Category:English_experimental_musicians
set1	Arthur_C._Clarke	Michael_Moorcock	Category:21st-century_English_novelists	Category:Nebula_Award_winners	Category:SFWA_Grand_Masters	Category:20th-century_English_novelists	Category:Pulp_fiction_writers	Category:Science_Fiction_Hall_of_Fame_inductees	Category:English_science_fiction_writers	Category:Weird_fiction_writers
set1	Kevin_Clash	Caroll_Spinney	Category:Muppet_performers	Category:American_male_writers	Category:Sesame_Street_Muppeteers	Category:American_puppeteers
set1	Garrett_Clayton	Dul%C3%A9_Hill	Category:American_male_television_actors	Category:American_male_child_actors	Category:21st-century_American_male_actors	Category:American_male_dancers	Category:American_male_film_actors
set1	Van_Cliburn	Dennis_Russell_Davies	Category:20th-century_classical_pianists	Category:American_classical_pianists	Category:Juilliard_School_alumni	Category:21st-century_classical_pianists	Category:21st-century_American_pianists	Category:Male_classical_pianists	Category:American_male_pianists	Category:20th-century_American_pianists
set1	Montgomery_Clift	John_Cromwell_(director)	Category:American_male_stage_actors	Category:20th-century_American_male_actors	Category:American_male_film_actors	Category:American_people_of_Scottish_descent	Category:American_people_of_English_descent
set1	Jean_Cocteau	Marcel_Pagnol	Category:Members_of_the_Acad%C3%A9mie_Fran%C3%A7aise	Category:French_poets	Category:French_short_story_writers	Category:French_novelists	Category:French_children%27s_writers	Category:French_screenwriters	Category:20th-century_French_dramatists_and_playwrights	Category:French_writers	Category:French_film_directors	Category:French_dramatists_and_playwrights	Category:French_essayists
set1	Cœur_de_pirate	Feist_(singer)	Category:21st-century_Canadian_singers	Category:Canadian_female_pop_singers	Category:Canadian_indie_pop_musicians	Category:Canadian_singer-songwriters	Category:21st-century_Canadian_women_singers	Category:21st-century_Canadian_pianists
set1	Roy_Cohn	Eliot_Spitzer	Category:Jewish_American_attorneys	Category:New_York_(state)_Democrats	Category:Horace_Mann_School_alumni
set1	Richard_Coles	Rowan_Williams	Category:Alumni_of_the_College_of_the_Resurrection	Category:21st-century_English_Anglican_priests
set1	Colette	Romain_Rolland	Category:20th-century_French_novelists	Category:French_poets	Category:French_short_story_writers	Category:French_novelists	Category:French_children%27s_writers	Category:19th-century_French_novelists	Category:Writers_from_Bourgogne-Franche-Comt%C3%A9	Category:French_writers	Category:French_dramatists_and_playwrights	Category:French_essayists
set1	Chris_Colfer	David_Benioff	Category:American_male_novelists	Category:21st-century_American_novelists	Category:American_fantasy_writers	Category:21st-century_American_screenwriters	Category:Screenwriters_from_California	Category:21st-century_American_male_writers	Category:American_male_screenwriters
set1	Jason_Collins	Brook_Lopez	Category:Parade_High_School_All-Americans_(boys%27_basketball)	Category:Identical_twins	Category:Basketball_players_from_Los_Angeles	Category:Twin_sportspeople	Category:Twin_people_from_the_United_States	Category:New_Jersey_Nets_players	Category:Stanford_Cardinal_men%27s_basketball_players	Category:Centers_(basketball)	Category:American_men%27s_basketball_players	Category:McDonald%27s_High_School_All-Americans	Category:All-American_college_men%27s_basketball_players	Category:Brooklyn_Nets_players
set1	Bill_Condon	Jim_Jarmusch	Category:Columbia_College_(New_York)_alumni	Category:Film_directors_from_New_York_City	Category:American_people_of_Irish_descent	Category:Screenwriters_from_New_York_(state)	Category:American_male_screenwriters
set1	Kevin_Conroy	Kevin_Kline	Category:American_male_television_actors	Category:American_male_Shakespearean_actors	Category:Juilliard_School_alumni	Category:American_male_voice_actors	Category:21st-century_American_male_actors	Category:American_people_of_Irish_descent	Category:20th-century_American_male_actors	Category:American_male_stage_actors	Category:American_male_film_actors
set1	Tim_Cook	Steve_Jobs	Category:Directors_of_Apple_Inc.	Category:20th-century_American_businesspeople	Category:Apple_Inc._executives	Category:American_technology_chief_executives	Category:American_computer_businesspeople	Category:21st-century_American_businesspeople
set1	Anderson_Cooper	Dan_Rather	Category:American_television_news_anchors	Category:60_Minutes_correspondents	Category:Journalists_from_New_York_City	Category:20th-century_American_journalists	Category:American_war_correspondents	Category:American_male_journalists
set1	Copi	Roberto_Arlt	Category:Argentine_dramatists_and_playwrights	Category:Writers_from_Buenos_Aires	Category:20th-century_dramatists_and_playwrights
set1	Aaron_Copland	George_Gershwin	Category:20th-century_classical_pianists	Category:Male_opera_composers	Category:20th-century_American_composers	Category:American_classical_pianists	Category:Jewish_American_film_score_composers	Category:20th-century_classical_composers	Category:American_people_of_Russian-Jewish_descent	Category:American_opera_composers	Category:Congressional_Gold_Medal_recipients	Category:Male_film_score_composers	Category:American_male_pianists	Category:American_film_score_composers	Category:Composers_for_piano	Category:American_people_of_Lithuanian-Jewish_descent	Category:20th-century_American_pianists	Category:Jewish_American_classical_composers
set1	Allan_Corduner	Jason_Isaacs	Category:English_male_television_actors	Category:Male_actors_from_London	Category:English_people_of_Russian-Jewish_descent	Category:English_male_film_actors	Category:English_male_voice_actors	Category:Jewish_English_male_actors
set1	Dean_Corll	Albert_DeSalvo	Category:United_States_Army_soldiers	Category:American_male_criminals	Category:1973_murders_in_the_United_States	Category:American_rapists	Category:Male_serial_killers	Category:20th-century_American_criminals	Category:American_serial_killers
set1	Jessica_Cornish	Dua_Lipa	Category:Brit_Award_winners	Category:English_feminists	Category:British_contemporary_R%26B_singers	Category:English_women_in_electronic_music	Category:Electropop_musicians	Category:21st-century_English_women_singers	Category:Feminist_musicians	Category:Synth-pop_singers	Category:English_mezzo-sopranos
set1	Patricia_Cornwell	Sara_Paretsky	Category:20th-century_American_women_writers	Category:American_women_novelists	Category:21st-century_American_novelists	Category:American_mystery_writers	Category:Women_mystery_writers	Category:Anthony_Award_winners	Category:20th-century_American_novelists	Category:21st-century_American_women_writers	Category:Edgar_Award_winners
set1	Douglas_Coupland	Dany_Laferri%C3%A8re	Category:21st-century_Canadian_male_writers	Category:20th-century_Canadian_male_writers	Category:20th-century_Canadian_screenwriters	Category:21st-century_Canadian_screenwriters	Category:Officers_of_the_Order_of_Canada	Category:Canadian_male_novelists	Category:20th-century_Canadian_novelists
set1	Noël_Coward	Charlie_Chaplin	Category:Actors_awarded_knighthoods	Category:Male_actors_from_London	Category:20th-century_English_male_actors	Category:Academy_Honorary_Award_recipients	Category:English_expatriates_in_Switzerland	Category:English_male_film_actors	Category:Composers_awarded_knighthoods
set1	Henry_Cowell	Leo_Ornstein	Category:Modernist_composers	Category:20th-century_American_composers	Category:American_classical_composers	Category:American_contemporary_classical_composers	Category:20th-century_classical_composers	Category:20th-century_American_male_musicians	Category:Pupils_of_Percy_Goetschius	Category:Contemporary_classical_music_performers	Category:Composers_with_IMSLP_links
set1	Patrick_Cowley	Gloria_Gaynor	Category:American_dance_musicians	Category:American_disco_musicians	Category:American_Hi-NRG_musicians
set1	Larry_Craig	Justin_Amash	Category:Members_of_the_United_States_Congress_stripped_of_committee_assignment	Category:Republican_Party_members_of_the_United_States_House_of_Representatives
set1	Hart_Crane	Kenneth_Koch	Category:20th-century_American_poets	Category:20th-century_American_male_writers	Category:American_male_poets	Category:Poets_from_Ohio
set1	Darby_Crash	Pat_Smear	Category:University_High_School_(Los_Angeles)_alumni	Category:Germs_(band)_members
set1	Auliʻi_Cravalho	Kelly_Hu	Category:21st-century_American_actresses	Category:American_actresses_of_Chinese_descent	Category:Native_Hawaiian_actresses	Category:American_voice_actresses	Category:Kamehameha_Schools_alumni
set1	Wendy_Crewson	Kathleen_Robertson	Category:20th-century_Canadian_actresses	Category:Canadian_film_actresses	Category:Canadian_expatriate_actresses_in_the_United_States	Category:Actresses_from_Hamilton,_Ontario	Category:Canadian_television_actresses	Category:21st-century_Canadian_actresses
set1	Quentin_Crisp	Basil_Rathbone	Category:English_male_television_actors	Category:English_male_stage_actors	Category:English_expatriates_in_the_United_States	Category:20th-century_English_male_actors	Category:English_male_film_actors
set1	Aleister_Crowley	Anna_Kingsford	Category:19th-century_English_poets	Category:English_occultists	Category:Founders_of_new_religious_movements	Category:English_mountain_climbers	Category:Magick	Category:English_spiritual_writers	Category:Biography_with_signature	Category:English_occult_writers
set1	Juana_Inés_de_la_Cruz	Juana_In%C3%A9s_de_la_Cruz	Category:Mexican_women_poets	Category:Mexican_people_of_Spanish_descent	Category:Spanish_Baroque_people	Category:Mexican_philosophers	Category:Mexican_people_of_Basque_descent	Category:Women_encyclopedists	Category:Hieronymite_nuns	Category:17th-century_Mexican_people	Category:Roman_Catholic_writers	Category:Spanish_Catholic_poets	Category:Mexican_Roman_Catholic_religious_sisters_and_nuns	Category:Baroque_writers	Category:Mexican_nobility	Category:Mexican_women_philosophers	Category:Mexican_women_dramatists_and_playwrights	Category:Sonneteers	Category:Juana_In%C3%A9s_de_la_Cruz	Category:17th-century_writers	Category:People_of_New_Spain	Category:17th-century_Mexican_writers
set1	Nilo_Cruz	Lin-Manuel_Miranda	Category:Hispanic_and_Latino_American_dramatists_and_playwrights	Category:Pulitzer_Prize_for_Drama_winners	Category:21st-century_American_dramatists_and_playwrights	Category:American_male_dramatists_and_playwrights
set1	Orlando_Cruz	Jos%C3%A9_Pedraza_(boxer)	Category:Lightweight_boxers	Category:Olympic_boxers_of_Puerto_Rico	Category:Puerto_Rican_male_boxers
set1	Wilson_Cruz	Martin_Landau	Category:American_male_television_actors	Category:People_from_Brooklyn	Category:21st-century_American_male_actors	Category:American_male_stage_actors	Category:20th-century_American_male_actors	Category:Male_actors_from_New_York_City	Category:American_male_film_actors
set1	George_Cukor	Mike_Nichols	Category:Best_Directing_Academy_Award_winners	Category:Filmmakers_who_won_the_Best_Film_BAFTA_Award	Category:Film_directors_from_New_York_City	Category:Best_Director_Golden_Globe_winners	Category:Directors_Guild_of_America_Award_winners
set1	Countee_Cullen	Paul_Laurence_Dunbar	Category:American_male_novelists	Category:20th-century_American_poets	Category:African-American_novelists	Category:African-American_poets	Category:20th-century_American_novelists	Category:American_male_poets	Category:20th-century_American_male_writers
set1	Alan_Cumming	Peter_Capaldi	Category:Scottish_male_voice_actors	Category:20th-century_Scottish_male_actors	Category:Scottish_male_stage_actors	Category:Scottish_male_video_game_actors	Category:21st-century_Scottish_male_actors	Category:Scottish_screenwriters	Category:Scottish_male_film_actors	Category:Scottish_atheists
set1	Andrew_Cunanan	Leonard_Lake	Category:Serial_killers_who_committed_suicide	Category:American_male_criminals	Category:Male_serial_killers	Category:Male_suicides	Category:20th-century_American_criminals	Category:American_serial_killers
set1	Michael_Cunningham	Colson_Whitehead	Category:American_male_novelists	Category:PEN/Faulkner_Award_for_Fiction_winners	Category:Pulitzer_Prize_for_Fiction_winners	Category:21st-century_American_novelists	Category:21st-century_American_male_writers	Category:20th-century_American_novelists	Category:20th-century_American_male_writers	Category:Postmodern_writers
set1	Adrianne_Curry	Chris_Hardwick	Category:Science_fiction_fans	Category:American_people_of_Italian_descent
set1	Charlotte_Cushman	Horatio_Greenough	Category:Burials_at_Mount_Auburn_Cemetery	Category:American_expatriates_in_Italy
set1	Józef_Czapski	Gustaw_Herling-Grudzi%C5%84ski	Category:Polish_essayists	Category:20th-century_essayists	Category:Male_essayists	Category:Polish_male_writers	Category:Polish_Army_officers
set1	Da_Brat	Missy_Elliott	Category:20th-century_American_actresses	Category:African-American_female_rappers	Category:20th-century_American_singers	Category:21st-century_American_actresses	Category:American_television_actresses	Category:21st-century_American_women_singers	Category:Participants_in_American_reality_television_series	Category:20th-century_American_women_singers	Category:21st-century_American_rappers	Category:American_film_actresses	Category:African-American_actresses	Category:American_female_rappers
set1	Maria_Dąbrowska	Julian_Tuwim	Category:Golden_Laurel_of_the_Polish_Academy_of_Literature	Category:Recipients_of_the_Order_of_the_Banner_of_Work	Category:Polish_translators	Category:Burials_at_Pow%C4%85zki_Cemetery	Category:20th-century_translators
set1	Eva_Dahlgren	Elsa_Beskow	Category:Swedish_children%27s_writers	Category:Swedish_women_children%27s_writers	Category:Swedish-language_writers	Category:Swedish_women_writers
set1	Jeffrey_Dahmer	Joseph_James_DeAngelo	Category:1980s_murders_in_the_United_States	Category:Animal_cruelty_incidents	Category:American_male_criminals	Category:American_rapists	Category:American_prisoners_sentenced_to_life_imprisonment	Category:Child_sexual_abuse_in_the_United_States	Category:Male_serial_killers	Category:1978_murders_in_the_United_States	Category:20th-century_American_criminals	Category:American_serial_killers
set1	Tom_Daley	Chris_Mears_(diver)	Category:English_male_divers	Category:Medalists_at_the_2016_Summer_Olympics	Category:Divers_at_the_2012_Summer_Olympics	Category:Divers_at_the_2016_Summer_Olympics	Category:Divers_at_the_2018_Commonwealth_Games	Category:Divers_at_the_2014_Commonwealth_Games	Category:Olympic_divers_of_Great_Britain	Category:Olympic_medalists_in_diving	Category:Commonwealth_Games_medallists_in_diving	Category:Commonwealth_Games_gold_medallists_for_England	Category:Divers_at_the_2010_Commonwealth_Games
set1	Lucio_Dalla	Alberto_Sordi	Category:Italian_male_singers	Category:David_di_Donatello_winners	Category:Nastro_d%27Argento_winners	Category:Italian_Roman_Catholics	Category:Italian_male_composers	Category:20th-century_Italian_singers	Category:20th-century_male_singers
set1	Matt_Dallas	Leslie_Nielsen	Category:American_male_television_actors	Category:American_male_film_actors	Category:21st-century_American_male_actors	Category:Male_actors_from_Phoenix,_Arizona
set1	Joe_Dallesandro	Anthony_Michael_Hall	Category:American_male_television_actors	Category:American_people_of_Italian_descent	Category:21st-century_American_male_actors	Category:20th-century_American_male_actors	Category:Male_actors_from_New_York_City	Category:American_male_film_actors	Category:Male_actors_of_Italian_descent
set1	Anne_Seymour_Damer	Thomas_Banks	Category:18th-century_British_sculptors	Category:19th-century_British_sculptors
set1	Alain_Daniélou	Savitri_Devi	Category:Converts_to_Hinduism	Category:French_Hindus	Category:French_expatriates_in_India
set1	Dani_Daniels	Alexis_Amore	Category:American_pornographic_film_directors	Category:American_pornographic_film_actresses	Category:Women_pornographic_film_directors	Category:American_female_adult_models	Category:American_female_erotic_dancers	Category:Film_directors_from_California
set1	David_Daniels_(countertenor)	Joyce_DiDonato	Category:21st-century_American_opera_singers	Category:EMI_Classics_and_Virgin_Classics_artists	Category:20th-century_American_opera_singers	Category:Richard_Tucker_Award_winners
set1	Lee_Daniels	Mark_Webber_(actor)	Category:Writers_from_Philadelphia	Category:21st-century_American_male_actors	Category:Film_producers_from_Pennsylvania	Category:Screenwriters_from_Pennsylvania	Category:Male_actors_from_Philadelphia	Category:Film_directors_from_Pennsylvania	Category:American_male_screenwriters	Category:American_male_film_actors
set1	Stormy_Daniels	Jenna_Jameson	Category:American_pornographic_film_directors	Category:21st-century_American_actresses	Category:American_pornographic_film_actresses	Category:Women_pornographic_film_directors	Category:American_female_erotic_dancers	Category:Penthouse_Pets
set1	Rudi_van_Dantzig	Joop_den_Uyl	Category:People_from_Amsterdam	Category:Deaths_from_cancer_in_the_Netherlands
set1	Bella_Darvi	Pola_Negri	Category:20th-century_American_actresses	Category:Polish_film_actresses	Category:20th-century_Polish_actresses	Category:American_film_actresses	Category:Polish_emigrants_to_the_United_States
set1	Ram_Dass	Timothy_Leary	Category:Harvard_University_faculty	Category:Consciousness_researchers_and_theorists	Category:University_of_California,_Berkeley_faculty	Category:American_psychologists	Category:20th-century_psychologists	Category:Lysergic_acid_diethylamide	Category:Psychedelic_drug_advocates
set1	Jaye_Davidson	Andrew_Garfield	Category:American_emigrants_to_England	Category:American_male_film_actors	Category:English_male_film_actors
set1	Peter_Maxwell_Davies	Malcolm_Arnold	Category:20th-century_British_composers	Category:20th-century_classical_composers	Category:British_male_conductors_(music)	Category:Ivor_Novello_Award_winners	Category:20th-century_English_musicians	Category:English_male_classical_composers	Category:Knights_Bachelor	Category:Honorary_Members_of_the_Royal_Academy_of_Music	Category:Commanders_of_the_Order_of_the_British_Empire	Category:English_conductors_(music)	Category:Composers_awarded_knighthoods	Category:British_ballet_composers
set1	Terence_Davies	Mike_Leigh	Category:English_atheists	Category:EngvarB_from_August_2014	Category:English_dramatists_and_playwrights	Category:English_male_screenwriters	Category:English_male_dramatists_and_playwrights	Category:English_screenwriters
set1	Angela_Davis	Bell_hooks	Category:African-American_women_writers	Category:African-American_studies_scholars	Category:American_feminist_writers	Category:20th-century_African-American_activists	Category:American_Book_Award_winners	Category:African-American_feminists	Category:African-American_writers	Category:20th-century_American_women_writers	Category:Critical_theorists	Category:American_women_philosophers	Category:American_women_activists	Category:21st-century_African-American_activists	Category:American_feminists	Category:Postmodern_feminists	Category:Anti-poverty_advocates	Category:African-American_philosophers	Category:21st-century_American_women_writers
set1	Brad_Davis_(actor)	Donald_O%27Connor	Category:American_male_television_actors	Category:American_male_stage_actors	Category:20th-century_American_male_actors	Category:American_male_film_actors	Category:Burials_at_Forest_Lawn_Memorial_Park_(Hollywood_Hills)
set1	Clive_Davis	L.A._Reid	Category:Arista_Records	Category:American_chief_executives	Category:American_music_industry_executives	Category:World_Music_Awards_winners
set1	Shane_Dawson	PewDiePie	Category:YouTube_controversies	Category:YouTube_vloggers	Category:Male_YouTubers	Category:Streamy_Award_winners	Category:Internet-related_controversies	Category:Shorty_Award_winners
set1	James_Dean	Dustin_Hoffman	Category:Best_Drama_Actor_Golden_Globe_(film)_winners	Category:American_male_stage_actors	Category:Santa_Monica_College_alumni	Category:Method_actors	Category:American_male_film_actors
set1	The_Singing_Nun	Jacques_Brel	Category:20th-century_Belgian_singers	Category:20th-century_guitarists	Category:Belgian_singer-songwriters	Category:French-language_singers_of_Belgium
set1	Ellen_DeGeneres	Roseanne_Barr	Category:20th-century_American_actresses	Category:Activists_from_California	Category:American_women_comedians	Category:20th-century_American_writers	Category:20th-century_American_comedians	Category:21st-century_American_actresses	Category:American_television_actresses	Category:20th-century_American_women_writers	Category:21st-century_American_writers	Category:American_stand-up_comedians	Category:American_television_talk_show_hosts	Category:American_film_actresses	Category:American_voice_actresses	Category:21st-century_American_women_writers
set1	Andreas_Deja	Tyrus_Wong	Category:Annie_Award_winners	Category:American_animators	Category:Walt_Disney_Animation_Studios_people
set1	Thomas_Dekker_(actor)	Mark_Hamill	Category:American_male_television_actors	Category:American_male_voice_actors	Category:21st-century_American_male_actors	Category:American_people_of_Welsh_descent	Category:20th-century_American_male_actors	Category:American_male_soap_opera_actors	Category:American_male_film_actors	Category:American_people_of_English_descent
set1	Bertrand_Delanoë	Anne_Hidalgo	Category:Socialist_Party_(France)_politicians	Category:Mayors_of_Paris	Category:21st-century_French_politicians
set1	Samuel_R._Delany	Harlan_Ellison	Category:American_male_novelists	Category:American_comics_writers	Category:American_atheists	Category:Nebula_Award_winners	Category:SFWA_Grand_Masters	Category:Science_fiction_editors	Category:21st-century_American_non-fiction_writers	Category:American_erotica_writers	Category:American_literary_critics	Category:American_male_non-fiction_writers	Category:20th-century_American_novelists	Category:American_science_fiction_writers	Category:Science_Fiction_Hall_of_Fame_inductees	Category:Inkpot_Award_winners	Category:Hugo_Award-winning_writers
set1	Lea_DeLaria	Nancy_Wilson_(jazz_singer)	Category:21st-century_American_singers	Category:20th-century_American_actresses	Category:20th-century_American_singers	Category:21st-century_American_actresses	Category:American_television_actresses	Category:American_jazz_singers	Category:21st-century_American_women_singers	Category:20th-century_American_women_singers	Category:American_female_jazz_singers
set1	Elena_Della_Donne	Chiney_Ogwumike	Category:American_women%27s_basketball_players	Category:Universiade_gold_medalists_for_the_United_States	Category:All-American_college_women%27s_basketball_players	Category:Medalists_at_the_2011_Summer_Universiade	Category:McDonald%27s_High_School_All-Americans	Category:Universiade_medalists_in_basketball	Category:Parade_High_School_All-Americans_(girls%27_basketball)
set1	Cara_Delevingne	Poppy_Delevingne	Category:English_people_of_Jewish_descent	Category:English_people_of_Canadian_descent	Category:English_female_models	Category:Hulton_family	Category:People_educated_at_Bedales_School	Category:Models_from_London	Category:IMG_Models_models
set1	Charles_Demuth	Maurice_Prendergast	Category:American_male_painters	Category:American_watercolorists	Category:Acad%C3%A9mie_Colarossi_alumni	Category:Alumni_of_the_Acad%C3%A9mie_Julian	Category:20th-century_American_painters
set1	Robert_De_Niro,_Sr.	Elaine_de_Kooning	Category:Deaths_from_cancer_in_New_York_(state)	Category:Black_Mountain_College_alumni	Category:Abstract_expressionist_artists	Category:American_people_of_Irish_descent	Category:20th-century_American_painters	Category:American_Figurative_Expressionism	Category:Artists_from_New_York_City
set1	Virginie_Despentes	Marcel_Pagnol	Category:French_poets	Category:French_short_story_writers	Category:French_novelists	Category:French_children%27s_writers	Category:French_screenwriters	Category:French_writers	Category:French_film_directors	Category:French_dramatists_and_playwrights	Category:French_essayists
set1	Sonya_Deville	Brie_Bella	Category:American_professional_wrestlers_of_Italian_descent	Category:American_female_professional_wrestlers
set1	Abby_DeWald	Aly_%26_AJ	Category:Musical_groups_established_in_2004	Category:All-female_bands	Category:Musical_groups_from_Los_Angeles
set1	Juan_Pablo_Di_Pace	Leonardo_Sbaraglia	Category:Argentine_people_of_Italian_descent	Category:Male_actors_from_Buenos_Aires	Category:Argentine_male_television_actors	Category:21st-century_Argentine_male_actors
set1	Elio_Di_Rupo	Anne-Marie_Lizin	Category:Belgian_socialists	Category:Members_of_the_Senate_(Belgium)	Category:Mayors_of_places_in_Belgium	Category:Parti_Socialiste_(Belgium)_MEPs	Category:Members_of_the_Chamber_of_Representatives_(Belgium)	Category:Recipients_of_the_Grand_Cross_of_the_Order_of_Leopold_II
set1	Sergei_Diaghilev	Grand_Duke_Nicholas_Nikolaevich_of_Russia_(1856%E2%80%931929)	Category:Harv_and_Sfn_no-target_errors	Category:Imperial_Russian_emigrants_to_Italy
set1	Guillermo_Díaz_(actor)	Mel_Ferrer	Category:American_people_of_Cuban_descent	Category:Male_actors_from_New_Jersey	Category:American_male_film_actors	Category:Hispanic_and_Latino_American_male_actors
set1	Babe_Didrikson_Zaharias	Althea_Gibson	Category:American_female_golfers	Category:LPGA_Tour_golfers	Category:American_autobiographers	Category:Women_autobiographers
set1	Marlene_Dietrich	Dora_Gerson	Category:German_silent_film_actresses	Category:Torch_singers	Category:German_film_actresses	Category:20th-century_German_musicians	Category:20th-century_German_actresses	Category:German_stage_actresses	Category:Actresses_from_Berlin
set1	Ani_DiFranco	Ana%C3%AFs_Mitchell	Category:American_female_composers	Category:American_folk_guitarists	Category:21st-century_American_composers	Category:Grammy_Award_winners	Category:21st-century_American_women_singers	Category:Righteous_Babe_Records_artists	Category:American_singer-songwriters	Category:Feminist_musicians	Category:American_female_singer-songwriters	Category:American_folk_singers	Category:21st-century_women_composers
set1	Christian_Dior	Charles_de_Gaulle	Category:Coll%C3%A8ge_Stanislas_de_Paris_alumni	Category:French_military_personnel_of_World_War_II
set1	Divine_(Glen_Milstead)	Gloria_Gaynor	Category:American_dance_musicians	Category:American_disco_musicians	Category:American_pop_singers	Category:American_Hi-NRG_musicians
set1	Xavier_Dolan	Denis_Villeneuve	Category:French-language_film_directors	Category:Canadian_screenwriters_in_French	Category:Knights_of_the_National_Order_of_Quebec	Category:French_Quebecers	Category:Best_Screenplay_Genie_and_Canadian_Screen_Award_winners	Category:Best_Director_Genie_and_Canadian_Screen_Award_winners
set1	Dong_Xian	Ban_Chao	Category:Han_dynasty_generals_from_Shaanxi	Category:Han_dynasty_politicians_from_Shaanxi
set1	Emma_Donoghue	Carol_Shields	Category:21st-century_Canadian_short_story_writers	Category:Canadian_women_short_story_writers	Category:20th-century_Canadian_short_story_writers	Category:21st-century_Canadian_women_writers	Category:Canadian_women_novelists	Category:Canadian_women_non-fiction_writers	Category:20th-century_Canadian_women_writers	Category:20th-century_Canadian_novelists	Category:21st-century_Canadian_novelists
set1	Amanda_Donohoe	Sophia_Myles	Category:Actresses_from_London	Category:Actresses_of_Russian_descent	Category:21st-century_English_actresses	Category:English_stage_actresses	Category:20th-century_English_actresses	Category:English_film_actresses	Category:English_television_actresses	Category:English_people_of_Russian_descent
set1	Lord_Alfred_Douglas	Percy_Bysshe_Shelley	Category:19th-century_English_poets	Category:British_male_dramatists_and_playwrights	Category:British_male_poets	Category:English_male_novelists
set1	Matt_Doyle_(actor)	Chris_Isaak	Category:American_male_singer-songwriters	Category:21st-century_American_male_actors	Category:American_singer-songwriters	Category:Male_actors_from_California	Category:Songwriters_from_California	Category:American_male_film_actors
set1	Helene_von_Druskowitz	Felix_Mottl	Category:People_from_Hietzing	Category:19th-century_Austrian_people	Category:Austrian_untitled_nobility
set1	Carol_Ann_Duffy	Shamim_Azad	Category:21st-century_British_women_writers	Category:British_women_poets	Category:20th-century_British_poets	Category:20th-century_British_women_writers	Category:21st-century_British_poets
set1	Isadora_Duncan	Anna_Louise_Strong	Category:American_expatriates_in_the_Soviet_Union	Category:Western_writers_about_Soviet_Russia	Category:American_communists
set1	Eleonora_Duse	Lyda_Borelli	Category:Italian_stage_actresses	Category:Italian_silent_film_actresses	Category:20th-century_Italian_actresses
set1	Clea_DuVall	Sondra_Locke	Category:20th-century_American_actresses	Category:Actresses_from_Los_Angeles	Category:21st-century_American_actresses	Category:American_television_actresses	Category:American_film_actresses	Category:American_women_film_directors
set1	Andrea_Dworkin	Betty_Friedan	Category:American_tax_resisters	Category:American_feminist_writers	Category:20th-century_American_women_writers	Category:Feminist_theorists	Category:American_people_of_Russian-Jewish_descent	Category:American_people_of_Hungarian-Jewish_descent	Category:American_women%27s_rights_activists	Category:Jewish_feminists
set1	Thomas_Eakins	William_Rush	Category:Artists_from_Philadelphia	Category:Pennsylvania_Academy_of_the_Fine_Arts_faculty	Category:Sculptors_from_Pennsylvania	Category:American_male_sculptors	Category:19th-century_American_sculptors	Category:Burials_at_The_Woodlands_Cemetery
set1	Edward_II_of_England	Edward_III_of_England	Category:14th-century_peers_of_France	Category:14th-century_English_monarchs	Category:English_people_of_the_Wars_of_Scottish_Independence	Category:English_people_of_Spanish_descent	Category:House_of_Plantagenet	Category:English_people_of_French_descent	Category:Sons_of_kings
set1	Georges_Eekhoud	Fran%C3%A7ois_Weyergans	Category:20th-century_Belgian_novelists	Category:Belgian_male_novelists	Category:20th-century_Belgian_male_writers	Category:Belgian_writers_in_French
set1	Youri_Egorov	Mikhail_Rudy	Category:20th-century_classical_pianists	Category:Russian_classical_pianists	Category:Male_classical_pianists	Category:Moscow_Conservatory_alumni	Category:Soviet_defectors
set1	Sergei_Eisenstein	Vsevolod_Pudovkin	Category:Film_theorists	Category:Silent_film_directors	Category:Gerasimov_Institute_of_Cinematography_faculty	Category:Stalin_Prize_winners	Category:Recipients_of_the_Order_of_Lenin	Category:Soviet_film_directors
set1	Cássia_Eller	Caetano_Veloso	Category:Latin_Grammy_Award_winners	Category:20th-century_guitarists	Category:20th-century_Brazilian_singers	Category:M%C3%BAsica_Popular_Brasileira_guitarists	Category:Brazilian_atheists	Category:M%C3%BAsica_Popular_Brasileira_singers	Category:21st-century_guitarists	Category:21st-century_Brazilian_singers
set1	Denholm_Elliott	John_Hurt	Category:English_male_Shakespearean_actors	Category:English_male_television_actors	Category:English_male_stage_actors	Category:Best_Actor_BAFTA_Award_(television)_winners	Category:20th-century_English_male_actors	Category:Best_Supporting_Actor_BAFTA_Award_winners	Category:English_male_film_actors	Category:English_male_voice_actors	Category:Commanders_of_the_Order_of_the_British_Empire	Category:Alumni_of_the_Royal_Academy_of_Dramatic_Art
set1	Bret_Easton_Ellis	Tom_Robbins	Category:American_male_novelists	Category:21st-century_American_non-fiction_writers	Category:21st-century_American_novelists	Category:20th-century_American_non-fiction_writers	Category:American_satirists	Category:American_male_non-fiction_writers	Category:21st-century_American_male_writers	Category:20th-century_American_novelists	Category:20th-century_American_male_writers	Category:Postmodern_writers
set1	Ralph_Waldo_Emerson	Henry_David_Thoreau	Category:Lecturers	Category:Social_critics	Category:Social_philosophy	Category:19th-century_American_poets	Category:Harvard_College_alumni	Category:American_essayists	Category:People_from_Concord,_Massachusetts	Category:American_cultural_critics	Category:Social_philosophers	Category:Poets_from_Massachusetts	Category:American_diarists	Category:Philosophers_of_culture	Category:Philosophers_of_history	Category:American_spiritual_writers	Category:American_male_poets	Category:American_political_philosophers	Category:Philosophers_of_mind	Category:American_male_non-fiction_writers	Category:Biography_with_signature	Category:Philosophers_from_Massachusetts	Category:American_social_commentators
set1	Roland_Emmerich	Wim_Wenders	Category:University_of_Television_and_Film_Munich_alumni	Category:German_expatriates_in_the_United_States
set1	Magnus_Enckell	Akseli_Gallen-Kallela	Category:Finnish_male_painters	Category:20th-century_Finnish_painters	Category:20th-century_male_artists	Category:Alumni_of_the_Acad%C3%A9mie_Julian	Category:Swedish-speaking_Finns
set1	Epaminondas	Pelopidas	Category:Ancient_Greek_generals	Category:Ancient_Theban_generals	Category:Theban_hegemony
set1	Brian_Epstein	Ronald_Harwood	Category:English_Jews	Category:English_people_of_Lithuanian-Jewish_descent	Category:Alumni_of_the_Royal_Academy_of_Dramatic_Art
set1	Magdalena_Eriksson	Sofia_Jakobsson	Category:Swedish_women%27s_footballers	Category:Olympic_medalists_in_football	Category:Damallsvenskan_players	Category:Medalists_at_the_2016_Summer_Olympics	Category:Expatriate_women%27s_footballers_in_England	Category:Chelsea_F.C._Women_players	Category:2019_FIFA_Women%27s_World_Cup_players	Category:Olympic_footballers_of_Sweden	Category:Sweden_women%27s_international_footballers	Category:Footballers_at_the_2016_Summer_Olympics	Category:FA_Women%27s_Super_League_players	Category:Olympic_silver_medalists_for_Sweden
set1	Jill_Esmond	Marianne_Jean-Baptiste	Category:Actresses_from_London	Category:English_stage_actresses	Category:20th-century_English_actresses	Category:English_film_actresses	Category:Alumni_of_the_Royal_Academy_of_Dramatic_Art
set1	Melissa_Etheridge	Suzanne_Vega	Category:21st-century_American_women_guitarists	Category:21st-century_American_guitarists	Category:Grammy_Award_winners	Category:American_female_rock_singers	Category:Guitarists_from_California	Category:21st-century_American_women_singers	Category:American_singer-songwriters	Category:Feminist_musicians	Category:20th-century_American_guitarists	Category:Songwriters_from_California	Category:20th-century_American_women_singers	Category:American_rock_guitarists	Category:20th-century_American_women_guitarists	Category:American_rock_songwriters
set1	Luke_Evans_(actor)	Iwan_Rheon	Category:21st-century_Welsh_male_actors	Category:Welsh_male_television_actors	Category:Welsh_male_film_actors
set1	Rupert_Everett	Julian_Fellowes	Category:Writers_from_London	Category:English_male_television_actors	Category:21st-century_English_male_actors	Category:Male_actors_from_London	Category:21st-century_English_writers	Category:English_male_stage_actors	Category:20th-century_English_novelists	Category:20th-century_English_male_actors	Category:English_film_producers	Category:English_male_film_actors	Category:People_educated_at_Ampleforth_College
set1	Hanns_Heinz_Ewers	G%C3%BCnter_Kunert	Category:German_male_novelists	Category:German_male_poets	Category:20th-century_German_male_writers	Category:German_short_story_writers	Category:20th-century_German_novelists	Category:German_fantasy_writers	Category:German_male_short_story_writers
set1	Marianne_Faithfull	Joan_Collins	Category:Writers_from_London	Category:Actresses_from_London	Category:21st-century_English_actresses	Category:21st-century_English_writers	Category:English_autobiographers	Category:20th-century_English_actresses	Category:English_people_of_Jewish_descent	Category:20th-century_English_writers
set1	Sam_Falson	Little_Boots	Category:Nu-disco_musicians	Category:Wonky_pop_musicians
set1	Justin_Fashanu	Teddy_Sheringham	Category:English_expatriate_sportspeople_in_Sweden	Category:West_Ham_United_F.C._players	Category:Association_football_forwards	Category:English_footballers	Category:Expatriate_footballers_in_Sweden	Category:English_expatriate_footballers	Category:Nottingham_Forest_F.C._players	Category:England_under-21_international_footballers	Category:English_football_managers
set1	Brigitte_Fassbaender	Martha_M%C3%B6dl	Category:Members_of_the_Bavarian_Maximilian_Order_for_Science_and_Art	Category:Recipients_of_the_Bavarian_Order_of_Merit	Category:20th-century_women_opera_singers	Category:German_operatic_mezzo-sopranos	Category:20th-century_German_opera_singers
set1	Rainer_Werner_Fassbinder	Carl_Zuckmayer	Category:German_male_dramatists_and_playwrights	Category:Male_screenwriters	Category:German_screenwriters	Category:20th-century_screenwriters	Category:20th-century_German_dramatists_and_playwrights
set1	Mark_Feehily	Shane_Filan	Category:20th-century_Irish_singers	Category:Irish_male_musical_theatre_actors	Category:Pop_rock_singers	Category:Irish_pop_singers	Category:Irish_male_stage_actors	Category:Syco_Music_artists	Category:Irish_male_film_actors	Category:Irish_pop_musicians	Category:20th-century_male_singers	Category:Folk-pop_singers	Category:People_from_Sligo_(town)	Category:21st-century_male_singers	Category:Irish_baritones	Category:RCA_Records_artists	Category:Ballad_musicians	Category:Irish_television_personalities	Category:Power_pop_musicians	Category:Brit_Award_winners	Category:Pop_rock_musicians	Category:Irish_tenors	Category:21st-century_Irish_singers	Category:Irish_male_singers	Category:British_television_presenters	Category:Sony_BMG_artists
set1	Payam_Feili	Sadegh_Hedayat	Category:Iranian_male_novelists	Category:Iranian_novelists
set1	Beanie_Feldstein	Maggie_Gyllenhaal	Category:Jewish_American_actresses	Category:Actresses_from_Los_Angeles	Category:21st-century_American_actresses	Category:American_television_actresses	Category:Harvard-Westlake_School_alumni	Category:American_child_actresses	Category:American_film_actresses
set1	Anselmo_Feleppa	Alison_Moyet	Category:20th-century_English_singers	Category:Brit_Award_winners	Category:21st-century_English_singers	Category:English_soul_singers	Category:People_from_Radlett	Category:English_singer-songwriters
set1	Ferdinand_I_of_Bulgaria	Wilhelm_II,_German_Emperor	Category:Recipients_of_the_Order_of_St._Andrew	Category:Recipients_of_the_Pour_le_M%C3%A9rite_(military_class)	Category:Grand_Crosses_of_the_Saxe-Ernestine_House_Order	Category:Monarchs_who_abdicated	Category:Grand_Crosses_of_the_Military_Order_of_Maria_Theresa	Category:Recipients_of_the_Order_of_the_White_Eagle_(Russia)	Category:Honorary_Knights_Grand_Cross_of_the_Royal_Victorian_Order	Category:Knights_Grand_Cross_of_the_Order_of_Saints_Maurice_and_Lazarus	Category:Recipients_of_the_Order_of_the_Black_Eagle	Category:Grand_Crosses_of_the_Military_Order_of_Max_Joseph	Category:Grand_Crosses_of_the_Order_of_the_Tower_and_Sword	Category:Grand_Crosses_of_the_Order_of_Christ_(Portugal)	Category:Knights_of_the_Order_of_Saint_Hubert	Category:Grand_Crosses_of_the_Order_of_Aviz
set1	Fergie_(singer)	Taboo_(rapper)	Category:American_hip_hop_singers	Category:American_rappers_of_Mexican_descent	Category:21st-century_American_rappers	Category:West_Coast_hip_hop_musicians	Category:Grammy_Award_winners_for_rap_music	Category:Rappers_from_Los_Angeles	Category:Black_Eyed_Peas_members
set1	Jesse_Tyler_Ferguson	J._K._Simmons	Category:American_male_television_actors	Category:21st-century_American_male_actors	Category:American_male_film_actors	Category:People_from_Missoula,_Montana	Category:Male_actors_from_Montana
set1	Gigi_Fernández	Mary_Joe_Fern%C3%A1ndez	Category:Tennis_players_at_the_1992_Summer_Olympics	Category:Medalists_at_the_1996_Summer_Olympics	Category:Medalists_at_the_1992_Summer_Olympics	Category:Grand_Slam_(tennis)_champions_in_women%27s_doubles	Category:Olympic_gold_medalists_for_the_United_States_in_tennis	Category:Olympic_tennis_players_of_the_United_States	Category:Tennis_players_at_the_1996_Summer_Olympics	Category:French_Open_champions	Category:Australian_Open_(tennis)_champions	Category:American_female_tennis_players	Category:Tennis_people_from_Florida
set1	Tiziano_Ferro	Andrea_Bocelli	Category:Spanish-language_singers_of_Italy	Category:English-language_singers_from_Italy	Category:French-language_singers_of_Italy	Category:Italian-language_singers	Category:Italian_singer-songwriters	Category:Italian_Roman_Catholics	Category:Italian_pop_singers
set1	Ferron	Anne_Carson	Category:20th-century_Canadian_poets	Category:21st-century_Canadian_women_writers	Category:20th-century_Canadian_women_writers	Category:21st-century_Canadian_poets	Category:Writers_from_Toronto
set1	Patricia_Field	Irene_(costume_designer)	Category:American_fashion_designers	Category:American_costume_designers	Category:Women_costume_designers
set1	Harvey_Fierstein	Martin_Landau	Category:American_male_television_actors	Category:Pratt_Institute_alumni	Category:Jewish_American_male_actors	Category:American_male_voice_actors	Category:21st-century_American_male_actors	Category:American_male_stage_actors	Category:20th-century_American_male_actors	Category:Male_actors_from_New_York_City	Category:American_male_film_actors
set1	Leonor_Fini	Norah_Borges	Category:20th-century_Argentine_women_artists	Category:Artists_from_Buenos_Aires
set1	Tom_of_Finland	Glenn_Gould	Category:Biography_with_signature	Category:Deaths_from_cerebrovascular_disease
set1	Ronald_Firbank	Piers_Paul_Read	Category:British_Roman_Catholics	Category:British_male_novelists	Category:20th-century_British_novelists
set1	Nilla_Fischer	Sofia_Jakobsson	Category:Swedish_women%27s_footballers	Category:Olympic_medalists_in_football	Category:Swedish_expatriate_footballers	Category:Footballers_at_the_2012_Summer_Olympics	Category:2011_FIFA_Women%27s_World_Cup_players	Category:Damallsvenskan_players	Category:2015_FIFA_Women%27s_World_Cup_players	Category:Medalists_at_the_2016_Summer_Olympics	Category:Swedish_expatriate_sportspeople_in_Germany	Category:2019_FIFA_Women%27s_World_Cup_players	Category:Olympic_footballers_of_Sweden	Category:Sweden_women%27s_international_footballers	Category:FIFA_Century_Club	Category:Expatriate_women%27s_footballers_in_Germany	Category:Footballers_at_the_2016_Summer_Olympics	Category:Olympic_silver_medalists_for_Sweden	Category:Swedish_footballers
set1	Jess_Fishlock	Anouk_Hoogendijk	Category:Eredivisie_(women)_players	Category:Bristol_Academy_W.F.C._players	Category:FIFA_Century_Club	Category:FA_Women%27s_Super_League_players	Category:Women%27s_association_football_midfielders
set1	Susan_Flannery	Carolyn_Jones	Category:American_television_actresses	Category:American_soap_opera_actresses	Category:New_Star_of_the_Year_(Actress)_Golden_Globe_winners
set1	Gustave_Flaubert	Guy_de_Maupassant	Category:French_poets	Category:French_short_story_writers	Category:French_fantasy_writers	Category:French_novelists	Category:French_children%27s_writers	Category:Lyc%C3%A9e_Pierre-Corneille_alumni	Category:19th-century_French_novelists	Category:Writers_from_Normandy	Category:19th-century_short_story_writers	Category:French_writers	Category:French_male_short_story_writers	Category:French_dramatists_and_playwrights	Category:French_essayists
set1	Brandon_Flynn	Sebastian_Stan	Category:American_male_television_actors	Category:Mason_Gross_School_of_the_Arts_alumni	Category:Rutgers_University_alumni	Category:21st-century_American_male_actors	Category:American_male_film_actors
set1	Elizabeth_Gurley_Flynn	Helen_Keller	Category:American_feminist_writers	Category:20th-century_American_women_writers	Category:Socialist_feminists	Category:20th-century_American_non-fiction_writers	Category:American_political_writers	Category:American_women_non-fiction_writers	Category:American_socialists	Category:American_birth_control_activists
set1	Althea_Flynt	Martha_Stewart	Category:20th-century_American_businesspeople	Category:20th-century_American_businesswomen	Category:American_magazine_publishers_(people)
set1	Tom_Ford	Mike_Judge	Category:Screenwriters_from_Texas	Category:Film_directors_from_New_Mexico	Category:People_from_Austin,_Texas	Category:Film_directors_from_Texas	Category:American_male_screenwriters
set1	E._M._Forster	George_Orwell	Category:20th-century_English_novelists	Category:English_essayists	Category:Male_essayists	Category:Modernist_writers	Category:English_humanists
set1	Wolfgang_Fortner	Paul_Hindemith	Category:Male_opera_composers	Category:German_classical_composers	Category:20th-century_German_composers	Category:20th-century_German_conductors_(music)	Category:20th-century_classical_composers	Category:German_opera_composers	Category:German_male_conductors_(music)	Category:German_male_classical_composers	Category:20th-century_German_male_musicians
set1	Pim_Fortuyn	Geert_Wilders	Category:Islam_in_the_Netherlands	Category:Critics_of_multiculturalism	Category:Free_speech_activists	Category:21st-century_Dutch_politicians	Category:Dutch_political_philosophers	Category:Party_chairs_of_the_Netherlands	Category:Dutch_political_party_founders	Category:Critics_of_Islam
set1	Jodie_Foster	Natalie_Portman	Category:20th-century_American_actresses	Category:Actresses_from_Los_Angeles	Category:Outstanding_Performance_by_a_Female_Actor_in_a_Leading_Role_Screen_Actors_Guild_Award_winners	Category:21st-century_American_actresses	Category:American_television_actresses	Category:Independent_Spirit_Award_for_Best_Female_Lead_winners	Category:Best_Drama_Actress_Golden_Globe_(film)_winners	Category:Best_Actress_BAFTA_Award_winners	Category:Best_Actress_Academy_Award_winners	Category:American_child_actresses	Category:American_women_film_producers	Category:American_film_producers
set1	Michel_Foucault	Gilles_Deleuze	Category:Continental_philosophers	Category:Lyc%C3%A9e_Henri-IV_alumni	Category:History_of_psychiatry	Category:Philosophers_of_sexuality	Category:Social_critics	Category:French_political_philosophers	Category:Social_philosophy	Category:20th-century_French_philosophers	Category:Epistemologists	Category:Philosophers_of_culture	Category:French_atheists	Category:20th-century_French_historians	Category:Continental_philosophy	Category:Philosophers_of_science	Category:Philosophers_of_literature	Category:Social_commentators	Category:Social_philosophers	Category:Anti-psychiatry	Category:Poststructuralists
set1	Megan_Fox	Leighton_Meester	Category:American_child_models	Category:21st-century_American_actresses	Category:American_television_actresses	Category:Female_models_from_Florida	Category:American_child_actresses	Category:Actresses_from_Florida	Category:American_film_actresses
set1	Samantha_Fox	Little_Boots	Category:21st-century_English_singers	Category:English_dance_musicians	Category:English_female_pop_singers	Category:English_house_musicians	Category:21st-century_English_women_singers
set1	Kay_Francis	Carroll_Baker	Category:20th-century_American_actresses	Category:Warner_Bros._contract_players	Category:Paramount_Pictures_contract_players	Category:American_stage_actresses	Category:American_film_actresses
set1	Marielle_Franco	Ta%C3%ADs_Ara%C3%BAjo	Category:African-Brazilian_feminists	Category:Activists_from_Rio_de_Janeiro_(city)	Category:Brazilian_feminists
set1	Connor_Franta	Peter_Schiff	Category:21st-century_American_non-fiction_writers	Category:Male_YouTubers	Category:21st-century_American_male_writers	Category:American_YouTubers	Category:21st-century_American_businesspeople
set1	Andy_Fraser	Paul_Kossoff	Category:Musicians_from_London	Category:Free_(band)_members	Category:English_songwriters	Category:20th-century_English_musicians
set1	Frederick_the_Great	Frederick_William_III_of_Prussia	Category:Kings_of_Prussia	Category:Recipients_of_the_Order_of_St._Andrew	Category:18th-century_Kings_of_Prussia	Category:House_of_Hohenzollern	Category:Crown_Princes_of_Prussia	Category:Princes_of_Neuch%C3%A2tel	Category:Recipients_of_the_Order_of_the_Black_Eagle	Category:Electors_of_Brandenburg
set1	Kevin_Fret	H%C3%A9ctor_Camacho	Category:Deaths_by_firearm_in_Puerto_Rico	Category:2010s_murders_in_Puerto_Rico	Category:People_murdered_in_Puerto_Rico
set1	Gisèle_Freund	Sophie_Calle	Category:20th-century_French_women_artists	Category:French_women_photographers	Category:20th-century_photographers	Category:20th-century_women_photographers
set1	Elsa_von_Freytag-Loringhoven	Gisela_Stein	Category:People_from_%C5%9Awinouj%C5%9Bcie	Category:People_from_the_Province_of_Pomerania
set1	Stephen_Fry	Richard_Ayoade	Category:English_television_writers	Category:English_male_television_actors	Category:21st-century_English_male_actors	Category:Male_actors_from_London	Category:British_male_television_writers	Category:21st-century_English_comedians	Category:20th-century_English_male_actors	Category:English_film_directors	Category:Audiobook_narrators	Category:English_male_screenwriters	Category:English_screenwriters	Category:English_male_voice_actors	Category:English_male_film_actors	Category:English_male_comedians	Category:20th-century_English_comedians	Category:British_male_comedy_actors
set1	Marilyn_Frye	Carol_Gilligan	Category:American_feminist_writers	Category:20th-century_American_women_writers	Category:21st-century_American_non-fiction_writers	Category:20th-century_American_philosophers	Category:American_women_non-fiction_writers	Category:Feminist_philosophers	Category:21st-century_American_philosophers	Category:21st-century_American_women_writers
set1	Alberto_Fuguet	Luis_Sep%C3%BAlveda	Category:Chilean_journalists	Category:University_of_Chile_alumni	Category:Chilean_film_directors	Category:Chilean_male_writers
set1	Ladislav_Fuks	Ji%C5%99%C3%AD_Weil	Category:Male_novelists	Category:Charles_University_alumni	Category:Czech_male_writers	Category:Czech_novelists
set1	Bryan_Fuller	Alfred_Gough	Category:American_television_producers	Category:USC_School_of_Cinematic_Arts_alumni	Category:American_male_television_writers	Category:American_male_screenwriters	Category:American_television_writers
set1	Gaahl	Varg_Vikernes	Category:Norwegian_neopagans	Category:Adherents_of_Germanic_neopaganism	Category:Performers_of_neopagan_music
set1	Hannah_Gadsby	Rebel_Wilson	Category:Australian_women_comedians	Category:Australian_stand-up_comedians
set1	John_Wayne_Gacy	Leopold_and_Loeb	Category:American_male_criminals	Category:Crimes_in_Chicago	Category:American_murderers_of_children	Category:Incidents_of_violence_against_boys	Category:Criminals_of_Chicago	Category:20th-century_American_criminals	Category:People_convicted_of_murder_by_Illinois	Category:Violence_against_men_in_North_America
set1	Edward_Gal	Anky_van_Grunsven	Category:Olympic_medalists_in_equestrian	Category:Dutch_dressage_riders	Category:Olympic_bronze_medalists_for_the_Netherlands	Category:Equestrians_at_the_2012_Summer_Olympics	Category:Medalists_at_the_2012_Summer_Olympics
set1	John_Galliano	Stella_McCartney	Category:High_fashion_brands	Category:Alumni_of_Central_Saint_Martins	Category:British_fashion_designers
set1	Robert_Gant	Aasif_Mandvi	Category:American_male_television_actors	Category:21st-century_American_male_actors	Category:Male_actors_from_Tampa,_Florida	Category:American_male_stage_actors	Category:American_male_film_actors
set1	Emperor_Gaozu_of_Han	Qin_Shi_Huang	Category:3rd-century_BC_Chinese_monarchs	Category:Founding_monarchs	Category:Harv_and_Sfn_no-target_errors
set1	Victor_Garber	Ryan_Gosling	Category:Musicians_from_London,_Ontario	Category:Canadian_male_film_actors	Category:Canadian_expatriate_male_actors_in_the_United_States	Category:Canadian_expatriate_musicians_in_the_United_States	Category:Canadian_male_television_actors	Category:20th-century_Canadian_male_actors	Category:Male_actors_from_London,_Ontario
set1	Greta_Garbo	Anna_Q._Nilsson	Category:20th-century_American_actresses	Category:20th-century_Swedish_actresses	Category:20th-century_Lutherans	Category:Swedish_film_actresses	Category:American_Lutherans	Category:Swedish_emigrants_to_the_United_States	Category:American_film_actresses	Category:Swedish_silent_film_actresses	Category:Swedish_Lutherans
set1	Federico_García_Lorca	Rafael_Alberti	Category:Spanish_male_poets	Category:20th-century_Spanish_poets	Category:Generation_of_%2727	Category:Andalusian_writers	Category:Spanish_male_dramatists_and_playwrights
set1	Alicia_Garza	Alicia_Keys	Category:American_women_activists	Category:BBC_100_Women
set1	Stephen_Gately	Nicky_Byrne	Category:Irish_singer-songwriters	Category:20th-century_Irish_singers	Category:Irish_male_stage_actors	Category:Irish_tenors	Category:Irish_pop_singers	Category:21st-century_Irish_singers	Category:Irish_male_singers	Category:Irish_male_dancers	Category:Musicians_from_Dublin_(city)	Category:21st-century_male_singers	Category:20th-century_male_singers
set1	Mark_Gatiss	Terrance_Dicks	Category:English_television_writers	Category:British_male_television_writers	Category:Writers_of_Doctor_Who_novels	Category:English_television_producers	Category:English_male_novelists	Category:English_radio_writers	Category:British_television_writers	Category:British_male_screenwriters	Category:English_science_fiction_writers
set1	Jean-Paul_Gaultier	Christian_Lacroix	Category:High_fashion_brands	Category:Luxury_brands	Category:French_fashion_designers	Category:Haute_couture
set1	Roxane_Gay	Dave_Eggers	Category:American_online_publication_editors	Category:American_book_editors	Category:American_magazine_editors	Category:21st-century_American_novelists	Category:American_memoirists	Category:Novelists_from_Illinois	Category:21st-century_memoirists	Category:21st-century_American_short_story_writers	Category:American_book_publishers_(people)
set1	Vera_Gedroitz	Zinaida_Gippius	Category:20th-century_Russian_poets	Category:20th-century_Russian_women_writers	Category:Russian_women_poets	Category:Imperial_Russian_women_writers
set1	Will_Geer	Anthony_Caruso_(actor)	Category:American_male_television_actors	Category:American_male_film_actors	Category:People_from_Frankfort,_Indiana	Category:Male_actors_from_Indiana
set1	David_Geffen	Ronald_Lauder	Category:Philanthropists_from_New_York_(state)	Category:Jewish_American_art_collectors	Category:20th-century_American_businesspeople	Category:Jewish_American_philanthropists	Category:21st-century_American_businesspeople	Category:Businesspeople_from_New_York_City	Category:American_billionaires
set1	Jean_Genet	Blaise_Cendrars	Category:20th-century_French_novelists	Category:French_poets	Category:French_short_story_writers	Category:French_dramatists_and_playwrights	Category:French_novelists	Category:Soldiers_of_the_French_Foreign_Legion	Category:French_children%27s_writers	Category:French_writers	Category:20th-century_French_poets	Category:French_essayists
set1	Kitty_Genovese	Keddie_murders	Category:Deaths_by_stabbing_in_the_United_States	Category:Incidents_of_violence_against_women
set1	Boy_George	Ian_Dury	Category:English_male_singer-songwriters	Category:20th-century_English_singers	Category:Male_new_wave_singers	Category:Squatters	Category:English_new_wave_musicians	Category:Musicians_from_Kent
set1	Stefan_George	Friedrich_Schiller	Category:Swiss_writers_in_German	Category:Translators_of_William_Shakespeare	Category:Austrian_writers	Category:German_male_dramatists_and_playwrights	Category:Liechtenstein_writers	Category:German_writers	Category:French%E2%80%93German_translators
set1	Rudi_Gernreich	Irene_(costume_designer)	Category:American_fashion_designers	Category:American_costume_designers	Category:California_people_in_fashion
set1	David_Gerrold	David_Brin	Category:American_male_novelists	Category:Nebula_Award_winners	Category:Jewish_American_writers	Category:21st-century_American_novelists	Category:21st-century_American_male_writers	Category:20th-century_American_novelists	Category:American_science_fiction_writers	Category:20th-century_American_male_writers	Category:Hugo_Award-winning_writers
set1	Masha_Gessen	Yulia_Latynina	Category:Writers_from_Moscow	Category:20th-century_Russian_writers	Category:Russian_women_journalists	Category:21st-century_Russian_writers
set1	André_Gide	Louis-Ferdinand_C%C3%A9line	Category:French_poets	Category:French_short_story_writers	Category:French_anti-communists	Category:French_novelists	Category:French_children%27s_writers	Category:French_male_novelists	Category:French_writers	Category:Modernist_writers	Category:French_dramatists_and_playwrights	Category:French_essayists
set1	John_Gielgud	Mark_Rylance	Category:English_male_television_actors	Category:Actors_awarded_knighthoods	Category:English_male_stage_actors	Category:20th-century_English_male_actors	Category:Audiobook_narrators	Category:Knights_Bachelor	Category:Best_Supporting_Actor_BAFTA_Award_winners	Category:Tony_Award_winners	Category:Drama_Desk_Award_winners	Category:Laurence_Olivier_Award_winners	Category:English_male_film_actors	Category:Best_Supporting_Actor_Academy_Award_winners	Category:Alumni_of_the_Royal_Academy_of_Dramatic_Art
set1	Elizabeth_Gilbert	Rebecca_Goldstein	Category:American_women_essayists	Category:American_women_novelists	Category:21st-century_American_novelists	Category:Novelists_from_Connecticut	Category:21st-century_American_essayists	Category:Novelists_from_New_York_(state)	Category:21st-century_American_women_writers
set1	Sara_Gilbert	Amber_Tamblyn	Category:20th-century_American_actresses	Category:21st-century_American_actresses	Category:American_television_actresses	Category:Actresses_from_Santa_Monica,_California	Category:American_child_actresses	Category:American_film_actresses
set1	Jaime_Gil_de_Biedma	John_Betjeman	Category:English_male_poets	Category:20th-century_English_male_writers	Category:20th-century_English_poets
set1	Allen_Ginsberg	Patti_Smith	Category:20th-century_American_poets	Category:Poets_from_New_Jersey	Category:Outlaw_poets	Category:American_spoken_word_artists	Category:Postmodern_writers	Category:National_Book_Award_winners
set1	Hubert_de_Givenchy	Pl%C3%A1cido_Domingo	Category:Knights_Grand_Cross_of_the_Order_of_Isabella_the_Catholic	Category:Order_of_Arts_and_Letters_of_Spain_recipients
set1	John_Glover_(actor)	Charles_S._Dutton	Category:American_male_television_actors	Category:American_male_voice_actors	Category:21st-century_American_male_actors	Category:Towson_University_alumni	Category:Drama_Desk_Award_winners	Category:American_male_film_actors
set1	Alison_Goldfrapp	Little_Boots	Category:British_women_record_producers	Category:English_women_in_electronic_music	Category:21st-century_English_singers	Category:Synth-pop_singers	Category:English_electronic_musicians	Category:English_pop_pianists	Category:English_singer-songwriters
set1	Filipp_Goloshchyokin	Yakov_Sverdlov	Category:Russian_revolutionaries	Category:Soviet_Jews	Category:Old_Bolsheviks	Category:Communist_rulers	Category:People_of_the_Russian_Revolution	Category:People_of_the_Russian_Civil_War	Category:Party_leaders_of_the_Soviet_Union	Category:Bolsheviks	Category:Regicides_of_Nicholas_II	Category:Jewish_socialists	Category:Politburo_of_the_Central_Committee_of_the_Communist_Party_of_the_Soviet_Union_members	Category:Russian_communists
set1	Witold_Gombrowicz	Stefan_%C5%BBeromski	Category:Polish_diarists	Category:20th-century_Polish_male_writers	Category:20th-century_Polish_novelists	Category:20th-century_Polish_dramatists_and_playwrights	Category:Polish_male_dramatists_and_playwrights	Category:Polish_male_novelists
set1	Gongmin_of_Goryeo	Taejo_of_Goryeo	Category:Korean_Buddhist_monarchs	Category:Goryeo_writers
set1	Félix_González-Torres	Dan_Graham	Category:Artists_from_New_York_(state)	Category:American_conceptual_artists	Category:American_installation_artists	Category:Postmodern_artists
set1	Lesley_Gore	Debbie_Harry	Category:20th-century_American_actresses	Category:20th-century_American_singers	Category:21st-century_American_actresses	Category:Actresses_from_New_Jersey	Category:Songwriters_from_New_Jersey	Category:21st-century_American_women_singers	Category:Singers_from_New_York_City	Category:20th-century_American_women_singers	Category:American_pop_singers	Category:American_female_singer-songwriters	Category:Actresses_from_New_York_City	Category:Songwriters_from_New_York_(state)	Category:American_female_pop_singers
set1	Juan_Goytisolo	Javier_Cercas	Category:20th-century_Spanish_male_writers	Category:20th-century_Spanish_novelists	Category:Spanish_male_novelists	Category:Spanish_essayists	Category:20th-century_essayists	Category:Male_essayists	Category:21st-century_essayists	Category:21st-century_Spanish_male_writers	Category:21st-century_Spanish_novelists
set1	Steve_Grand	Richard_Marx	Category:21st-century_American_singers	Category:American_male_singer-songwriters	Category:American_male_guitarists	Category:Guitarists_from_Chicago	Category:Songwriters_from_Illinois	Category:Singers_from_Chicago	Category:American_male_pianists
set1	Fernando_Grande-Marlaska	Isabel_Cela%C3%A1	Category:Members_of_the_14th_Congress_of_Deputies_(Spain)	Category:Members_of_the_13th_Congress_of_Deputies_(Spain)	Category:Basque_politicians	Category:University_of_Deusto_alumni	Category:Government_ministers_of_Spain
set1	Farley_Granger	Cuba_Gooding_Jr.	Category:American_male_television_actors	Category:21st-century_American_male_actors	Category:American_male_stage_actors	Category:20th-century_American_male_actors	Category:American_male_film_actors	Category:North_Hollywood_High_School_alumni
set1	John_Grant_(musician)	John_Denver	Category:Musicians_from_Denver	Category:Singers_from_Denver	Category:American_male_singer-songwriters
set1	Stéphane_Grappelli	Zino_Francescatti	Category:French_people_of_Italian_descent	Category:20th-century_French_male_musicians	Category:20th-century_French_musicians	Category:French_male_violinists
set1	Mitch_Grassi	Prince_(musician)	Category:American_tenors	Category:Countertenors	Category:American_male_singer-songwriters	Category:American_singer-songwriters
set1	Eileen_Gray	Augusta,_Lady_Gregory	Category:20th-century_Anglo-Irish_people	Category:19th-century_Anglo-Irish_people
set1	Glenn_Greenwald	Pat_Buchanan	Category:Non-interventionism	Category:American_columnists	Category:21st-century_American_non-fiction_writers	Category:American_foreign_policy_writers	Category:Critics_of_neoconservatism	Category:American_political_writers	Category:Opinion_journalists	Category:21st-century_American_male_writers	Category:American_political_journalists	Category:21st-century_American_journalists	Category:American_male_journalists
set1	Sasha_Grey	Zoe_Kazan	Category:21st-century_American_actresses	Category:American_television_actresses	Category:American_people_of_Greek_descent	Category:American_film_actresses	Category:21st-century_American_women_writers	Category:Actresses_of_Greek_descent	Category:American_people_of_English_descent
set1	Emile_Griffith	Henry_Armstrong	Category:American_male_boxers	Category:African-American_boxers	Category:International_Boxing_Hall_of_Fame_inductees	Category:World_boxing_champions	Category:Welterweight_boxers
set1	Brittney_Griner	Chiney_Ogwumike	Category:American_women%27s_basketball_players	Category:All-American_college_women%27s_basketball_players	Category:Basketball_players_from_Texas	Category:Basketball_players_at_the_2012_NCAA_Women%27s_Division_I_Final_Four	Category:Women%27s_National_Basketball_Association_first_overall_draft_picks	Category:McDonald%27s_High_School_All-Americans	Category:Women%27s_National_Basketball_Association_All-Stars	Category:American_expatriate_basketball_people_in_China	Category:Parade_High_School_All-Americans_(girls%27_basketball)
set1	Inka_Grings	Birgit_Prinz	Category:1999_FIFA_Women%27s_World_Cup_players	Category:Germany_women%27s_international_footballers	Category:Olympic_medalists_in_football	Category:Footballers_at_the_2000_Summer_Olympics	Category:2011_FIFA_Women%27s_World_Cup_players	Category:Olympic_women%27s_footballers_of_Germany	Category:Women%27s_association_football_forwards	Category:Expatriate_women%27s_soccer_players_in_the_United_States	Category:Olympic_bronze_medalists_for_Germany	Category:German_women%27s_footballers	Category:German_expatriate_sportspeople_in_the_United_States	Category:Medalists_at_the_2000_Summer_Olympics	Category:UEFA_Women%27s_Championship-winning_players
set1	Jonathan_Groff	Lin-Manuel_Miranda	Category:Grammy_Award_winners	Category:American_male_voice_actors	Category:21st-century_American_male_actors	Category:Theatre_World_Award_winners	Category:American_male_musical_theatre_actors	Category:American_tenors
set1	Luca_Guadagnino	Bernardo_Bertolucci	Category:Sapienza_University_of_Rome_alumni	Category:Italian_male_screenwriters	Category:Italian_film_directors	Category:Italian_screenwriters
set1	Hervé_Guibert	Patrick_Poivre_d%27Arvor	Category:20th-century_French_writers	Category:French_male_non-fiction_writers	Category:20th-century_French_male_writers	Category:20th-century_French_journalists
set1	Alec_Guinness	Albert_Finney	Category:English_male_Shakespearean_actors	Category:English_male_television_actors	Category:English_male_stage_actors	Category:Best_Actor_BAFTA_Award_(television)_winners	Category:Volpi_Cup_for_Best_Actor_winners	Category:BAFTA_fellows	Category:20th-century_English_male_actors	Category:English_male_film_actors	Category:Laurence_Olivier_Award_winners
set1	Alain_Guiraudie	Tomer_Sisley	Category:French_male_screenwriters	Category:French_screenwriters	Category:French_film_directors
set1	Tim_Gunn	Rachel_Zoe	Category:Fashion_stylists	Category:American_fashion_businesspeople	Category:Participants_in_American_reality_television_series
set1	Jacob_Israël_de_Haan	Harry_Mulisch	Category:20th-century_Dutch_male_writers	Category:Dutch_Jews	Category:Dutch_male_novelists	Category:20th-century_Dutch_novelists	Category:20th-century_Dutch_poets
set1	Fritz_Haarmann	Peter_K%C3%BCrten	Category:German_rapists	Category:German_serial_killers	Category:Male_serial_killers	Category:German_murderers_of_children	Category:Executed_serial_killers	Category:People_executed_by_the_Weimar_Republic_by_guillotine	Category:People_convicted_of_theft
set1	Pekka_Haavisto	Timo_Soini	Category:Members_of_the_Parliament_of_Finland_(2015%E2%80%9319)	Category:Members_of_the_Parliament_of_Finland_(2011%E2%80%9315)	Category:Candidates_for_President_of_Finland	Category:Members_of_the_Parliament_of_Finland_(2007%E2%80%9311)	Category:Ministers_for_Foreign_Affairs_of_Finland
set1	Hadrian	Antoninus_Pius	Category:Adult_adoptees	Category:Aelii	Category:Deified_Roman_emperors	Category:2nd-century_Roman_emperors	Category:Nerva%E2%80%93Antonine_dynasty	Category:Imperial_Roman_praetors	Category:Roman_quaestors	Category:Burials_at_the_Castel_Sant%27Angelo	Category:Ancient_Roman_adoptees
set1	Adèle_Haenel	Catherine_Frot	Category:21st-century_French_actresses	Category:French_stage_actresses	Category:French_film_actresses	Category:French_television_actresses	Category:Best_Actress_C%C3%A9sar_Award_winners	Category:Actresses_from_Paris	Category:Best_Supporting_Actress_C%C3%A9sar_Award_winners
set1	Ted_Haggard	Josh_McDowell	Category:American_evangelists	Category:Promise_Keepers
set1	Reynaldo_Hahn	Gabriel_Piern%C3%A9	Category:19th-century_French_composers	Category:Male_opera_composers	Category:Burials_at_P%C3%A8re_Lachaise_Cemetery	Category:19th-century_conductors_(music)	Category:French_male_classical_composers	Category:19th-century_classical_composers	Category:French_classical_composers	Category:20th-century_classical_composers	Category:French_opera_composers	Category:20th-century_French_male_musicians	Category:French_male_conductors_(music)	Category:French_Romantic_composers	Category:19th-century_male_musicians	Category:20th-century_French_composers	Category:French_ballet_composers	Category:Composers_with_IMSLP_links	Category:20th-century_French_conductors_(music)
set1	Jörg_Haider	J%C3%B6rg_Haider	Category:University_of_Vienna_alumni	Category:People_from_Bad_Goisern	Category:German_nationalists	Category:Freedom_Party_of_Austria_politicians	Category:Governors_of_Carinthia_(state)	Category:Critics_of_Islam	Category:Austrian_Roman_Catholics	Category:Alliance_for_the_Future_of_Austria_politicians
set1	Leisha_Hailey	Jordin_Sparks	Category:American_television_actresses	Category:21st-century_American_guitarists	Category:American_women_guitarists	Category:American_film_actresses
set1	William_Haines	Charley_Chase	Category:American_male_comedy_actors	Category:American_male_silent_film_actors	Category:20th-century_American_male_actors	Category:Metro-Goldwyn-Mayer_contract_players	Category:American_male_film_actors
set1	Al-Hakam_II	Ibn_al-Nadim	Category:10th-century_Arabs	Category:10th-century_Muslims
set1	Salim_Halali	Cheb_Mami	Category:20th-century_Algerian_singers	Category:Algerian_male_singers	Category:20th-century_male_singers	Category:Algerian_emigrants_to_France
set1	Ellen_Day_Hale	Margaret_Lesley_Bush-Brown	Category:20th-century_American_women_artists	Category:American_women_painters	Category:19th-century_American_painters	Category:20th-century_American_printmakers	Category:Alumni_of_the_Acad%C3%A9mie_Julian	Category:American_women_printmakers	Category:20th-century_American_painters	Category:19th-century_American_women_artists
set1	Rob_Halford	Ozzy_Osbourne	Category:English_rock_singers	Category:20th-century_English_singers	Category:English_heavy_metal_singers	Category:English_expatriates_in_the_United_States	Category:Musicians_from_Birmingham,_West_Midlands
set1	Radclyffe_Hall	Stevie_Smith	Category:20th-century_English_poets	Category:English_women_novelists	Category:20th-century_English_novelists	Category:20th-century_English_women_writers	Category:Deaths_from_cancer_in_England	Category:Pseudonymous_writers	Category:Pseudonymous_women_writers
set1	Augusto_d'Halmar	Roberto_Bola%C3%B1o	Category:Male_novelists	Category:20th-century_Chilean_poets	Category:Chilean_male_poets	Category:Chilean_novelists	Category:20th-century_novelists	Category:20th-century_male_writers
set1	Halsey_(singer)	Beyonc%C3%A9	Category:American_contemporary_R%26B_singers	Category:African-American_feminists	Category:African-American_record_producers	Category:American_voice_actresses	Category:MTV_EMA_winners	Category:21st-century_American_women_singers	Category:Feminist_musicians	Category:American_pop_singers	Category:American_female_pop_singers
set1	Antony_Hamilton	Julian_McMahon	Category:20th-century_Australian_male_actors	Category:Australian_male_models	Category:Australian_male_film_actors	Category:Australian_expatriate_male_actors_in_the_United_States	Category:Australian_male_television_actors
set1	Barbara_Hammer	Sondra_Locke	Category:Women_autobiographers	Category:American_autobiographers	Category:American_women_non-fiction_writers	Category:Writers_from_Los_Angeles	Category:American_women_film_directors
set1	Kathleen_Hanna	Courtney_Love	Category:Female_punk_rock_singers	Category:American_punk_rock_singers	Category:21st-century_American_women_singers	Category:Singers_from_Oregon	Category:Feminist_musicians	Category:20th-century_American_guitarists	Category:American_punk_rock_guitarists	Category:American_women_guitarists	Category:American_feminists
set1	Lorraine_Hansberry	Zona_Gale	Category:University_of_Wisconsin%E2%80%93Madison_alumni	Category:20th-century_American_dramatists_and_playwrights	Category:20th-century_American_women_writers	Category:American_women_dramatists_and_playwrights
set1	Yuval_Noah_Harari	Daniel_Kahneman	Category:Israeli_atheists	Category:Jewish_atheists	Category:Hebrew_University_of_Jerusalem_alumni	Category:Hebrew_University_of_Jerusalem_faculty
set1	G._H._Hardy	James_Joseph_Sylvester	Category:Foreign_associates_of_the_National_Academy_of_Sciences	Category:De_Morgan_Medallists	Category:Recipients_of_the_Copley_Medal	Category:Governors_of_Abingdon_School	Category:19th-century_English_mathematicians	Category:Royal_Medal_winners	Category:Number_theorists
set1	Keith_Haring	Frank_Stella	Category:20th-century_American_printmakers	Category:American_male_painters	Category:American_muralists	Category:American_contemporary_artists
set1	Harmodius_and_Aristogeiton	Oltos	Category:Year_of_birth_unknown	Category:6th-century_BC_Athenians	Category:Archaic_Athens
set1	Neil_Patrick_Harris	Mike_Judge	Category:American_male_television_actors	Category:People_from_Albuquerque,_New_Mexico	Category:American_television_directors	Category:20th-century_American_comedians	Category:21st-century_American_non-fiction_writers	Category:American_male_voice_actors	Category:21st-century_American_male_actors	Category:21st-century_American_screenwriters	Category:Writers_from_Albuquerque,_New_Mexico	Category:Male_actors_from_Albuquerque,_New_Mexico	Category:American_television_writers	Category:American_male_film_actors
set1	Randy_Harrison	Walter_Long_(actor)	Category:People_from_Nashua,_New_Hampshire	Category:Male_actors_from_New_Hampshire
set1	Lorenz_Hart	Sammy_Cahn	Category:Broadway_composers_and_lyricists	Category:American_musical_theatre_lyricists	Category:Jewish_American_songwriters	Category:20th-century_American_musicians	Category:Songwriters_from_New_York_(state)
set1	L._P._Hartley	William_Hope_Hodgson	Category:Ghost_story_writers	Category:20th-century_English_novelists	Category:English_male_novelists	Category:20th-century_British_short_story_writers	Category:British_Army_personnel_of_World_War_I	Category:English_horror_writers
set1	Marsden_Hartley	Willem_de_Kooning	Category:American_male_painters	Category:Abstract_painters	Category:Modern_painters	Category:American_portrait_painters	Category:Federal_Art_Project_artists
set1	Nina_Hartley	Alexis_Amore	Category:American_women_nurses	Category:American_pornographic_film_directors	Category:American_pornographic_film_actresses	Category:Women_pornographic_film_directors	Category:American_erotic_dancers	Category:American_nurses	Category:American_female_erotic_dancers
set1	Donald_Harvey	Albert_DeSalvo	Category:American_male_criminals	Category:American_prisoners_sentenced_to_life_imprisonment	Category:Serial_killers_murdered_in_prison_custody	Category:Male_serial_killers	Category:20th-century_American_criminals	Category:American_serial_killers
set1	Laurence_Harvey	Aaron_Klug	Category:English_Jews	Category:Lithuanian_emigrants_to_South_Africa	Category:South_African_people_of_Lithuanian-Jewish_descent	Category:South_African_Jews	Category:Lithuanian_Jews
set1	Bilal_Hassani	Amir_Haddad	Category:21st-century_French_singers	Category:21st-century_male_singers	Category:Eurovision_Song_Contest_entrants_for_France
set1	O._E._Hasse	Carl_Ebert	Category:Commanders_Crosses_of_the_Order_of_Merit_of_the_Federal_Republic_of_Germany	Category:German_male_stage_actors	Category:Ernst_Busch_Academy_of_Dramatic_Arts_alumni	Category:20th-century_German_male_actors	Category:German_male_film_actors
set1	Manos_Hatzidakis	Mikis_Theodorakis	Category:20th-century_classical_composers	Category:Greek_film_score_composers	Category:Male_film_score_composers	Category:Greek_classical_musicians	Category:Greek_classical_composers	Category:Greek_Resistance_members
set1	Sophie_B._Hawkins	Shawn_Colvin	Category:21st-century_American_women_guitarists	Category:21st-century_American_guitarists	Category:21st-century_American_women_singers	Category:American_singer-songwriters	Category:20th-century_American_guitarists	Category:20th-century_American_women_singers	Category:American_female_singer-songwriters	Category:20th-century_American_women_guitarists
set1	Nigel_Hawthorne	John_Hurt	Category:English_male_Shakespearean_actors	Category:English_male_television_actors	Category:Actors_awarded_knighthoods	Category:English_male_stage_actors	Category:Best_Actor_BAFTA_Award_(television)_winners	Category:Deaths_from_pancreatic_cancer	Category:20th-century_English_male_actors	Category:Knights_Bachelor	Category:Deaths_from_cancer_in_England	Category:English_male_film_actors	Category:English_male_voice_actors	Category:Commanders_of_the_Order_of_the_British_Empire	Category:Best_Actor_BAFTA_Award_winners
set1	Darren_Hayes	Nick_Cave	Category:Australian_male_singer-songwriters	Category:Australian_expatriates_in_the_United_Kingdom	Category:APRA_Award_winners	Category:20th-century_Australian_singers	Category:21st-century_Australian_singers
set1	Colton_Haynes	Kendall_Schmidt	Category:American_male_television_actors	Category:Male_actors_from_Kansas	Category:21st-century_American_male_actors	Category:Actors_from_Wichita,_Kansas	Category:American_male_film_actors	Category:American_people_of_English_descent
set1	Todd_Haynes	Carl_Barks	Category:Artists_from_Oregon	Category:American_male_screenwriters	Category:Screenwriters_from_Oregon	Category:Screenwriters_from_California
set1	Jane_Heap	Helen_Gurley_Brown	Category:Women_magazine_editors	Category:American_magazine_editors	Category:American_magazine_publishers_(people)
set1	Amber_Heard	Victor_J._Stenger	Category:American_former_Christians	Category:American_atheists	Category:Former_Roman_Catholics
set1	Anne_Heche	Amber_Benson	Category:20th-century_American_actresses	Category:21st-century_American_actresses	Category:American_women_screenwriters	Category:American_television_actresses	Category:American_film_actresses	Category:American_women_film_directors
set1	Alexandra_Hedison	Brit_Marling	Category:American_television_actresses	Category:American_documentary_filmmakers	Category:Women_documentary_filmmakers	Category:American_film_actresses
set1	Antony_Hegarty	Bat_for_Lashes	Category:Art_pop_musicians	Category:English_singer-songwriters	Category:English_women_in_electronic_music
set1	Miles_Heizer	Jeremy_Sumpter	Category:American_male_television_actors	Category:American_male_child_actors	Category:21st-century_American_male_actors	Category:Male_actors_from_Kentucky	Category:American_male_film_actors
set1	Robert_Helpmann	John_Cornforth	Category:Australian_Commanders_of_the_Order_of_the_British_Empire	Category:Australian_Knights_Bachelor	Category:Australian_of_the_Year_Award_winners
set1	Jorik_Hendrickx	Loena_Hendrickx	Category:People_from_Turnhout	Category:Figure_skaters_at_the_2018_Winter_Olympics	Category:Olympic_figure_skaters_of_Belgium
set1	Hans_Werner_Henze	Aribert_Reimann	Category:Male_opera_composers	Category:Members_of_the_Academy_of_Arts,_Berlin	Category:German_classical_composers	Category:20th-century_German_composers	Category:21st-century_classical_composers	Category:20th-century_classical_composers	Category:Knights_Commander_of_the_Order_of_Merit_of_the_Federal_Republic_of_Germany	Category:Members_of_the_Bavarian_Maximilian_Order_for_Science_and_Art	Category:21st-century_German_composers	Category:German_opera_composers	Category:Ernst_von_Siemens_Music_Prize_winners	Category:21st-century_male_musicians	Category:20th-century_male_musicians	Category:German_male_classical_composers	Category:Composers_awarded_knighthoods
set1	Patricia_Highsmith	Greye_La_Spina	Category:American_women_short_story_writers	Category:20th-century_American_women_writers	Category:20th-century_American_short_story_writers	Category:American_women_novelists	Category:American_horror_writers	Category:Women_horror_writers	Category:20th-century_American_novelists	Category:Pseudonymous_writers	Category:Pseudonymous_women_writers
set1	Brianna_Hildebrand	Felicia_Day	Category:American_web_series_actresses	Category:21st-century_American_actresses	Category:American_film_actresses
set1	Kurt_Hiller	Kurt_Tucholsky	Category:Jewish_socialists	Category:Writers_from_Berlin	Category:German_journalists	Category:German_Peace_Society_members
set1	Perez_Hilton	Bill_O%27Reilly_(political_commentator)	Category:American_talk_radio_hosts	Category:American_columnists	Category:21st-century_American_non-fiction_writers	Category:Radio_personalities_from_Miami
set1	Fredy_Hirsch	Edith_Frank	Category:German_Jews_who_died_in_the_Holocaust	Category:People_from_Aachen	Category:German_people_who_died_in_Auschwitz_concentration_camp
set1	Magnus_Hirschfeld	Shere_Hite	Category:Sex-positive_feminists	Category:Sex_educators	Category:German_sexologists	Category:German_feminists
set1	Hisham_II	Hisham_III_of_C%C3%B3rdoba	Category:Umayyad_caliphs_of_C%C3%B3rdoba	Category:11th-century_caliphs_of_C%C3%B3rdoba
set1	Christopher_Hitchens	Richard_Dawkins	Category:Critics_of_alternative_medicine	Category:Critics_of_new_religious_movements	Category:English_republicans	Category:Secular_humanists	Category:Theorists_on_Western_civilization	Category:English_atheists	Category:21st-century_English_writers	Category:Social_critics	Category:British_secularists	Category:Critics_of_creationism	Category:21st-century_atheists	Category:Philosophers_of_culture	Category:Critics_of_Christianity	Category:20th-century_atheists	Category:Alumni_of_Balliol_College,_Oxford	Category:20th-century_English_writers	Category:Biography_with_signature	Category:Writers_about_religion_and_science	Category:Critics_of_postmodernism	Category:English_humanists
set1	Thomas_Hitzlsperger	Jens_Lehmann	Category:Bundesliga_players	Category:2006_FIFA_World_Cup_players	Category:Serie_A_players	Category:Premier_League_players	Category:VfB_Stuttgart_players	Category:Expatriate_footballers_in_England	Category:UEFA_Euro_2008_players	Category:German_expatriate_sportspeople_in_England	Category:German_footballers	Category:Germany_under-21_international_footballers	Category:2005_FIFA_Confederations_Cup_players	Category:Germany_international_footballers	Category:German_expatriate_footballers	Category:Expatriate_footballers_in_Italy
set1	Hannah_Höch	Lotte_Jacobi	Category:German_women_photographers	Category:20th-century_photographers	Category:20th-century_women_photographers
set1	David_Hockney	Patrick_Caulfield	Category:Alumni_of_the_Royal_College_of_Art	Category:Royal_Academicians	Category:English_male_painters	Category:English_printmakers	Category:21st-century_English_painters	Category:English_contemporary_artists	Category:Alumni_of_Chelsea_College_of_Arts	Category:Opera_designers	Category:20th-century_English_painters
set1	Billie_Holiday	Roberta_Flack	Category:20th-century_American_singers	Category:American_contraltos	Category:African-American_singer-songwriters	Category:Ballad_musicians	Category:American_singer-songwriters	Category:20th-century_American_women_singers	Category:American_female_singer-songwriters	Category:American_female_jazz_singers	Category:African-American_female_singer-songwriters
set1	Xaviera_Hollander	Margriet_de_Moor	Category:21st-century_Dutch_women_writers	Category:20th-century_Dutch_women_writers
set1	J._Edgar_Hoover	John_Foster_Dulles	Category:American_Presbyterians	Category:American_anti-communists	Category:George_Washington_University_Law_School_alumni
set1	Horace	Ovid	Category:Latin-language_writers	Category:Golden_Age_Latin_writers	Category:1st-century_BC_Romans	Category:Roman-era_poets	Category:1st-century_BC_writers
set1	Vladimir_Horowitz	Shura_Cherkassky	Category:20th-century_classical_pianists	Category:American_classical_pianists	Category:Russian_classical_pianists	Category:Jewish_Ukrainian_musicians	Category:Male_classical_pianists	Category:Ukrainian_classical_pianists	Category:American_male_pianists	Category:20th-century_American_pianists	Category:Jewish_classical_pianists
set1	Horst_P._Horst	Irving_Penn	Category:Fashion_photographers	Category:Interior_photographers	Category:20th-century_American_photographers	Category:American_portrait_photographers
set1	Craig_Revel_Horwood	Natalie_Imbruglia	Category:Australian_emigrants_to_England	Category:Naturalised_citizens_of_the_United_Kingdom
set1	Stephen_Hough	Peter_Frankl	Category:British_classical_pianists	Category:Male_classical_pianists	Category:Piano_pedagogues
set1	A._E._Housman	Geoffrey_Hill	Category:English_male_poets	Category:20th-century_English_poets	Category:People_from_Bromsgrove
set1	Brittany_Howard	Cassadee_Pope	Category:21st-century_American_women_guitarists	Category:21st-century_American_guitarists	Category:American_female_rock_singers	Category:21st-century_American_women_singers	Category:American_rock_guitarists
set1	Daniel_Howell	Alfie_Deyes	Category:English_YouTubers	Category:English_video_bloggers	Category:Gaming_YouTubers	Category:Male_YouTubers
set1	Rock_Hudson	Hugh_O%27Brian	Category:American_male_television_actors	Category:American_male_stage_actors	Category:New_Trier_High_School_alumni	Category:American_male_film_actors	Category:People_from_Winnetka,_Illinois
set1	Tanya_Huff	Margaret_Atwood	Category:Women_science_fiction_and_fantasy_writers	Category:Canadian_women_novelists	Category:Canadian_science_fiction_writers
set1	Chris_Hughes	Mark_Zuckerberg	Category:21st-century_American_businesspeople	Category:American_Internet_celebrities	Category:Facebook_employees	Category:American_computer_businesspeople
set1	Langston_Hughes	Richard_Wright_(author)	Category:American_male_novelists	Category:20th-century_American_short_story_writers	Category:20th-century_American_poets	Category:African-American_novelists	Category:African-American_poets	Category:American_male_non-fiction_writers	Category:Spingarn_Medal_winners	Category:20th-century_American_novelists	Category:American_male_poets	Category:African-American_short_story_writers	Category:American_expatriates_in_France
set1	Emperor_Hui_of_Han	Emperor_Houshao_of_Han	Category:2nd-century_BC_Chinese_monarchs	Category:Western_Han_dynasty_emperors
set1	Tom_Hulce	Paul_Giamatti	Category:Male_actors_of_German_descent	Category:American_people_of_Dutch_descent	Category:American_people_of_German_descent	Category:American_male_stage_actors	Category:American_people_of_Irish_descent	Category:American_male_film_actors	Category:American_people_of_English_descent
set1	Linda_Hunt	Alisan_Porter	Category:20th-century_American_actresses	Category:21st-century_American_actresses	Category:Actresses_from_Connecticut	Category:American_television_actresses	Category:American_stage_actresses	Category:People_from_Westport,_Connecticut	Category:American_film_actresses
set1	Tab_Hunter	Eddie_Albert	Category:American_male_television_actors	Category:Warner_Bros._contract_players	Category:20th-century_American_singers	Category:Male_actors_of_German_descent	Category:American_male_singers	Category:American_people_of_German_descent	Category:American_male_stage_actors	Category:American_male_film_actors	Category:20th-century_male_singers
set1	Janis_Ian	Paul_Simon	Category:Guitarists_from_New_Jersey	Category:21st-century_American_guitarists	Category:American_folk_guitarists	Category:American_acoustic_guitarists	Category:Grammy_Award_winners	Category:Columbia_Records_artists	Category:Jewish_American_musicians	Category:American_singer-songwriters	Category:Jewish_American_songwriters	Category:20th-century_American_guitarists	Category:Jewish_folk_singers	Category:American_pop_guitarists	Category:American_folk_singers
set1	Mark_Indelicato	Frankie_Muniz	Category:American_male_television_actors	Category:Hispanic_and_Latino_American_male_actors	Category:American_male_child_actors	Category:American_people_of_Italian_descent	Category:American_male_film_actors	Category:Male_actors_of_Italian_descent	Category:American_people_of_Puerto_Rican_descent
set1	Christopher_Isherwood	George_R._R._Martin	Category:American_male_novelists	Category:American_conscientious_objectors	Category:20th-century_American_short_story_writers	Category:American_male_short_story_writers	Category:20th-century_American_novelists
set1	Maja_Ivarsson	Agnetha_F%C3%A4ltskog	Category:Swedish_female_musicians	Category:21st-century_Swedish_singers	Category:21st-century_Swedish_women_singers
set1	James_Ivory_(director)	Brad_Bird	Category:Screenwriters_from_California	Category:Writers_from_Oregon	Category:Film_directors_from_California	Category:American_male_screenwriters	Category:American_film_producers
set1	Jarosław_Iwaszkiewicz	Edward_Gierek	Category:Members_of_the_Polish_Sejm_1972%E2%80%931976	Category:Members_of_the_Polish_Sejm_1961%E2%80%931965	Category:Members_of_the_Polish_Sejm_1969%E2%80%931972	Category:Recipients_of_the_Order_of_the_Builders_of_People%27s_Poland	Category:Members_of_the_Polish_Sejm_1976%E2%80%931980	Category:Members_of_the_Polish_Sejm_1965%E2%80%931969
set1	Cheyenne_Jackson	Hank_Azaria	Category:American_male_television_actors	Category:21st-century_American_male_actors	Category:American_male_stage_actors	Category:Theatre_World_Award_winners	Category:American_male_musical_theatre_actors	Category:American_male_film_actors
set1	Colin_Jackson	Jonathan_Edwards_(triple_jumper)	Category:Athletes_(track_and_field)_at_the_1994_Commonwealth_Games	Category:European_Athletics_Championships_medalists	Category:Athletes_(track_and_field)_at_the_1990_Commonwealth_Games	Category:European_Athlete_of_the_Year_winners	Category:Athletes_(track_and_field)_at_the_2002_Commonwealth_Games	Category:AAA_Championships_winners	Category:Olympic_silver_medalists_in_athletics_(track_and_field)	Category:World_Athletics_Championships_athletes_for_Great_Britain	Category:Athletes_(track_and_field)_at_the_1988_Summer_Olympics	Category:World_Athletics_Championships_winners	Category:World_Athletics_Championships_medalists	Category:Commanders_of_the_Order_of_the_British_Empire	Category:Olympic_athletes_of_Great_Britain	Category:Athletes_(track_and_field)_at_the_1992_Summer_Olympics	Category:Olympic_silver_medallists_for_Great_Britain	Category:Commonwealth_Games_gold_medallists_in_athletics	Category:Athletes_(track_and_field)_at_the_1996_Summer_Olympics	Category:Goodwill_Games_medalists_in_athletics	Category:Athletes_(track_and_field)_at_the_2000_Summer_Olympics
set1	Joe_Jackson_(musician)	Howard_Jones_(English_musician)	Category:Musicians_from_Hampshire	Category:English_singer-songwriters	Category:English_new_wave_musicians	Category:Male_new_wave_singers
set1	Max_Jacob	Fran%C3%A7ois-Ren%C3%A9_de_Chateaubriand	Category:French_poets	Category:French_short_story_writers	Category:French_novelists	Category:Writers_from_Brittany	Category:French_children%27s_writers	Category:French_male_poets	Category:French_Roman_Catholics	Category:French_writers	Category:French_dramatists_and_playwrights	Category:French_essayists
set1	Derek_Jacobi	Ian_Holm	Category:English_male_television_actors	Category:21st-century_English_male_actors	Category:Actors_awarded_knighthoods	Category:English_male_stage_actors	Category:Critics%27_Circle_Theatre_Award_winners	Category:Outstanding_Performance_by_a_Cast_in_a_Motion_Picture_Screen_Actors_Guild_Award_winners	Category:20th-century_English_male_actors	Category:Audiobook_narrators	Category:Knights_Bachelor	Category:Tony_Award_winners	Category:Laurence_Olivier_Award_winners	Category:English_male_film_actors	Category:Commanders_of_the_Order_of_the_British_Empire	Category:Royal_Shakespeare_Company_members	Category:Alumni_of_the_Royal_Academy_of_Dramatic_Art
set1	Helen_Jacobs	Maureen_Connolly	Category:Wimbledon_champions_(pre-Open_Era)	Category:Grand_Slam_(tennis)_champions_in_women%27s_doubles	Category:International_Tennis_Hall_of_Fame_inductees	Category:Tennis_people_from_California	Category:Grand_Slam_(tennis)_champions_in_women%27s_singles	Category:American_female_tennis_players	Category:United_States_National_champions_(tennis)	Category:Grand_Slam_(tennis)_champions_in_mixed_doubles
set1	Marc_Jacobs	Ivanka_Trump	Category:American_fashion_businesspeople	Category:American_cosmetics_businesspeople	Category:Businesspeople_from_New_York_City	Category:Jewish_fashion_designers
set1	Abbi_Jacobson	Chelsea_Peretti	Category:American_women_comedians	Category:21st-century_American_actresses	Category:Jewish_American_writers	Category:American_stand-up_comedians	Category:Jewish_American_female_comedians	Category:American_women_podcasters
set1	Duncan_James	Simon_Webbe	Category:Blue_(English_band)_members	Category:British_contemporary_R%26B_singers	Category:Participants_in_British_reality_television_series
set1	Marlon_James_(novelist)	Peter_Abrahams	Category:Jamaican_male_novelists	Category:Recipients_of_the_Musgrave_Medal
set1	Sylvester_James	Barry_White	Category:20th-century_American_singers	Category:American_disco_singers	Category:American_dance_musicians	Category:Singers_from_Los_Angeles	Category:20th-century_male_singers
set1	Tove_Jansson	Rosa_Liksom	Category:Finnish_female_comics_artists	Category:Finnish_comics_artists	Category:Finnish_short_story_writers	Category:Finnish_children%27s_writers	Category:Finnish_women_novelists	Category:Finnish_women_short_story_writers	Category:Finnish_women_children%27s_writers
set1	Derek_Jarman	B._S._Johnson	Category:English_experimental_filmmakers	Category:British_experimental_filmmakers	Category:Alumni_of_King%27s_College_London
set1	Alfred_Jarry	Jules_Verne	Category:20th-century_French_novelists	Category:French_poets	Category:French_short_story_writers	Category:Breton_writers	Category:French_novelists	Category:French_children%27s_writers	Category:19th-century_French_novelists	Category:French_writers	Category:French_dramatists_and_playwrights	Category:French_essayists	Category:19th-century_French_dramatists_and_playwrights
set1	Roy_Jenkins	Harold_Wilson	Category:UK_MPs_1951%E2%80%931955	Category:Ministers_in_the_Wilson_governments,_1964%E2%80%931970	Category:UK_MPs_1970%E2%80%931974	Category:UK_MPs_1974%E2%80%931979	Category:Labour_Party_(UK)_MPs_for_English_constituencies	Category:UK_MPs_1964%E2%80%931966	Category:UK_MPs_1959%E2%80%931964	Category:UK_MPs_1966%E2%80%931970	Category:Members_of_the_Privy_Council_of_the_United_Kingdom	Category:UK_MPs_1974	Category:UK_MPs_1945%E2%80%931950	Category:Chairs_of_the_Fabian_Society	Category:UK_MPs_1979%E2%80%931983
set1	Jessie_J	Dua_Lipa	Category:Brit_Award_winners	Category:English_feminists	Category:British_contemporary_R%26B_singers	Category:English_women_in_electronic_music	Category:Electropop_musicians	Category:21st-century_English_women_singers	Category:Feminist_musicians	Category:Synth-pop_singers	Category:English_mezzo-sopranos
set1	Connor_Jessup	David_Cronenberg	Category:Film_directors_from_Toronto	Category:Canadian_male_film_actors	Category:Male_actors_from_Toronto	Category:Canadian_male_television_actors	Category:Writers_from_Toronto
set1	Michael_Jeter	Gregory_Hines	Category:American_male_television_actors	Category:20th-century_American_singers	Category:Theatre_World_Award_winners	Category:American_male_musical_theatre_actors	Category:Drama_Desk_Award_winners	Category:American_male_film_actors	Category:20th-century_male_singers	Category:Tony_Award_winners
set1	Sophia_Jex-Blake	Anna_Kingsford	Category:19th-century_English_medical_doctors	Category:English_women_medical_doctors	Category:19th-century_women_physicians	Category:English_feminists
set1	Emperor_Jing_of_Han	Emperor_Houshao_of_Han	Category:2nd-century_BC_Chinese_monarchs	Category:Western_Han_dynasty_emperors
set1	Peter_Jöback	Tommy_K%C3%B6rberg	Category:Swedish-language_singers	Category:Melodifestivalen_presenters	Category:Swedish_male_singers	Category:Swedish_male_musical_theatre_actors	Category:Melodifestivalen_contestants
set1	Elton_John	Andrew_Lloyd_Webber	Category:Broadway_composers_and_lyricists	Category:Kennedy_Center_honorees	Category:Brit_Award_winners	Category:Grammy_Award_winners	Category:Grammy_Legend_Award_winners	Category:Ivor_Novello_Award_winners	Category:Knights_Bachelor	Category:English_male_composers	Category:English_songwriters	Category:Golden_Globe_Award-winning_musicians	Category:English_musical_theatre_composers	Category:Best_Original_Song_Academy_Award-winning_songwriters	Category:Tony_Award_winners
set1	Gwen_John	Helen_Allingham	Category:Women_watercolorists	Category:19th-century_British_women_artists	Category:20th-century_British_women_artists
set1	Jasper_Johns	Chuck_Close	Category:American_male_painters	Category:21st-century_American_painters	Category:Members_of_the_American_Academy_of_Arts_and_Letters	Category:United_States_National_Medal_of_Arts_recipients	Category:20th-century_American_printmakers	Category:20th-century_American_painters	Category:National_Academy_of_Design_members	Category:Postmodern_artists
set1	Philip_Johnson	Frank_Gehry	Category:Pritzker_Architecture_Prize_winners	Category:Harvard_Graduate_School_of_Design_alumni	Category:Postmodern_architects	Category:20th-century_American_architects
set1	Van_Johnson	Barry_Sullivan_(American_actor)	Category:American_male_radio_actors	Category:20th-century_American_male_actors	Category:American_male_stage_actors	Category:Metro-Goldwyn-Mayer_contract_players	Category:American_male_film_actors
set1	Frances_Benjamin_Johnston	Jessie_Tarbox_Beals	Category:American_women_journalists	Category:20th-century_American_women_artists	Category:American_photojournalists	Category:20th-century_women_photographers	Category:19th-century_women_photographers	Category:20th-century_American_photographers	Category:19th-century_American_women_artists	Category:19th-century_American_photographers
set1	Angelina_Jolie	James_Haven	Category:American_people_of_French-Canadian_descent	Category:Film_directors_from_Los_Angeles	Category:American_people_of_Slovak_descent	Category:American_people_of_Dutch_descent	Category:Voight_family	Category:American_people_of_Wyandot_descent	Category:American_people_of_German_descent	Category:Film_producers_from_California	Category:American_film_producers
set1	Gerard_Joling	Rudi_Carrell	Category:People_from_Alkmaar	Category:Eurovision_Song_Contest_entrants_for_the_Netherlands
set1	Cherry_Jones	Viola_Davis	Category:20th-century_American_actresses	Category:21st-century_American_actresses	Category:American_stage_actresses	Category:Tony_Award_winners	Category:Drama_Desk_Award_winners	Category:American_film_actresses	Category:Audiobook_narrators
set1	Cleve_Jones	Mathilde_Krim	Category:American_health_activists	Category:HIV/AIDS_activists
set1	Jim_Jones	Eric_Harris_and_Dylan_Klebold	Category:Criminals_who_committed_suicide	Category:American_male_criminals	Category:American_mass_murderers	Category:American_murderers_of_children	Category:Murderers_who_committed_suicide	Category:Male_suicides	Category:20th-century_American_criminals
set1	Jónsi	Nanna_Brynd%C3%ADs_Hilmarsd%C3%B3ttir	Category:English-language_singers_from_Iceland	Category:Icelandic_rock_guitarists	Category:Lead_guitarists	Category:21st-century_Icelandic_singers
set1	Janis_Joplin	Solange_Knowles	Category:Columbia_Records_artists	Category:Singers_from_Texas	Category:American_female_singer-songwriters	Category:Songwriters_from_Texas	Category:American_rhythm_and_blues_singer-songwriters
set1	Barbara_Jordan	John_Lewis	Category:Presidential_Medal_of_Freedom_recipients	Category:Democratic_Party_members_of_the_United_States_House_of_Representatives	Category:African-American_Christians	Category:African-American_members_of_the_United_States_House_of_Representatives	Category:20th-century_Baptists	Category:20th-century_American_politicians	Category:Spingarn_Medal_winners
set1	Orlando_Jordan	Kofi_Kingston	Category:Expatriate_professional_wrestlers	Category:African-American_male_professional_wrestlers	Category:American_male_professional_wrestlers	Category:NWA/WCW/WWE_United_States_Heavyweight_Champions
set1	Marcel_Jouhandeau	L%C3%A9on_Daudet	Category:20th-century_French_novelists	Category:French_collaborators_with_Nazi_Germany	Category:20th-century_French_male_writers	Category:People_affiliated_with_Action_Fran%C3%A7aise
set1	Robert_Joy	Peter_Cullen	Category:Canadian_male_film_actors	Category:Male_actors_from_Montreal	Category:Canadian_male_video_game_actors	Category:Canadian_male_television_actors	Category:20th-century_Canadian_male_actors	Category:Anglophone_Quebec_people
set1	Mychal_F._Judge	Charles_Coughlin	Category:20th-century_American_Roman_Catholic_priests	Category:American_Roman_Catholic_clergy_of_Irish_descent
set1	Miranda_July	Olivia_Wilde	Category:Actresses_from_Vermont	Category:American_feminists	Category:American_film_actresses	Category:American_women_film_directors	Category:Film_directors_from_Vermont
set1	Frida_Kahlo	Diego_Rivera	Category:Mexican_people_of_Spanish_descent	Category:Frida_Kahlo	Category:Latin_American_artists_of_indigenous_descent	Category:Mexican_people_of_indigenous_peoples_descent	Category:20th-century_Mexican_painters	Category:Escuela_Nacional_de_Pintura,_Escultura_y_Grabado_%22La_Esmeralda%22_faculty	Category:Artists_from_Mexico_City
set1	Ferdinand_Karsch	Peter_Simon_Pallas	Category:German_arachnologists	Category:German_taxonomists	Category:19th-century_German_zoologists	Category:19th-century_German_male_writers
set1	Yoshiko_Kawashima	Qu_Qiubai	Category:People_executed_by_the_Republic_of_China_by_firing_squad	Category:20th-century_executions_by_China	Category:Executed_Republic_of_China_people
set1	Ellsworth_Kelly	Frank_Stella	Category:21st-century_American_artists	Category:American_male_painters	Category:21st-century_American_painters	Category:Honorary_Members_of_the_Royal_Academy	Category:20th-century_American_sculptors	Category:Abstract_painters	Category:20th-century_American_printmakers	Category:American_abstract_artists	Category:American_male_sculptors	Category:21st-century_male_artists	Category:21st-century_American_sculptors	Category:Minimalist_artists
set1	Patsy_Kelly	Charlotte_Greenwood	Category:20th-century_American_actresses	Category:American_radio_actresses	Category:20th-century_American_singers	Category:20th-century_American_dancers	Category:American_musical_theatre_actresses	Category:American_female_dancers	Category:20th-century_American_women_singers	Category:Vaudeville_performers	Category:American_film_actresses
set1	Brian_Kennedy_(singer)	Van_Morrison	Category:Musicians_from_Belfast	Category:Van_Morrison
set1	Gus_Kenworthy	Alfie_Deyes	Category:English_YouTubers	Category:English_video_bloggers	Category:Male_YouTubers
set1	J._Warren_Kerrigan	Lon_Chaney	Category:American_film_directors	Category:American_male_silent_film_actors	Category:Silent_film_directors	Category:Vaudeville_performers	Category:Burials_at_Forest_Lawn_Memorial_Park_(Glendale)	Category:American_male_film_actors
set1	Karl-Maria_Kertbeny	Peter_Cornelius	Category:German_male_journalists	Category:19th-century_German_journalists	Category:19th-century_German_male_writers
set1	Kesha	Ciara	Category:American_contemporary_R%26B_singers	Category:American_hip_hop_singers	Category:American_female_hip_hop_musicians	Category:21st-century_American_women_singers	Category:Electropop_musicians	Category:American_singer-songwriters	Category:American_pop_singers	Category:American_female_singer-songwriters	Category:American_dance_musicians	Category:American_female_pop_singers
set1	John_Maynard_Keynes	Frank_Ramsey_(mathematician)	Category:English_atheists	Category:Cambridge_University_Moral_Sciences_Club	Category:Probability_theorists	Category:English_economists	Category:English_philosophers	Category:People_from_Cambridge	Category:Fellows_of_King%27s_College,_Cambridge	Category:20th-century_economists
set1	Yevgeny_Kharitonov_(poet)	Alexander_Blok	Category:Russian_male_dramatists_and_playwrights	Category:20th-century_Russian_male_writers	Category:20th-century_dramatists_and_playwrights	Category:Russian_male_poets
set1	Caitlín_R._Kiernan	Pat_Cadigan	Category:20th-century_American_short_story_writers	Category:20th-century_American_women_writers	Category:American_women_novelists	Category:21st-century_American_novelists	Category:Women_science_fiction_and_fantasy_writers	Category:20th-century_American_novelists	Category:American_science_fiction_writers	Category:21st-century_American_women_writers	Category:21st-century_American_short_story_writers	Category:World_Fantasy_Award-winning_writers
set1	Billie_Jean_King	Chris_Evert	Category:Wimbledon_champions	Category:Tennis_commentators	Category:Grand_Slam_(tennis)_champions_in_women%27s_doubles	Category:International_Tennis_Hall_of_Fame_inductees	Category:World_No._1_tennis_players	Category:US_Open_(tennis)_champions	Category:Grand_Slam_(tennis)_champions_in_women%27s_singles	Category:French_Open_champions	Category:American_female_tennis_players	Category:Women_sports_announcers
set1	Diana_King	Grace_Jones	Category:Jamaican_female_singers	Category:20th-century_women_singers	Category:21st-century_Jamaican_singers	Category:20th-century_Jamaican_singers	Category:21st-century_women_singers	Category:People_from_Saint_Catherine_Parish
set1	Kaki_King	Cat_Power	Category:21st-century_American_women_guitarists	Category:21st-century_American_guitarists	Category:Musicians_from_Atlanta	Category:Guitarists_from_Georgia_(U.S._state)	Category:21st-century_American_women_singers	Category:20th-century_American_guitarists	Category:American_female_singer-songwriters	Category:20th-century_American_women_guitarists	Category:Songwriters_from_Georgia_(U.S._state)
set1	Alfred_Kinsey	William_Masters	Category:American_relationships_and_sexuality_writers	Category:American_sexologists	Category:Sex_educators	Category:American_male_non-fiction_writers
set1	Hayley_Kiyoko	Mari%C3%A9_Digby	Category:American_musicians_of_Japanese_descent	Category:21st-century_American_women_singers	Category:American_women_guitarists	Category:American_women_musicians_of_Japanese_descent	Category:American_pop_singers	Category:American_female_singer-songwriters	Category:American_child_singers	Category:American_female_pop_singers
set1	Fritz_Klein_(sex_researcher)	Fred_Zinnemann	Category:Austrian_emigrants_to_the_United_States	Category:Austrian_Jews
set1	Ilana_Kloss	Ashleigh_Barty	Category:Grand_Slam_(tennis)_champions_in_girls%27_singles	Category:Grand_Slam_(tennis)_champions_in_women%27s_doubles	Category:US_Open_(tennis)_champions	Category:French_Open_champions	Category:Wimbledon_junior_champions
set1	Anna_Elizabeth_Klumpke	Lucy_Bacon	Category:Artists_from_San_Francisco	Category:20th-century_American_women_artists	Category:American_women_painters	Category:19th-century_American_painters	Category:Painters_from_California	Category:20th-century_American_painters	Category:19th-century_American_women_artists	Category:American_expatriates_in_France
set1	Nikolai_Klyuev	Osip_Mandelstam	Category:20th-century_Russian_poets	Category:Russian_male_poets	Category:Soviet_dissidents	Category:Great_Purge_victims_from_Russia
set1	Frankie_Knuckles	Todd_Terry	Category:Electronic_dance_music_DJs	Category:Deep_house_musicians	Category:American_house_musicians	Category:Club_DJs	Category:DJs_from_New_York_City	Category:African-American_DJs	Category:Remixers
set1	Boris_Kochno	Mikhail_Savoyarov	Category:Writers_from_Moscow	Category:20th-century_Russian_male_writers	Category:Russian_male_poets	Category:Musicians_from_Moscow
set1	Helmut_Kolle	Max_Ackermann	Category:German_male_painters	Category:20th-century_German_painters	Category:Artists_from_Berlin
set1	Grand_Duke_Konstantin_Konstantinovich_of_Russia	Grand_Duke_Michael_Alexandrovich_of_Russia	Category:Recipients_of_the_Order_of_St._Andrew	Category:Grand_Croix_of_the_L%C3%A9gion_d%27honneur	Category:Grand_Crosses_of_the_Saxe-Ernestine_House_Order	Category:Recipients_of_the_Order_of_the_Redeemer	Category:19th-century_Russian_people	Category:Recipients_of_the_Order_of_the_White_Eagle_(Russia)	Category:Russian_grand_dukes	Category:Grand_Crosses_of_the_House_Order_of_the_Wendish_Crown	Category:House_of_Holstein-Gottorp-Romanov	Category:Recipients_of_the_Order_of_St._George_of_the_Fourth_Degree
set1	Michael_Kors	Anna_Sui	Category:American_fashion_businesspeople	Category:Eyewear_brands_of_the_United_States
set1	Jon_Kortajarena	Gorka_Otxoa	Category:Basque_male_actors	Category:Spanish_male_film_actors	Category:21st-century_Spanish_male_actors	Category:Spanish_male_television_actors
set1	Sofia_Kovalevskaya	Sofya_Kovalevskaya	Category:19th-century_Russian_women	Category:Russian_mathematicians	Category:19th-century_women_scientists	Category:19th-century_Russian_mathematicians	Category:Women_mathematicians	Category:Swedish_people_of_Russian_descent	Category:19th-century_Russian_women_writers	Category:Deaths_from_the_1889%E2%80%931890_flu_pandemic	Category:19th-century_Russian_writers	Category:19th-century_Russian_novelists	Category:Swedish_mathematicians	Category:Heidelberg_University_alumni	Category:Russian_women_novelists	Category:Stockholm_University_alumni	Category:Russian_nihilists	Category:20th-century_Russian_writers	Category:Imperial_Russian_women_scientists
set1	Larry_Kramer	William_Goldman	Category:American_male_novelists	Category:21st-century_American_dramatists_and_playwrights	Category:Jewish_American_novelists	Category:American_male_screenwriters	Category:Deaths_from_pneumonia	Category:20th-century_American_novelists	Category:American_male_dramatists_and_playwrights	Category:Jewish_American_dramatists_and_playwrights
set1	Anton_Krasovsky	Anna_Politkovskaya	Category:21st-century_Russian_journalists	Category:20th-century_Russian_journalists
set1	Kim_Kulig	Kerstin_Garefrekes	Category:Germany_women%27s_international_footballers	Category:2011_FIFA_Women%27s_World_Cup_players	Category:Women%27s_association_football_forwards	Category:German_women%27s_footballers	Category:1._FFC_Frankfurt_players	Category:UEFA_Women%27s_Championship-winning_players	Category:Women%27s_association_football_midfielders
set1	Nancy_Kulp	Angela_Bassett	Category:20th-century_American_actresses	Category:California_Democrats	Category:American_television_actresses	Category:Florida_Democrats	Category:Actresses_from_Florida	Category:American_film_actresses	Category:American_voice_actresses
set1	Ellen_Kushner	Andre_Norton	Category:20th-century_American_women_writers	Category:American_women_novelists	Category:21st-century_American_novelists	Category:American_fantasy_writers	Category:Novelists_from_Ohio	Category:Women_science_fiction_and_fantasy_writers	Category:Writers_from_Cleveland	Category:20th-century_American_novelists	Category:21st-century_American_women_writers	Category:World_Fantasy_Award-winning_writers
set1	Tony_Kushner	David_Mamet	Category:21st-century_American_dramatists_and_playwrights	Category:Pulitzer_Prize_for_Drama_winners	Category:Members_of_the_American_Academy_of_Arts_and_Letters	Category:American_male_dramatists_and_playwrights	Category:Jewish_American_dramatists_and_playwrights
set1	Dmitry_Kuzmin	Valery_Bryusov	Category:20th-century_Russian_male_writers	Category:Soviet_male_writers	Category:Soviet_literary_historians	Category:Russian_male_poets
set1	Mikhail_Kuzmin	Fyodor_Sologub	Category:Russian_male_dramatists_and_playwrights	Category:Symbolist_dramatists_and_playwrights	Category:Russian_male_novelists	Category:Russian_male_poets
set1	Bruce_LaBruce	David_Cronenberg	Category:English-language_film_directors	Category:Canadian_experimental_filmmakers	Category:Horror_film_directors	Category:Film_directors_from_Toronto	Category:Canadian_screenwriters	Category:Writers_from_Toronto
set1	David_LaChapelle	Terry_Richardson	Category:American_music_video_directors	Category:Fashion_photographers	Category:21st-century_American_photographers
set1	Lady_Sovereign	Katy_B	Category:English_female_rappers	Category:English_female_singers	Category:Rappers_from_London
set1	Jean-Luc_Lagarce	Philippe_Soupault	Category:French_short_story_writers	Category:French_male_dramatists_and_playwrights	Category:20th-century_French_dramatists_and_playwrights	Category:20th-century_French_male_writers	Category:French_male_short_story_writers
set1	Karl_Lagerfeld	Jil_Sander	Category:German_fashion_businesspeople	Category:Businesspeople_from_Hamburg	Category:German_fashion_designers
set1	Selma_Lagerlöf	Astrid_Lindgren	Category:Swedish_children%27s_writers	Category:Swedish-language_writers	Category:20th-century_Swedish_novelists	Category:Illis_Quorum_recipients	Category:Swedish_women_children%27s_writers
set1	Adam_Lambert	Michael_Jackson	Category:Songwriters_from_Indiana	Category:American_tenors	Category:Songwriters_from_California	Category:American_pop_singers	Category:American_dance_musicians	Category:American_rock_songwriters	Category:American_rock_singers
set1	Mary_Lambert_(singer)	Judy_Collins	Category:Songwriters_from_Washington_(state)	Category:21st-century_American_women_singers	Category:American_singer-songwriters	Category:American_female_singer-songwriters	Category:Singers_from_Washington_(state)	Category:Musicians_from_Seattle
set1	Wanda_Landowska	Elisabeth_Chojnacka	Category:Musicians_from_Warsaw	Category:French_harpsichordists	Category:Polish_harpsichordists	Category:Chopin_University_of_Music_alumni
set1	Jessica_Landström	Fridolina_Rolf%C3%B6	Category:Swedish_women%27s_footballers	Category:Swedish_expatriate_footballers	Category:Damallsvenskan_players	Category:Women%27s_association_football_forwards	Category:Swedish_expatriate_sportspeople_in_Germany	Category:Link%C3%B6pings_FC_players	Category:Sweden_women%27s_international_footballers	Category:Olympic_footballers_of_Sweden	Category:Expatriate_women%27s_footballers_in_Germany	Category:Swedish_footballers
set1	Nathan_Lane	Philip_Bosco	Category:American_male_television_actors	Category:21st-century_American_male_actors	Category:American_male_stage_actors	Category:20th-century_American_male_actors	Category:Drama_Desk_Award_winners	Category:Male_actors_from_Jersey_City,_New_Jersey	Category:St._Peter%27s_Preparatory_School_alumni	Category:American_male_film_actors	Category:Tony_Award_winners
set1	K.d._lang	Shania_Twain	Category:Canadian_female_country_singers	Category:Canadian_people_of_English_descent	Category:21st-century_Canadian_singers	Category:Grammy_Award_winners	Category:Canadian_female_pop_singers	Category:Canadian_country_singer-songwriters	Category:20th-century_Canadian_women_singers	Category:Officers_of_the_Order_of_Canada	Category:Juno_Award_for_Songwriter_of_the_Year_winners	Category:Canadian_country_guitarists	Category:21st-century_Canadian_women_singers	Category:20th-century_Canadian_singers	Category:Canadian_Country_Music_Association_Fans%27_Choice_Award_winners	Category:Canadian_Music_Hall_of_Fame_inductees
set1	Ruby_Rose_Langenheim	Erin_McNaught	Category:Australian_television_presenters	Category:Australian_music_critics	Category:Australian_music_journalists
set1	Charles_Laughton	Ben_Kingsley	Category:English_male_stage_actors	Category:Grammy_Award_winners	Category:Male_actors_from_Yorkshire	Category:20th-century_English_male_actors	Category:Actors_from_Scarborough,_North_Yorkshire	Category:English_male_film_actors	Category:Best_Actor_Academy_Award_winners
set1	Duncan_Laurence	Edsilia_Rombley	Category:21st-century_Dutch_singers	Category:Eurovision_Song_Contest_entrants_for_the_Netherlands
set1	Lawrence_v._Texas	Roe_v._Wade	Category:Right_to_privacy_under_the_United_States_Constitution	Category:United_States_privacy_case_law	Category:American_Civil_Liberties_Union_litigation	Category:United_States_substantive_due_process_case_law	Category:United_States_Supreme_Court_cases
set1	T._E._Lawrence	Margaret_Murray	Category:20th-century_British_writers	Category:20th-century_archaeologists	Category:British_archaeologists
set1	Jan_Lechoń	Julian_Tuwim	Category:Polish_male_poets	Category:Golden_Laurel_of_the_Polish_Academy_of_Literature	Category:20th-century_Polish_poets	Category:20th-century_male_writers
set1	Violette_Leduc	Marguerite_Duras	Category:20th-century_French_novelists	Category:Women_erotica_writers	Category:French_erotica_writers	Category:20th-century_French_women_writers	Category:French_women_novelists
set1	Rex_Lee_(actor)	Booboo_Stewart	Category:American_male_television_actors	Category:21st-century_American_male_actors	Category:Male_actors_from_California	Category:American_male_film_actors	Category:American_male_actors_of_Korean_descent
set1	Eva_Le_Gallienne	Rachel_Weisz	Category:Actresses_from_London	Category:20th-century_British_actresses	Category:American_television_actresses	Category:People_with_acquired_American_citizenship	Category:American_stage_actresses	Category:British_emigrants_to_the_United_States	Category:American_film_actresses
set1	Annie_Leibovitz	Sally_Mann	Category:American_women_photographers	Category:21st-century_women_photographers	Category:20th-century_American_women_artists	Category:20th-century_women_photographers	Category:21st-century_American_women_artists	Category:20th-century_American_photographers	Category:21st-century_American_photographers	Category:American_portrait_photographers
set1	Julia_Lemigova	Maria_Butina	Category:Russian_women_in_business	Category:21st-century_Russian_businesspeople
set1	Yoann_Lemoine	Christophe_(singer)	Category:French_pop_musicians	Category:French_male_singer-songwriters
set1	Tamara_de_Lempicka	Serge_Lifar	Category:Imperial_Russian_emigrants_to_Switzerland	Category:White_Russian_emigrants_to_Switzerland	Category:White_Russian_emigrants_to_France	Category:Imperial_Russian_emigrants_to_France
set1	Tom_Lenk	Steve_Martin	Category:21st-century_American_male_actors	Category:University_of_California,_Los_Angeles_alumni	Category:20th-century_American_male_actors	Category:Male_actors_from_California	Category:American_male_film_actors
set1	Robert_Lentz	R._B._Kitaj	Category:20th-century_American_painters	Category:American_male_painters	Category:21st-century_American_painters	Category:21st-century_male_artists
set1	Zoe_Leonard	Carrie_Mae_Weems	Category:20th-century_American_women_artists	Category:21st-century_women_photographers	Category:20th-century_women_photographers	Category:21st-century_American_women_artists	Category:Photographers_from_New_York_(state)
set1	Phil_Lester	Alfie_Deyes	Category:English_YouTubers	Category:English_video_bloggers	Category:Gaming_YouTubers
set1	J._C._Leyendecker	Frederic_Remington	Category:Culture_of_New_Rochelle,_New_York	Category:American_male_painters	Category:Artists_from_New_Rochelle,_New_York	Category:19th-century_American_painters
set1	Liberace	Hoagy_Carmichael	Category:American_male_television_actors	Category:20th-century_American_singers	Category:Male_actors_from_Palm_Springs,_California	Category:Musicians_from_Palm_Springs,_California	Category:American_male_pianists	Category:American_male_film_actors	Category:20th-century_American_pianists
set1	Sebastián_Ligarde	Yolanda_Montes	Category:Mexican_people_of_American_descent	Category:American_people_of_French_descent	Category:American_emigrants_to_Mexico	Category:Mexican_people_of_French_descent
set1	Lil_Nas_X	Jermaine_Dupri	Category:Rappers_from_Atlanta	Category:African-American_male_rappers	Category:Southern_hip_hop_musicians	Category:Grammy_Award_winners
set1	Lil_Peep	XXXTentacion	Category:Emo_rap_musicians	Category:American_hip_hop_musicians	Category:Mumble_rappers
set1	José_Lezama_Lima	Cintio_Vitier	Category:Cuban_male_poets	Category:20th-century_Cuban_poets	Category:Cuban_essayists	Category:20th-century_Cuban_novelists	Category:20th-century_essayists	Category:People_from_Havana	Category:Cuban_male_novelists	Category:Male_essayists	Category:20th-century_male_writers
set1	Limahl	Gary_Numan	Category:20th-century_English_singers	Category:Male_new_wave_singers	Category:21st-century_English_singers	Category:British_synth-pop_new_wave_musicians	Category:English_new_wave_musicians	Category:21st-century_male_singers	Category:20th-century_male_singers
set1	Hedvig_Lindahl	Sofia_Jakobsson	Category:Swedish_women%27s_footballers	Category:Olympic_medalists_in_football	Category:Swedish_expatriate_footballers	Category:Footballers_at_the_2012_Summer_Olympics	Category:2011_FIFA_Women%27s_World_Cup_players	Category:Damallsvenskan_players	Category:2015_FIFA_Women%27s_World_Cup_players	Category:Medalists_at_the_2016_Summer_Olympics	Category:Expatriate_women%27s_footballers_in_England	Category:Chelsea_F.C._Women_players	Category:2019_FIFA_Women%27s_World_Cup_players	Category:Olympic_footballers_of_Sweden	Category:Sweden_women%27s_international_footballers	Category:FA_Women%27s_Super_League_players	Category:FIFA_Century_Club	Category:Footballers_at_the_2016_Summer_Olympics	Category:Olympic_silver_medalists_for_Sweden	Category:Swedish_footballers
set1	Erika_Linder	Anita_Ekberg	Category:Swedish_female_models	Category:Swedish_film_actresses	Category:21st-century_Swedish_actresses
set1	Anne_Lister	Harriet_Arbuthnot	Category:EngvarB_from_October_2013	Category:Women_diarists	Category:Women_of_the_Regency_era	Category:19th-century_women_writers	Category:English_diarists
set1	Tove_Lo	Robyn	Category:Swedish_expatriates_in_the_United_States	Category:Swedish_songwriters	Category:Swedish_electronic_musicians	Category:21st-century_Swedish_women_singers	Category:Swedish_pop_singers	Category:Musicians_from_Stockholm	Category:Swedish_female_singers	Category:Electropop_musicians	Category:Synth-pop_singers	Category:Swedish_women_in_electronic_music	Category:Singers_from_Stockholm	Category:21st-century_Swedish_singers
set1	Alain_LeRoy_Locke	W._E._B._Du_Bois	Category:American_philosophers	Category:African-American_writers	Category:African-American_educators	Category:20th-century_American_non-fiction_writers	Category:American_male_non-fiction_writers	Category:African-American_academics	Category:American_academic_administrators	Category:African-American_philosophers
set1	Sean_Paul_Lockhart	Tom_Byron	Category:American_pornographic_film_directors	Category:American_male_pornographic_film_actors	Category:American_pornographic_film_producers
set1	Frederick_Loewe	Hoagy_Carmichael	Category:20th-century_American_composers	Category:Broadway_composers_and_lyricists	Category:20th-century_American_male_musicians	Category:Musicians_from_Palm_Springs,_California	Category:Songwriters_from_California	Category:American_musical_theatre_composers	Category:Best_Original_Song_Academy_Award-winning_songwriters
set1	John_Logan_(writer)	James_L._Brooks	Category:Screenwriters_from_New_Jersey	Category:Film_producers_from_New_Jersey	Category:Film_producers_from_New_York_(state)	Category:Writers_Guild_of_America_Award_winners	Category:Screenwriters_from_New_York_(state)	Category:Golden_Globe_Award-winning_producers	Category:American_male_screenwriters	Category:American_television_writers
set1	Kristanna_Loken	Brooke_Shields	Category:20th-century_American_actresses	Category:21st-century_American_actresses	Category:American_television_actresses	Category:American_people_of_German_descent	Category:Actresses_of_German_descent	Category:American_child_actresses	Category:American_film_actresses	Category:Actresses_from_New_York_(state)	Category:American_female_models
set1	Lindsay_Lohan	Debbie_Gibson	Category:20th-century_American_actresses	Category:American_female_pop_singers	Category:People_from_Merrick,_New_York	Category:21st-century_American_actresses	Category:American_television_actresses	Category:21st-century_American_women_singers	Category:Singers_from_New_York_(state)	Category:American_pop_singers	Category:American_film_actresses	Category:American_child_singers	Category:Actresses_from_New_York_(state)
set1	Bjørn_Lomborg	Hans_%C3%98rberg	Category:University_of_Copenhagen_alumni	Category:Danish_academics
set1	Stacy_London	Anna_Wintour	Category:Women_magazine_editors	Category:American_magazine_editors	Category:American_women_journalists	Category:American_fashion_journalists	Category:Journalists_from_New_York_City
set1	Keiynan_Lonsdale	Hugh_Jackman	Category:21st-century_Australian_male_actors	Category:Male_actors_from_Sydney	Category:Australian_male_film_actors	Category:Australian_male_television_actors
set1	Audre_Lorde	Joy_Davidman	Category:20th-century_American_women_writers	Category:American_women_novelists	Category:20th-century_American_poets	Category:Novelists_from_New_York_(state)	Category:20th-century_American_novelists	Category:American_women_poets	Category:Hunter_College_alumni
set1	Max_Lorenz_(tenor)	Siegfried_Jerusalem	Category:German_operatic_tenors	Category:20th-century_German_male_musicians	Category:Heldentenors	Category:20th-century_male_singers
set1	Greg_Louganis	David_Boudia	Category:Olympic_divers_of_the_United_States	Category:Participants_in_American_reality_television_series	Category:Pan_American_Games_gold_medalists_for_the_United_States	Category:Olympic_silver_medalists_for_the_United_States_in_diving	Category:Pan_American_Games_medalists_in_diving	Category:American_male_divers	Category:Olympic_gold_medalists_for_the_United_States_in_diving
set1	Matt_Lucas_(comedian)	David_Walliams	Category:English_television_writers	Category:English_male_television_actors	Category:21st-century_English_male_actors	Category:British_male_television_writers	Category:21st-century_English_comedians	Category:English_television_producers	Category:20th-century_English_male_actors	Category:British_sketch_comedians	Category:Little_Britain	Category:English_male_film_actors	Category:Alumni_of_the_University_of_Bristol	Category:National_Youth_Theatre_members	Category:20th-century_English_comedians	Category:British_male_comedy_actors
set1	Michael_Lucas_(director)	Tom_Byron	Category:American_pornographic_film_directors	Category:American_male_pornographic_film_actors	Category:American_pornographic_film_producers
set1	Ludwig_II_of_Bavaria	Rudolf,_Crown_Prince_of_Austria	Category:Recipients_of_the_Order_of_the_White_Falcon	Category:Royalty_who_committed_suicide	Category:Grand_Crosses_of_the_Saxe-Ernestine_House_Order	Category:Recipients_of_the_House_Order_of_Fidelity	Category:Knights_Grand_Cross_of_the_Order_of_the_Z%C3%A4hringer_Lion	Category:1880s_suicides	Category:Knights_of_the_Golden_Fleece_of_Austria	Category:Knights_Grand_Cross_of_the_Ludwigsorden	Category:Male_suicides	Category:Grand_Crosses_of_the_Order_of_Saint_Stephen_of_Hungary	Category:Recipients_of_the_Order_of_the_Black_Eagle	Category:Recipients_of_the_Order_of_the_Rue_Crown	Category:Knights_of_the_Order_of_Saint_Hubert
set1	Jean-Baptiste_Lully	Fran%C3%A7ois_Francoeur	Category:Male_opera_composers	Category:French_opera_composers	Category:Directors_of_the_Paris_Opera	Category:French_Baroque_composers	Category:Composers_with_IMSLP_links
set1	Lydia_Lunch	Patti_Smith	Category:21st-century_American_women_writers	Category:Female_punk_rock_singers	Category:20th-century_American_women_writers	Category:20th-century_American_poets	Category:American_women_guitarists	Category:20th-century_American_guitarists	Category:American_women_poets	Category:21st-century_American_poets
set1	Andreas_Lundstedt	M%C3%A5ns_Zelmerl%C3%B6w	Category:Swedish_pop_singers	Category:Swedish_male_singers	Category:Melodifestivalen_contestants	Category:English-language_singers_from_Sweden
set1	Billy_Lunn_(musician)	The_Subways	Category:Cooking_Vinyl_artists	Category:British_post-grunge_groups	Category:Musicians_from_Hertfordshire	Category:Musical_groups_established_in_2003	Category:British_musical_trios	Category:Infectious_Music_artists	Category:Warner_Records_artists	Category:People_educated_at_Richard_Hale_School	Category:English_indie_rock_groups
set1	Hubert_Lyautey	Joseph_Gallieni	Category:World_War_I	Category:French_military_personnel_of_World_War_I	Category:%C3%89cole_Sp%C3%A9ciale_Militaire_de_Saint-Cyr_alumni	Category:Marshals_of_France	Category:People_of_the_French_Third_Republic
set1	Jane_Lynch	Cloris_Leachman	Category:20th-century_American_actresses	Category:American_atheists	Category:American_women_comedians	Category:21st-century_American_actresses	Category:American_television_actresses	Category:Illinois_State_University_alumni	Category:American_stage_actresses	Category:American_film_actresses	Category:American_voice_actresses
set1	George_Platt_Lynes	Irving_Penn	Category:Fashion_photographers	Category:20th-century_male_artists	Category:20th-century_American_photographers	Category:Commercial_photographers	Category:American_portrait_photographers
set1	Luke_Macfarlane	Ryan_Gosling	Category:Canadian_male_film_actors	Category:Canadian_male_television_actors	Category:Canadian_expatriate_male_actors_in_the_United_States	Category:Male_actors_from_London,_Ontario
set1	Pearl_Mackie	Emma_Thompson	Category:British_stage_actresses	Category:British_film_actresses	Category:Labour_Party_(UK)_people	Category:British_television_actresses	Category:21st-century_British_actresses
set1	Rachel_Maddow	Adam_Kokesh	Category:American_talk_radio_hosts	Category:American_anti%E2%80%93Iraq_War_activists	Category:Activists_from_the_San_Francisco_Bay_Area	Category:21st-century_American_non-fiction_writers	Category:American_podcasters
set1	George_Maharis	Christopher_George	Category:American_male_television_actors	Category:Playgirl_Men_of_the_Month	Category:American_people_of_Greek_descent	Category:20th-century_American_male_actors	Category:Male_actors_of_Greek_descent	Category:American_male_film_actors
set1	Sean_Maher	Alec_Baldwin	Category:American_male_television_actors	Category:American_male_voice_actors	Category:21st-century_American_male_actors	Category:Male_actors_from_New_York_(state)	Category:Tisch_School_of_the_Arts_alumni	Category:American_male_film_actors
set1	Mahmud_of_Ghazni	Kerbogha	Category:Turkic_rulers	Category:11th-century_rulers_in_Asia
set1	Suzanne_Malherbe	Valentine_Hugo	Category:20th-century_French_women_artists	Category:Surrealist_artists	Category:French_surrealist_artists	Category:Women_surrealist_artists
set1	Jeanne_Mammen	Max_Ackermann	Category:20th-century_German_painters	Category:Artists_from_Berlin
set1	Barry_Manilow	Dennis_Russell_Davies	Category:Juilliard_School_alumni	Category:20th-century_American_conductors_(music)	Category:American_male_conductors_(music)	Category:Grammy_Award_winners	Category:21st-century_American_conductors_(music)	Category:American_male_pianists	Category:20th-century_American_pianists
set1	Erika_Mann	Herta_M%C3%BCller	Category:20th-century_German_women_writers	Category:20th-century_essayists	Category:German_women_novelists	Category:German_essayists	Category:German_women_essayists	Category:20th-century_German_novelists
set1	Klaus_Mann	Lion_Feuchtwanger	Category:Swiss_writers_in_German	Category:German_male_novelists	Category:20th-century_German_male_writers	Category:Austrian_writers	Category:German_male_dramatists_and_playwrights	Category:People_educated_at_the_Wilhelmsgymnasium_(Munich)	Category:Liechtenstein_writers	Category:Exilliteratur_writers	Category:People_from_the_Kingdom_of_Bavaria	Category:German_writers	Category:Jewish_emigrants_from_Nazi_Germany_to_the_United_States	Category:20th-century_German_dramatists_and_playwrights
set1	Thomas_Mann	Heinrich_Mann	Category:Swiss_writers_in_German	Category:Mann_family	Category:German_male_novelists	Category:German_anti-fascists	Category:Austrian_writers	Category:Writers_from_L%C3%BCbeck	Category:Liechtenstein_writers	Category:German_essayists	Category:Exilliteratur_writers	Category:German_writers	Category:German_people_of_Brazilian_descent	Category:People_of_the_Weimar_Republic
set1	Katherine_Mansfield	Janet_Frame	Category:20th-century_New_Zealand_short_story_writers	Category:New_Zealand_women_poets	Category:20th-century_New_Zealand_women_writers	Category:New_Zealand_women_short_story_writers
set1	Joe_Mantello	Philip_Bosco	Category:American_people_of_Italian_descent	Category:21st-century_American_male_actors	Category:American_male_stage_actors	Category:20th-century_American_male_actors	Category:Drama_Desk_Award_winners	Category:Male_actors_of_Italian_descent	Category:Tony_Award_winners
set1	Jay_Manuel	Michael_Snow	Category:Canadian_photographers	Category:Artists_from_Toronto
set1	Robert_Mapplethorpe	Joel-Peter_Witkin	Category:Nude_photography	Category:20th-century_American_photographers	Category:Photographers_from_New_York_(state)	Category:Censorship_in_the_arts	Category:Artists_from_New_York_City
set1	Jean_Marais	Darry_Cowl	Category:French_male_stage_actors	Category:20th-century_French_male_actors	Category:French_male_film_actors	Category:C%C3%A9sar_Honorary_Award_recipients
set1	Miriam_Margolyes	Emilia_Fox	Category:English_Shakespearean_actresses	Category:21st-century_English_actresses	Category:English_radio_actresses	Category:English_stage_actresses	Category:20th-century_English_actresses	Category:English_voice_actresses	Category:English_television_actresses	Category:Audiobook_narrators
set1	Rob_Marshall	Alfonso_Cuar%C3%B3n	Category:Science_fiction_film_directors	Category:Directors_Guild_of_America_Award_winners	Category:Fantasy_film_directors
set1	Ricky_Martin	Chayanne	Category:American_male_television_actors	Category:American_male_pop_singers	Category:Sony_Music_Latin_artists	Category:Puerto_Rican_pop_singers	Category:Male_actors_from_San_Juan,_Puerto_Rico	Category:Puerto_Rican_male_television_actors	Category:Puerto_Rican_male_singers	Category:American_male_film_actors	Category:Puerto_Rican_male_film_actors	Category:Singers_from_San_Juan,_Puerto_Rico	Category:Latin_pop_singers
set1	Conchita_Martínez	Arantxa_S%C3%A1nchez_Vicario	Category:Tennis_players_at_the_1992_Summer_Olympics	Category:Medalists_at_the_1996_Summer_Olympics	Category:Wimbledon_champions	Category:Olympic_tennis_players_of_Spain	Category:Tennis_players_at_the_2000_Summer_Olympics	Category:Spanish_female_tennis_players	Category:Medalists_at_the_1992_Summer_Olympics	Category:Spanish_tennis_coaches	Category:Grand_Slam_(tennis)_champions_in_women%27s_singles	Category:Tennis_players_at_the_1996_Summer_Olympics	Category:Tennis_players_from_Barcelona	Category:Olympic_bronze_medalists_for_Spain	Category:Olympic_silver_medalists_for_Spain
set1	Melanie_Martinez_(singer)	Poppy_(entertainer)	Category:21st-century_American_women_singers	Category:Hispanic_and_Latino_American_musicians	Category:Art_pop_musicians	Category:American_pop_singers	Category:Biography_with_signature	Category:American_female_pop_singers
set1	Paul_Masvidal	Chuck_Schuldiner	Category:Death_(metal_band)_members	Category:Progressive_metal_guitarists	Category:American_heavy_metal_singers	Category:American_heavy_metal_guitarists
set1	Heather_Matarazzo	Jenna_Ushkowitz	Category:20th-century_American_actresses	Category:21st-century_American_actresses	Category:American_television_actresses	Category:American_stage_actresses	Category:American_child_actresses	Category:American_adoptees	Category:American_film_actresses	Category:Actresses_from_New_York_(state)
set1	Kerwin_Mathews	James_Arness	Category:American_male_television_actors	Category:American_male_film_actors	Category:Beloit_College_alumni
set1	Johnny_Mathis	Paul_Anka	Category:20th-century_American_singers	Category:American_crooners	Category:Ballad_musicians	Category:American_male_pop_singers	Category:American_pop_singers	Category:20th-century_male_singers
set1	Matsuo_Bashō	Ry%C5%8Dkan	Category:Buddhist_poets	Category:Japanese_Zen_Buddhists	Category:Japanese_writers_of_the_Edo_period	Category:Japanese_haiku_poets
set1	Corine_Mauch	Sirimavo_Bandaranaike	Category:21st-century_women_politicians	Category:20th-century_women_politicians
set1	W._Somerset_Maugham	M._N._Roy	Category:Revolutionary_movement_for_Indian_independence	Category:Ghadar_Party	Category:Hindu%E2%80%93German_Conspiracy	Category:India_House
set1	Amélie_Mauresmo	Martina_Hingis	Category:Olympic_medalists_in_tennis	Category:Wimbledon_champions	Category:Grand_Slam_(tennis)_champions_in_girls%27_singles	Category:International_Tennis_Hall_of_Fame_inductees	Category:World_No._1_tennis_players	Category:Grand_Slam_(tennis)_champions_in_girls%27_doubles	Category:Grand_Slam_(tennis)_champions_in_women%27s_singles	Category:French_Open_junior_champions	Category:Australian_Open_(tennis)_champions	Category:Wimbledon_junior_champions	Category:Laureus_World_Sports_Awards_winners
set1	Daphne_du_Maurier	Agatha_Christie	Category:Dames_Commander_of_the_Order_of_the_British_Empire	Category:English_women_novelists	Category:20th-century_English_novelists	Category:20th-century_English_women_writers	Category:Edgar_Award_winners	Category:Anthony_Award_winners	Category:British_women_short_story_writers	Category:Women_historical_novelists
set1	Premiership_Rugby	RFU_Championship	Category:Professional_sports_leagues_in_England	Category:Rugby_union_leagues_in_England	Category:Sports_leagues_established_in_1987	Category:Professional_sports_leagues_in_the_United_Kingdom	Category:1987_establishments_in_England	Category:EngvarB_from_May_2014
set1	Hans_Mayer	Walter_Benjamin	Category:German_Marxists	Category:20th-century_essayists	Category:German_literary_critics	Category:German_essayists	Category:Jewish_socialists
set1	Anne_McClain	Timothy_Kopra	Category:United_States_Military_Academy_alumni	Category:American_astronauts	Category:Crew_members_of_the_International_Space_Station	Category:Recipients_of_the_Air_Medal	Category:United_States_Naval_Test_Pilot_School_alumni	Category:United_States_Army_colonels	Category:United_States_Army_astronauts
set1	Val_McDermid	Ian_Rankin	Category:20th-century_Scottish_novelists	Category:Fellows_of_the_Royal_Society_of_Literature	Category:Scottish_mystery_writers	Category:21st-century_Scottish_novelists	Category:Tartan_Noir_writers
set1	Roddy_McDowall	Albert_Finney	Category:English_male_Shakespearean_actors	Category:English_male_television_actors	Category:English_male_stage_actors	Category:English_film_directors	Category:20th-century_English_male_actors	Category:English_male_film_actors	Category:English_male_voice_actors
set1	Joe_McElderry	Matt_Cardle	Category:21st-century_English_singers	Category:The_X_Factor_(British_TV_series)_winners	Category:The_X_Factor_winners	Category:21st-century_male_singers	Category:English_male_singers
set1	Kevin_McHale_(actor)	Justin_Timberlake	Category:American_contemporary_R%26B_singers	Category:American_male_television_actors	Category:American_male_voice_actors	Category:American_male_singers	Category:21st-century_American_male_actors	Category:American_male_dancers	Category:American_tenors	Category:American_pop_singers	Category:American_dance_musicians
set1	Claude_McKay	Peter_Abrahams	Category:Jamaican_male_novelists	Category:Recipients_of_the_Musgrave_Medal	Category:20th-century_Jamaican_novelists
set1	Ian_McKellen	Ian_Holm	Category:Annie_Award_winners	Category:English_male_television_actors	Category:21st-century_English_male_actors	Category:Actors_awarded_knighthoods	Category:English_male_stage_actors	Category:Critics%27_Circle_Theatre_Award_winners	Category:Outstanding_Performance_by_a_Cast_in_a_Motion_Picture_Screen_Actors_Guild_Award_winners	Category:English_people_of_Scottish_descent	Category:20th-century_English_male_actors	Category:Knights_Bachelor	Category:Audiobook_narrators	Category:Laurence_Olivier_Award_winners	Category:English_male_radio_actors	Category:English_male_film_actors	Category:Commanders_of_the_Order_of_the_British_Empire	Category:Royal_Shakespeare_Company_members	Category:Tony_Award_winners
set1	Kate_McKinnon	Jenny_Slate	Category:American_women_comedians	Category:Upright_Citizens_Brigade_Theater_performers	Category:21st-century_American_actresses	Category:American_television_actresses	Category:Columbia_College_(New_York)_alumni	Category:American_impressionists_(entertainers)	Category:American_voice_actresses	Category:American_sketch_comedians
set1	Norman_McLaren	John_Grierson	Category:Civil_servants_in_the_General_Post_Office	Category:Scottish_film_directors	Category:Canadian_Screen_Award_winning_people	Category:People_educated_at_Stirling_High_School	Category:British_cinema_pioneers
set1	Alexander_McQueen	Stella_McCartney	Category:English_fashion_designers	Category:Alumni_of_Central_Saint_Martins	Category:PPR_(company)_people
set1	Margaret_Mead	Zora_Neale_Hurston	Category:American_anthropologists	Category:20th-century_American_women_writers	Category:20th-century_American_women_scientists	Category:American_women_anthropologists	Category:20th-century_anthropologists	Category:20th-century_American_non-fiction_writers	Category:American_women_non-fiction_writers	Category:20th-century_American_scientists	Category:Barnard_College_alumni
set1	Gian_Gastone_de'_Medici,_Grand_Duke_of_Tuscany	Cosimo_III_de%27_Medici,_Grand_Duke_of_Tuscany	Category:17th-century_Italian_nobility	Category:House_of_Medici	Category:Grand_Dukes_of_Tuscany	Category:Burials_at_San_Lorenzo,_Florence	Category:Nobility_from_Florence	Category:18th-century_Italian_people	Category:Grand_Princes_of_Tuscany
set1	Mark_Medlock	Alexander_Klaws	Category:German_male_singers	Category:Deutschland_sucht_den_Superstar_winners	Category:21st-century_German_singers	Category:21st-century_male_singers
set1	Rosa_Mendes	Natalya_Neidhart	Category:Canadian_expatriate_professional_wrestlers_in_the_United_States	Category:Canadian_female_professional_wrestlers
set1	Gian_Carlo_Menotti	William_Schuman	Category:Male_opera_composers	Category:20th-century_American_composers	Category:Pulitzer_Prize_for_Music_winners	Category:American_male_classical_composers	Category:Kennedy_Center_honorees	Category:American_classical_composers	Category:20th-century_classical_composers	Category:20th-century_American_male_musicians	Category:American_opera_composers	Category:Ballet_composers
set1	Freddie_Mercury	Dadabhai_Naoroji	Category:British_Zoroastrians	Category:English_people_of_Indian_descent	Category:Parsi_people	Category:English_people_of_Parsi_descent	Category:British_people_of_Parsi_descent
set1	Charlotte_Mew	Elizabeth_Barrett_Browning	Category:19th-century_English_poets	Category:19th-century_English_women_writers	Category:English_women_poets	Category:Victorian_poets	Category:Victorian_women_writers
set1	George_Michael	Alison_Moyet	Category:20th-century_English_singers	Category:Brit_Award_winners	Category:21st-century_English_singers	Category:English_soul_singers	Category:People_from_Radlett	Category:English_singer-songwriters
set1	Tammy_Lynn_Michaels	Grace_Helbig	Category:American_television_actresses	Category:American_bloggers	Category:American_women_bloggers	Category:American_film_actresses
set1	Michelangelo	Giuliano_da_Sangallo	Category:Italian_male_sculptors	Category:16th-century_Italian_architects	Category:16th-century_Italian_sculptors	Category:Renaissance_sculptors	Category:Italian_Renaissance_architects	Category:15th-century_Italian_sculptors
set1	Vivianne_Miedema	Jill_Roord	Category:Knights_of_the_Order_of_Orange-Nassau	Category:Eredivisie_(women)_players	Category:Frauen-Bundesliga_players	Category:Dutch_expatriate_women%27s_footballers	Category:FC_Bayern_Munich_(women)_players	Category:Expatriate_women%27s_footballers_in_England	Category:Dutch_expatriate_sportspeople_in_England	Category:2019_FIFA_Women%27s_World_Cup_players	Category:Dutch_expatriate_footballers	Category:Dutch_women%27s_footballers	Category:Arsenal_W.F.C._players	Category:Expatriate_women%27s_footballers_in_Germany	Category:Dutch_expatriate_sportspeople_in_Germany	Category:FA_Women%27s_Super_League_players	Category:UEFA_Women%27s_Championship-winning_players	Category:Netherlands_women%27s_international_footballers
set1	Mika_(singer)	Andrew_Lloyd_Webber	Category:Ivor_Novello_Award_winners	Category:English_songwriters	Category:People_educated_at_Westminster_School,_London	Category:Brit_Award_winners
set1	Harvey_Milk	Robert_F._Kennedy	Category:People_murdered_in_California	Category:United_States_Navy_officers	Category:Assassinated_American_politicians	Category:20th-century_American_politicians	Category:Male_murder_victims	Category:Deaths_by_firearm_in_California
set1	Edna_St._Vincent_Millay	Anne_Sexton	Category:American_feminist_writers	Category:20th-century_American_women_writers	Category:20th-century_American_poets	Category:Pulitzer_Prize_for_Poetry_winners	Category:American_women_poets
set1	Eric_Millegan	Keith_Andes	Category:Male_actors_from_New_Jersey	Category:American_male_television_actors	Category:American_male_musical_theatre_actors
set1	Ezra_Miller	Nick_Jonas	Category:People_from_Wyckoff,_New_Jersey	Category:American_people_of_German_descent
set1	Wentworth_Miller	Shane_West	Category:American_male_television_actors	Category:American_people_of_French_descent	Category:American_people_of_Jamaican_descent	Category:21st-century_American_male_actors	Category:20th-century_American_male_actors	Category:American_male_film_actors
set1	Sal_Mineo	Bob_Crane	Category:Deaths_from_bleeding	Category:American_male_television_actors	Category:American_male_stage_actors	Category:Murdered_male_actors	Category:Murdered_American_actors	Category:American_murder_victims	Category:American_male_film_actors
set1	Yukio_Mishima	Masuji_Ibuse	Category:Japanese_essayists	Category:20th-century_Japanese_short_story_writers	Category:20th-century_essayists	Category:Winners_of_the_Yomiuri_Prize	Category:Japanese_male_short_story_writers	Category:20th-century_Japanese_novelists
set1	Gabriela_Mistral	Pablo_Neruda	Category:Nobel_laureates_in_Literature	Category:20th-century_Chilean_poets	Category:National_Prize_for_Literature_(Chile)_winners	Category:Chilean_Nobel_laureates	Category:Pseudonymous_writers
set1	Arthur_Mitchell_(dancer)	Theodore_Kosloff	Category:American_choreographers	Category:American_male_ballet_dancers	Category:20th-century_American_dancers
set1	John_Cameron_Mitchell	Alan_Tudyk	Category:American_male_television_actors	Category:Male_actors_from_El_Paso,_Texas	Category:21st-century_American_male_actors	Category:American_male_stage_actors	Category:American_male_film_actors
set1	Dimitris_Mitropoulos	Nikos_Skalkottas	Category:20th-century_classical_composers	Category:Greek_National_School	Category:Greek_classical_composers	Category:Greek_classical_musicians
set1	Frédéric_Mitterrand	Roman_Polanski	Category:20th-century_French_writers	Category:French_male_film_actors	Category:French_film_producers	Category:French_male_screenwriters	Category:French_screenwriters	Category:French_film_directors	Category:Male_actors_from_Paris
set1	MNEK	Kwabs	Category:EngvarB_from_October_2017	Category:Singers_from_London	Category:Black_British_singers	Category:21st-century_English_singers
set1	Emmanuel_Moire	Rapha%C3%ABl_Haroche	Category:French_male_singers	Category:French_pop_singers	Category:21st-century_French_singers	Category:21st-century_male_singers
set1	Brian_Molko	Donovan	Category:Scottish_people_of_Irish_descent	Category:Scottish_songwriters	Category:Scottish_male_singers
set1	Adrienne_Monnier	Julia_Daudet	Category:20th-century_French_poets	Category:20th-century_French_women_writers	Category:French_women_poets
set1	Robert_de_Montesquiou	St%C3%A9phane_Mallarm%C3%A9	Category:Writers_from_Paris	Category:French_poets	Category:French_male_poets
set1	Marcel_Moore	Valentine_Hugo	Category:20th-century_French_women_artists	Category:Surrealist_artists	Category:French_surrealist_artists	Category:Women_surrealist_artists
set1	Natalie_Morales_(actress)	Genesis_Rodriguez	Category:21st-century_American_actresses	Category:American_entertainers_of_Cuban_descent	Category:Actresses_from_Miami	Category:American_film_actresses	Category:Hispanic_and_Latino_American_actresses
set1	Jason_Mraz	Roy_Clark	Category:Guitarists_from_Virginia	Category:Singers_from_Virginia	Category:American_male_singer-songwriters	Category:American_male_guitarists
set1	Zanele_Muholi	William_Kentridge	Category:20th-century_South_African_artists	Category:21st-century_South_African_artists
set1	Megan_Mullally	Leslie_Jones_(comedian)	Category:20th-century_American_actresses	Category:Activists_from_California	Category:Actresses_from_Los_Angeles	Category:American_women_comedians	Category:20th-century_American_comedians	Category:21st-century_American_actresses	Category:American_television_actresses	Category:Comedians_from_California	Category:American_film_actresses	Category:American_voice_actresses
set1	Johannes_von_Müller	Jean_Charles_L%C3%A9onard_de_Sismondi	Category:Swiss_male_writers	Category:Swiss_historians
set1	Ona_Munson	Jane_Powell	Category:20th-century_American_actresses	Category:Actresses_from_Portland,_Oregon	Category:American_television_actresses	Category:American_musical_theatre_actresses	Category:Vaudeville_performers	Category:American_film_actresses
set1	Zeki_Müren	Zeki_M%C3%BCren	Category:Turkish_singer-songwriters	Category:State_Artists_of_Turkey	Category:Biography_with_signature	Category:Turkish_classical_singers	Category:People_from_Bursa
set1	F._W._Murnau	Lothar_von_Richthofen	Category:Burials_in_Germany	Category:Luftstreitkr%C3%A4fte_personnel
set1	Ryan_Murphy_(writer)	Henry_Bromell	Category:American_television_producers	Category:American_male_television_writers	Category:American_male_screenwriters	Category:Showrunners	Category:20th-century_American_male_writers
set1	Glen_Murray_(politician)	Bob_Chiarelli	Category:Ontario_Liberal_Party_MPPs	Category:Members_of_the_Executive_Council_of_Ontario
set1	George_Nader	Harold_Robbins	Category:American_male_novelists	Category:20th-century_American_male_writers	Category:Burials_at_Forest_Lawn_Cemetery_(Cathedral_City)	Category:20th-century_American_novelists
set1	Kristian_Nairn	Kenneth_Branagh	Category:Male_television_actors_from_Northern_Ireland	Category:21st-century_male_actors_from_Northern_Ireland
set1	Gianna_Nannini	Ambra_Angiolini	Category:20th-century_Italian_women_singers	Category:21st-century_Italian_women_singers	Category:21st-century_Italian_singers	Category:Italian_pop_singers	Category:20th-century_Italian_singers
set1	Niecy_Nash	Maria_Bamford	Category:20th-century_American_actresses	Category:20th-century_American_comedians	Category:21st-century_American_actresses	Category:American_television_actresses	Category:21st-century_American_comedians	Category:Comedians_from_California	Category:Actresses_from_California	Category:American_film_actresses	Category:American_voice_actresses
set1	Martina_Navratilova	Chris_Evert	Category:Wimbledon_champions	Category:Tennis_commentators	Category:Grand_Slam_(tennis)_champions_in_women%27s_doubles	Category:International_Tennis_Hall_of_Fame_inductees	Category:World_No._1_tennis_players	Category:US_Open_(tennis)_champions	Category:Olympic_tennis_players_of_the_United_States	Category:Grand_Slam_(tennis)_champions_in_women%27s_singles	Category:French_Open_champions	Category:Australian_Open_(tennis)_champions	Category:American_female_tennis_players	Category:Tennis_people_from_Florida
set1	Alla_Nazimova	Mae_Murray	Category:20th-century_American_actresses	Category:20th-century_American_women_writers	Category:American_women_screenwriters	Category:American_silent_film_actresses	Category:American_stage_actresses	Category:20th-century_American_screenwriters	Category:Screenwriters_from_New_York_(state)	Category:Women_film_pioneers	Category:Actresses_from_New_York_City	Category:American_women_film_producers
set1	Vaslav_Nijinsky	Bronislava_Nijinska	Category:Ballets_Russes_choreographers	Category:Ballets_Russes_dancers	Category:Russian_diarists	Category:Russian_Roman_Catholics	Category:Polish_Roman_Catholics
set1	Dennis_Nilsen	Thomas_Neill_Cream	Category:People_convicted_of_murder_by_England_and_Wales	Category:Scottish_male_criminals	Category:Scottish_people_convicted_of_murder	Category:Murder_in_London	Category:Male_serial_killers	Category:Scottish_serial_killers
set1	Anaïs_Nin	Ana%C3%AFs_Nin	Category:People_from_Neuilly-sur-Seine	Category:Analysands_of_Otto_Rank	Category:Women_memoirists	Category:French_emigrants_to_the_United_States	Category:Women_diarists	Category:American_diarists	Category:French_people_of_Danish_descent	Category:People_with_acquired_American_citizenship	Category:20th-century_American_non-fiction_writers	Category:American_people_of_Danish_descent	Category:Writers_from_Paris	Category:French_short_story_writers	Category:Burials_in_California	Category:Self-published_authors	Category:French_novelists	Category:Burials_at_sea	Category:Analysands_of_Ren%C3%A9_Allendy	Category:Deaths_from_cervical_cancer	Category:Biography_with_signature	Category:Former_Roman_Catholics	Category:20th-century_American_women_writers	Category:French_people_of_Catalan_descent	Category:French_erotica_writers	Category:Polyandry	Category:20th-century_French_essayists	Category:American_people_of_Catalan_descent	Category:French_people_of_Cuban_descent
set1	Cynthia_Nixon	Shirley_Temple	Category:20th-century_American_actresses	Category:Actresses_of_British_descent	Category:American_television_actresses	Category:American_people_of_German_descent	Category:American_actor-politicians	Category:Breast_cancer_survivors	Category:Actresses_of_German_descent	Category:American_child_actresses	Category:American_film_actresses	Category:American_people_of_English_descent
set1	Klaus_Nomi	Tilo_Wolff	Category:German_electronic_musicians	Category:German_male_singers	Category:20th-century_German_singers	Category:German_singer-songwriters	Category:20th-century_male_singers
set1	Franz_Nopcsa_von_Felső-Szilvás	Rudolf_von_Laban	Category:20th-century_Hungarian_people	Category:Hungarian_nobility	Category:19th-century_Hungarian_people
set1	David_Norris_(politician)	W._B._Yeats	Category:Independent_members_of_Seanad_%C3%89ireann	Category:People_educated_at_The_High_School,_Dublin	Category:Irish_Anglicans
set1	Graham_Norton	Margaret_Murnane	Category:20th-century_Irish_people	Category:Alumni_of_University_College_Cork	Category:21st-century_Irish_people
set1	Ivor_Novello	Andrew_Howard	Category:Male_actors_from_Cardiff	Category:Welsh_male_stage_actors	Category:Welsh_male_film_actors	Category:20th-century_Welsh_male_actors
set1	Jana_Novotná	Steffi_Graf	Category:Tennis_players_at_the_1992_Summer_Olympics	Category:Olympic_medalists_in_tennis	Category:Wimbledon_champions	Category:Medalists_at_the_1988_Summer_Olympics	Category:Grand_Slam_(tennis)_champions_in_women%27s_doubles	Category:International_Tennis_Hall_of_Fame_inductees	Category:Tennis_players_at_the_1988_Summer_Olympics	Category:US_Open_(tennis)_champions	Category:Grand_Slam_(tennis)_champions_in_women%27s_singles	Category:French_Open_champions	Category:Australian_Open_(tennis)_champions	Category:Hopman_Cup_competitors
set1	Peter_Nowalk	Henry_Bromell	Category:American_television_writers	Category:American_television_producers	Category:Showrunners	Category:American_male_television_writers
set1	Rudolf_Nureyev	George_Balanchine	Category:Soviet_defectors	Category:Russian_male_ballet_dancers	Category:Russian_choreographers
set1	Abu_Nuwas	Al-Ma%27arri	Category:Poets_of_the_Abbasid_Caliphate	Category:Arab_poets
set1	Tyler_Oakley	Peter_Schiff	Category:21st-century_American_non-fiction_writers	Category:American_men_podcasters	Category:American_bloggers	Category:Male_YouTubers	Category:American_male_non-fiction_writers	Category:21st-century_American_male_writers	Category:American_YouTubers	Category:American_male_bloggers
set1	Graeme_Obree	Geraint_Thomas	Category:Olympic_cyclists_of_Great_Britain	Category:UCI_Track_Cycling_World_Champions_(men)
set1	Frank_Ocean	Harry_Connick_Jr.	Category:Musicians_from_New_Orleans	Category:American_male_singer-songwriters	Category:Grammy_Award_winners	Category:Songwriters_from_Louisiana	Category:Singers_from_Louisiana	Category:American_pop_singers
set1	Sinéad_O'Connor	Dolores_O%27Riordan	Category:Irish_singer-songwriters	Category:20th-century_Irish_singers	Category:21st-century_Irish_singers	Category:Irish_rock_singers	Category:Alternative_rock_singers	Category:Alternative_rock_guitarists	Category:20th-century_Irish_women_singers	Category:Women_guitarists
set1	Rosie_O'Donnell	Roseanne_Barr	Category:20th-century_American_actresses	Category:American_women_comedians	Category:20th-century_American_comedians	Category:American_women_bloggers	Category:American_women_television_producers	Category:American_television_actresses	Category:American_conspiracy_theorists	Category:21st-century_American_actresses	Category:American_bloggers	Category:American_stand-up_comedians	Category:American_television_talk_show_hosts	Category:American_film_actresses	Category:American_voice_actresses
set1	Amir_Ohana	Miri_Regev	Category:Likud_politicians	Category:Members_of_the_22nd_Knesset_(2019%E2%80%932020)	Category:Israeli_people_of_Moroccan-Jewish_descent	Category:Government_ministers_of_Israel	Category:Members_of_the_20th_Knesset_(2015%E2%80%932019)	Category:Members_of_the_23rd_Knesset_(2020%E2%80%932021)	Category:Members_of_the_21st_Knesset_(2019)	Category:Jewish_Israeli_politicians
set1	Frank_O'Hara	Wallace_Stevens	Category:20th-century_American_poets	Category:Harvard_University_alumni	Category:American_modernist_poets	Category:National_Book_Award_winners
set1	Denis_O'Hare	Kevin_Kline	Category:American_male_television_actors	Category:21st-century_American_male_actors	Category:American_people_of_Irish_descent	Category:20th-century_American_male_actors	Category:American_male_musical_theatre_actors	Category:Drama_Desk_Award_winners	Category:American_male_film_actors	Category:Tony_Award_winners
set1	Kele_Okereke	David_Knopfler	Category:English_rock_singers	Category:English_rock_guitarists	Category:English_male_guitarists	Category:English_male_singers	Category:Rhythm_guitarists	Category:English_singer-songwriters
set1	Jean_O'Leary	Philip_Sheridan	Category:Activists_from_New_York_(state)	Category:Activists_from_Ohio	Category:Catholics_from_Ohio
set1	Pauline_Oliveros	Lera_Auerbach	Category:20th-century_women_composers	Category:20th-century_American_composers	Category:20th-century_American_women_musicians	Category:21st-century_American_composers	Category:21st-century_classical_composers	Category:20th-century_classical_composers	Category:American_female_classical_composers	Category:21st-century_women_composers	Category:21st-century_American_women_musicians
set1	Laurence_Olivier	John_Hurt	Category:English_male_Shakespearean_actors	Category:English_male_television_actors	Category:Actors_awarded_knighthoods	Category:English_male_stage_actors	Category:20th-century_English_male_actors	Category:Knights_Bachelor	Category:Best_Supporting_Actor_BAFTA_Award_winners	Category:English_male_film_actors	Category:Best_Supporting_Actor_Golden_Globe_(film)_winners
set1	Bree_Olsen	Christy_Mack	Category:American_female_adult_models	Category:Pornographic_film_actors_from_Indiana	Category:21st-century_American_actresses	Category:American_pornographic_film_actresses
set1	April_O'Neil_(actress)	Jenna_Presley	Category:Hispanic_and_Latino_American_pornographic_film_actors	Category:American_pornographic_film_actresses
set1	Rita_Ora	Dua_Lipa	Category:English_people_of_Albanian_descent	Category:English_feminists	Category:English_women_in_electronic_music	Category:Feminist_musicians	Category:English_mezzo-sopranos
set1	Jessica_Origliasso	Natalie_Imbruglia	Category:Australian_singer-songwriters	Category:Australian_people_of_Sicilian_descent	Category:Australian_singers_of_Italian_descent	Category:Australian_female_singer-songwriters
set1	Alfredo_Ormando	Hide_(musician)	Category:1998_suicides	Category:Male_suicides
set1	Brian_Orser	Katarina_Witt	Category:Figure_skaters_at_the_1984_Winter_Olympics	Category:Olympic_medalists_in_figure_skating	Category:Figure_skaters_at_the_1988_Winter_Olympics	Category:Medalists_at_the_1988_Winter_Olympics	Category:World_Figure_Skating_Championships_medalists	Category:Medalists_at_the_1984_Winter_Olympics
set1	Joe_Orton	Fred_West	Category:British_people_convicted_of_theft	Category:1967_murders_in_the_United_Kingdom
set1	Sharon_Osbourne	Simon_Cowell	Category:English_music_managers	Category:English_expatriates_in_the_United_States	Category:Participants_in_American_reality_television_series	Category:America%27s_Got_Talent_judges	Category:English_talent_agents
set1	Wilfred_Owen	Herbert_Read	Category:20th-century_English_male_writers	Category:20th-century_English_poets	Category:English_World_War_I_poets	Category:Recipients_of_the_Military_Cross	Category:British_Army_personnel_of_World_War_I
set1	François_Ozon	Jean-Luc_Godard	Category:French-language_film_directors	Category:French_film_producers	Category:French_male_screenwriters	Category:French_screenwriters	Category:French_film_editors
set1	Ferzan_Özpetek	Halit_Refi%C4%9F	Category:People_from_Istanbul	Category:Turkish_film_directors	Category:Turkish_screenwriters	Category:Best_Director_Golden_Orange_Award_winners
set1	Svante_Pääbo	Reinhard_Genzel	Category:Gottfried_Wilhelm_Leibniz_Prize_winners	Category:Knights_Commander_of_the_Order_of_Merit_of_the_Federal_Republic_of_Germany	Category:Foreign_associates_of_the_National_Academy_of_Sciences	Category:Recipients_of_the_Pour_le_M%C3%A9rite_(civil_class)	Category:Foreign_Members_of_the_Royal_Society
set1	Lee_Pace	Cleavon_Little	Category:American_male_television_actors	Category:Male_actors_from_Oklahoma	Category:American_male_stage_actors	Category:People_from_Chickasha,_Oklahoma	Category:American_male_film_actors
set1	Paige_(wrestler)	William_Regal	Category:Expatriate_professional_wrestlers	Category:EngvarB_from_October_2019	Category:Professional_wrestling_authority_figures
set1	Peter_Paige	Jonathan_Brandis	Category:American_male_television_actors	Category:American_male_film_actors	Category:Male_actors_from_Connecticut	Category:Film_directors_from_Connecticut
set1	Chuck_Palahniuk	Tom_Robbins	Category:American_male_novelists	Category:21st-century_American_non-fiction_writers	Category:Novelists_from_Washington_(state)	Category:21st-century_American_novelists	Category:20th-century_American_non-fiction_writers	Category:American_satirists	Category:20th-century_American_novelists
set1	Anita_Pallenberg	Asia_Argento	Category:Actresses_from_Rome	Category:20th-century_Italian_actresses	Category:Italian_film_actresses	Category:Italian_female_models
set1	Owen_Pallett	Percy_Faith	Category:Canadian_male_composers	Category:Canadian_composers	Category:Musicians_from_Toronto	Category:Canadian_music_arrangers
set1	Amanda_Palmer	Courtney_Love	Category:Female_punk_rock_singers	Category:20th-century_American_singers	Category:American_alternative_rock_musicians	Category:American_female_rock_singers	Category:21st-century_American_women_singers	Category:Alternative_rock_singers	Category:Feminist_musicians	Category:20th-century_American_women_singers	Category:American_feminists
set1	Zoie_Palmer	Rachel_McAdams	Category:Actresses_from_Toronto	Category:Canadian_film_actresses	Category:Canadian_television_actresses	Category:21st-century_Canadian_actresses	Category:York_University_alumni
set1	Pammenes_of_Thebes	Pelopidas	Category:Year_of_birth_unknown	Category:Ancient_Greek_generals	Category:Ancient_Theban_generals	Category:Theban_hegemony
set1	Anna_Paquin	Laura_Vandervoort	Category:20th-century_Canadian_actresses	Category:Canadian_film_actresses	Category:Canadian_expatriate_actresses_in_the_United_States	Category:Canadian_people_of_Dutch_descent	Category:Canadian_voice_actresses	Category:Canadian_television_actresses	Category:Actresses_of_Dutch_descent	Category:21st-century_Canadian_actresses	Category:Canadian_child_actresses
set1	Sergei_Parajanov	Otar_Iosseliani	Category:European_Film_Awards_winners_(people)	Category:Film_people_from_Tbilisi	Category:Gerasimov_Institute_of_Cinematography_alumni	Category:Film_directors_from_Georgia_(country)	Category:Soviet_film_directors
set1	Bob_Paris	Mike_Mentzer	Category:Strength_training_writers	Category:American_bodybuilders	Category:Professional_bodybuilders
set1	Craig_Parker	Tim_Balme	Category:20th-century_New_Zealand_male_actors	Category:New_Zealand_male_television_actors	Category:21st-century_New_Zealand_male_actors	Category:New_Zealand_male_soap_opera_actors
set1	Sophia_Yakovlevna_Parnok	Elena_Fanailova	Category:20th-century_Russian_poets	Category:20th-century_Russian_translators	Category:20th-century_Russian_writers	Category:Russian_women_poets
set1	Anja_Pärson	Pernilla_Wiberg	Category:Alpine_skiers_at_the_2002_Winter_Olympics	Category:Swedish_female_alpine_skiers	Category:Olympic_alpine_skiers_of_Sweden	Category:Swedish_expatriates_in_Monaco	Category:Olympic_gold_medalists_for_Sweden	Category:FIS_Alpine_Ski_World_Cup_champions	Category:Olympic_silver_medalists_for_Sweden	Category:Olympic_medalists_in_alpine_skiing
set1	Jim_Parsons	John_Ritter	Category:American_male_television_actors	Category:American_male_comedy_actors	Category:American_male_voice_actors	Category:21st-century_American_male_actors	Category:Theatre_World_Award_winners	Category:American_male_stage_actors	Category:Best_Musical_or_Comedy_Actor_Golden_Globe_(television)_winners	Category:American_male_film_actors
set1	Harry_Partch	Roger_Sessions	Category:20th-century_American_composers	Category:American_male_classical_composers	Category:American_classical_composers	Category:20th-century_classical_composers	Category:American_music_theorists	Category:20th-century_musicologists
set1	John_Partridge_(performer)	Paul_Nicholls_(actor)	Category:English_male_soap_opera_actors	Category:English_male_musical_theatre_actors	Category:21st-century_English_male_actors	Category:Male_actors_from_Greater_Manchester
set1	Pier_Paolo_Pasolini	Massimo_Bontempelli	Category:Italian_male_novelists	Category:Italian_male_journalists	Category:Italian_magazine_editors	Category:Italian_communists	Category:20th-century_Italian_novelists	Category:20th-century_male_writers	Category:Italian_male_dramatists_and_playwrights	Category:Italian_dramatists_and_playwrights
set1	Walter_Pater	John_Ruskin	Category:EngvarB_from_January_2017	Category:English_art_critics	Category:English_essayists	Category:Male_essayists	Category:British_male_journalists	Category:19th-century_British_journalists
set1	Pat_Patterson_(wrestler)	Chris_Benoit	Category:WWF/WWE_Intercontinental_Champions	Category:Canadian_male_professional_wrestlers	Category:Canadian_people_of_French_descent	Category:French_Quebecers	Category:Canadian_expatriate_professional_wrestlers_in_the_United_States	Category:Professional_wrestlers_from_Quebec	Category:Sportspeople_from_Montreal
set1	Mark_Patton	Jim_Davis_(actor)	Category:Male_actors_from_Missouri	Category:People_from_Platte_County,_Missouri	Category:American_male_film_actors
set1	Sarah_Paulson	Maggie_Gyllenhaal	Category:20th-century_American_actresses	Category:Best_Miniseries_or_Television_Movie_Actress_Golden_Globe_winners	Category:21st-century_American_actresses	Category:People_from_Park_Slope	Category:American_television_actresses	Category:American_stage_actresses	Category:New_York_(state)_Democrats	Category:American_film_actresses	Category:Actresses_from_New_York_City
set1	Pausanias_of_Orestis	Attalus_(general)	Category:Ancient_Macedonian_generals	Category:Generals_of_Philip_II_of_Macedon	Category:People_executed_by_Alexander_the_Great
set1	Peaches_(musician)	Melissa_Auf_der_Maur	Category:20th-century_Canadian_bass_guitarists	Category:21st-century_Canadian_singers	Category:20th-century_Canadian_keyboardists	Category:Canadian_female_singer-songwriters	Category:Canadian_women_record_producers	Category:20th-century_Canadian_women_singers	Category:20th-century_Canadian_multi-instrumentalists	Category:Feminist_musicians	Category:Canadian_record_producers	Category:21st-century_Canadian_guitarists	Category:20th-century_Canadian_singers	Category:21st-century_Canadian_bass_guitarists	Category:21st-century_Canadian_multi-instrumentalists	Category:21st-century_Canadian_keyboardists
set1	Peter_Pears	Anthony_Rolfe_Johnson	Category:20th-century_English_singers	Category:English_tenors	Category:English_opera_singers	Category:20th-century_British_opera_singers	Category:Commanders_of_the_Order_of_the_British_Empire
set1	Orville_Peck	Neil_Young	Category:21st-century_Canadian_singers	Category:Canadian_country_singer-songwriters	Category:Canadian_country_guitarists	Category:Canadian_male_singer-songwriters	Category:21st-century_Canadian_guitarists
set1	Otto_Peltzer	Percy_Williams_(sprinter)	Category:World_record_setters_in_athletics_(track_and_field)	Category:Athletes_(track_and_field)_at_the_1928_Summer_Olympics	Category:Athletes_(track_and_field)_at_the_1932_Summer_Olympics
set1	Sandro_Penna	Umberto_Saba	Category:20th-century_Italian_poets	Category:Analysands_of_Edoardo_Weiss	Category:Italian_male_poets
set1	Perfume_Genius	Jimi_Hendrix	Category:American_male_singer-songwriters	Category:Songwriters_from_Washington_(state)	Category:American_singer-songwriters	Category:Musicians_from_Seattle	Category:American_rock_songwriters	Category:American_rock_singers
set1	Anthony_Perkins	James_Shigeta	Category:20th-century_American_singers	Category:American_male_singers	Category:20th-century_American_male_actors	Category:New_Star_of_the_Year_(Actor)_Golden_Globe_winners	Category:American_male_film_actors	Category:Traditional_pop_music_singers
set1	Cristina_Peri_Rossi	Eduardo_Galeano	Category:20th-century_novelists	Category:Recipients_of_the_Delmira_Agustini_Medal	Category:Uruguayan_people_of_Italian_descent	Category:Uruguayan_expatriates_in_Spain	Category:Uruguayan_novelists
set1	Linda_Perry	Nuno_Bettencourt	Category:American_rock_singers	Category:American_record_producers	Category:Singers_from_Massachusetts	Category:20th-century_American_guitarists	Category:Guitarists_from_Massachusetts
set1	Babett_Peter	Saskia_Bartusiak	Category:Germany_women%27s_international_footballers	Category:Olympic_medalists_in_football	Category:2011_FIFA_Women%27s_World_Cup_players	Category:Frauen-Bundesliga_players	Category:2015_FIFA_Women%27s_World_Cup_players	Category:Medalists_at_the_2016_Summer_Olympics	Category:German_women%27s_footballers	Category:Olympic_bronze_medalists_for_Germany	Category:Women%27s_association_football_defenders	Category:FIFA_Century_Club	Category:Olympic_gold_medalists_for_Germany	Category:2007_FIFA_Women%27s_World_Cup_players	Category:Footballers_at_the_2016_Summer_Olympics	Category:Footballers_at_the_2008_Summer_Olympics	Category:Olympic_women%27s_footballers_of_Germany	Category:Medalists_at_the_2008_Summer_Olympics	Category:FIFA_Women%27s_World_Cup-winning_players	Category:1._FFC_Frankfurt_players	Category:UEFA_Women%27s_Championship-winning_players
set1	Nicholas_Petricca	I_Fight_Dragons	Category:American_pop_rock_music_groups	Category:Musical_groups_established_in_2008	Category:Electronic_rock_musical_groups
set1	Roger_Peyrefitte	Paul_Morand	Category:20th-century_French_novelists	Category:French_poets	Category:Recipients_of_the_Order_of_Agricultural_Merit	Category:French_short_story_writers	Category:Sciences_Po_alumni	Category:French_novelists	Category:French_children%27s_writers	Category:French_male_novelists	Category:20th-century_French_male_writers	Category:French_writers	Category:French_dramatists_and_playwrights	Category:French_essayists
set1	Prince_Philipp_of_Hesse	Hjalmar_Schacht	Category:Flossenb%C3%BCrg_concentration_camp_survivors	Category:Dachau_concentration_camp_survivors
set1	Philippe_I,_Duke_of_Orléans	Philippe_II,_Duke_of_Orl%C3%A9ans	Category:Dukes_of_Chartres	Category:18th-century_peers_of_France	Category:Knights_of_the_Golden_Fleece_of_Spain	Category:Dukes_of_Valois	Category:Burials_at_the_Basilica_of_St_Denis	Category:Recipients_of_the_Order_of_the_Holy_Spirit	Category:17th-century_peers_of_France	Category:Dukes_of_Nemours	Category:Princes_of_France_(Bourbon)	Category:Heirs_presumptive_to_the_French_throne
set1	Tuulikki_Pietilä	Diane_Arbus	Category:20th-century_American_women_artists	Category:20th-century_American_artists	Category:American_academics
set1	Virgilio_Piñera	Antonio_Rodr%C3%ADguez_Salvador	Category:Male_dramatists_and_playwrights	Category:Cuban_male_poets	Category:Cuban_short_story_writers	Category:Cuban_dramatists_and_playwrights
set1	Danny_Pintauro	Corbin_Bleu	Category:American_male_television_actors	Category:American_male_child_actors	Category:American_people_of_Italian_descent	Category:21st-century_American_male_actors	Category:American_male_stage_actors	Category:American_male_soap_opera_actors	Category:Male_actors_of_Italian_descent
set1	August_Graf_von_Platen-Hallermünde	Oskar_Panizza	Category:German_male_poets	Category:German_poets	Category:German_male_dramatists_and_playwrights	Category:19th-century_German_dramatists_and_playwrights	Category:19th-century_German_male_writers
set1	Plato	Aristotle	Category:Philosophy_academics	Category:Western_culture	Category:Philosophers_of_law	Category:Critical_thinking	Category:Ancient_Greek_epistemologists	Category:Ancient_Greek_logicians	Category:Philosophy_of_language	Category:Social_philosophy	Category:Social_critics	Category:Metaphysicians	Category:Logicians	Category:Social_philosophers	Category:Academic_philosophers	Category:History_of_philosophy	Category:Moral_philosophers	Category:Philosophers_of_culture	Category:Cultural_critics	Category:Philosophers_of_history	Category:History_of_logic	Category:Natural_philosophers	Category:Western_philosophy	Category:Ancient_Greek_metaphysicians	Category:Philosophers_of_love	Category:Philosophy_writers	Category:History_of_education	Category:History_of_science	Category:Ancient_Greek_philosophers_of_mind	Category:Ontologists	Category:Philosophy_of_science	Category:Philosophers_of_education	Category:Philosophers_of_ethics_and_morality	Category:Philosophers_of_mind	Category:Attic_Greek_writers	Category:Philosophers_of_art	Category:Political_philosophers	Category:Ancient_Greek_philosophers	Category:4th-century_BC_philosophers	Category:Ancient_Greek_ethicists	Category:Ancient_Greek_metaphilosophers	Category:Epistemologists	Category:Founders_of_philosophical_traditions	Category:Ancient_Greek_political_philosophers	Category:4th-century_BC_writers	Category:Philosophers_of_literature	Category:Social_commentators	Category:Philosophers_of_science	Category:Philosophers_of_logic	Category:Metaphilosophers
set1	Ben_Platt_(actor)	Robin_Thicke	Category:American_male_television_actors	Category:American_male_child_actors	Category:Singers_from_California	Category:Grammy_Award_winners	Category:Male_actors_from_Los_Angeles	Category:Songwriters_from_California	Category:21st-century_male_singers	Category:Singers_from_Los_Angeles	Category:American_male_film_actors
set1	Aubrey_Plaza	Casey_Wilson	Category:American_women_comedians	Category:Upright_Citizens_Brigade_Theater_performers	Category:21st-century_American_actresses	Category:American_television_actresses	Category:Tisch_School_of_the_Arts_alumni	Category:American_film_actresses	Category:American_voice_actresses
set1	Guglielmo_Plüschow	Will_McBride_(photographer)	Category:Photographers_from_Mecklenburg-Vorpommern	Category:Nude_photography
set1	James_B._Pollack	Peter_Diamond	Category:People_from_Woodmere,_New_York	Category:Lawrence_High_School_(Cedarhurst,_New_York)_alumni
set1	Álvaro_Pombo	Pere_Gimferrer	Category:20th-century_Spanish_male_writers	Category:20th-century_Spanish_novelists	Category:Spanish_male_novelists	Category:Members_of_the_Royal_Spanish_Academy	Category:21st-century_Spanish_poets	Category:Spanish_male_poets	Category:20th-century_Spanish_poets	Category:21st-century_Spanish_male_writers	Category:21st-century_Spanish_novelists
set1	Billy_Porter_(entertainer)	Christian_Borle	Category:Male_actors_from_Pittsburgh	Category:American_male_television_actors	Category:20th-century_American_singers	Category:American_male_voice_actors	Category:American_male_singers	Category:21st-century_American_male_actors	Category:American_male_stage_actors	Category:American_male_musical_theatre_actors	Category:Drama_Desk_Award_winners	Category:Tony_Award_winners
set1	Cole_Porter	Hoagy_Carmichael	Category:20th-century_American_composers	Category:Broadway_composers_and_lyricists	Category:Songwriters_from_Indiana	Category:American_musical_theatre_lyricists	Category:American_musical_theatre_composers
set1	Francis_Poulenc	Maurice_Ravel	Category:Male_opera_composers	Category:Neoclassical_composers	Category:French_male_classical_composers	Category:French_classical_composers	Category:20th-century_classical_composers	Category:French_opera_composers	Category:Ballets_Russes_composers	Category:French_classical_pianists	Category:French_ballet_composers	Category:French_male_pianists	Category:Composers_with_IMSLP_links	Category:Composers_for_piano
set1	Rosa_von_Praunheim	G%C3%BCnter_Grass	Category:Members_of_the_Academy_of_Arts,_Berlin	Category:German_autobiographers
set1	Vincent_Price	Dick_Powell	Category:American_male_television_actors	Category:American_male_film_actors	Category:Male_actors_from_Los_Angeles	Category:20th-century_American_businesspeople	Category:American_people_of_Welsh_descent	Category:American_male_radio_actors	Category:20th-century_American_male_actors	Category:Deaths_from_cancer_in_California	Category:Deaths_from_lung_cancer	Category:American_television_hosts
set1	Marcel_Proust	Anatole_France	Category:Writers_from_Paris	Category:20th-century_French_novelists	Category:French_poets	Category:French_short_story_writers	Category:French_novelists	Category:French_children%27s_writers	Category:French_writers	Category:Dreyfusards	Category:French_dramatists_and_playwrights	Category:French_essayists
set1	Manuel_Puig	Roberto_Arlt	Category:Male_dramatists_and_playwrights	Category:20th-century_dramatists_and_playwrights	Category:Argentine_male_novelists	Category:Argentine_dramatists_and_playwrights	Category:Writers_from_Buenos_Aires
set1	Sarah_Purser	Katherine_Plunket	Category:19th-century_Irish_painters	Category:19th-century_women_artists	Category:20th-century_Irish_painters	Category:20th-century_Irish_women_artists	Category:Irish_women_painters
set1	DJ_Qualls	Morgan_Freeman	Category:American_male_television_actors	Category:American_male_film_actors	Category:Film_producers_from_Tennessee	Category:Male_actors_from_Memphis,_Tennessee
set1	Sara_Quin	Emily_Haines	Category:21st-century_Canadian_singers	Category:20th-century_Canadian_women_singers	Category:Feminist_musicians	Category:21st-century_Canadian_women_singers	Category:20th-century_Canadian_singers
set1	Tegan_Quin	Emily_Haines	Category:21st-century_Canadian_singers	Category:20th-century_Canadian_women_singers	Category:Feminist_musicians	Category:21st-century_Canadian_women_singers	Category:20th-century_Canadian_singers
set1	Zachary_Quinto	F._Murray_Abraham	Category:Male_actors_from_Pittsburgh	Category:American_male_television_actors	Category:American_people_of_Italian_descent	Category:21st-century_American_male_actors	Category:American_male_stage_actors	Category:American_male_film_actors	Category:Male_actors_of_Italian_descent
set1	Radu_cel_Frumos	Vlad_the_Impaler	Category:Rulers_of_Wallachia	Category:15th-century_Romanian_people	Category:House_of_Dr%C4%83cule%C8%99ti
set1	Marc-André_Raffalovich	Peter_Benenson	Category:English_Roman_Catholics	Category:English_Jews	Category:Converts_to_Roman_Catholicism_from_Judaism
set1	Yvonne_Rainer	Maya_Deren	Category:20th-century_American_women_artists	Category:American_film_directors	Category:American_female_dancers	Category:American_dancers	Category:American_women_film_directors
set1	Dack_Rambo	Clint_Walker	Category:American_male_television_actors	Category:American_male_film_actors	Category:Twin_people_from_the_United_States	Category:Western_(genre)_television_actors
set1	Sara_Ramirez	Tom_DeLonge	Category:Songwriters_from_California	Category:Musicians_from_San_Diego	Category:Singers_from_California	Category:American_singer-songwriters
set1	James_Randi	Lawrence_Krauss	Category:Canadian_atheists	Category:American_humanists	Category:American_atheism_activists	Category:21st-century_atheists	Category:American_skeptics	Category:20th-century_atheists	Category:Canadian_skeptics	Category:Writers_from_Toronto
set1	Andrew_Rannells	Kevin_Kline	Category:American_male_television_actors	Category:American_male_voice_actors	Category:21st-century_American_male_actors	Category:American_people_of_Irish_descent	Category:20th-century_American_male_actors	Category:American_male_musical_theatre_actors	Category:American_male_stage_actors
set1	Megan_Rapinoe	Alex_Morgan	Category:Seattle_Sounders_Women_players	Category:FIFA_Women%27s_World_Cup-winning_captains	Category:Footballers_at_the_2012_Summer_Olympics	Category:2011_FIFA_Women%27s_World_Cup_players	Category:National_Women%27s_Soccer_League_players	Category:2015_FIFA_Women%27s_World_Cup_players	Category:Olympique_Lyonnais_F%C3%A9minin_players	Category:2019_FIFA_Women%27s_World_Cup_players	Category:United_States_women%27s_international_soccer_players	Category:Olympic_gold_medalists_for_the_United_States_in_soccer	Category:Division_1_F%C3%A9minine_players	Category:FIFA_Century_Club	Category:Soccer_players_from_California	Category:Footballers_at_the_2016_Summer_Olympics	Category:American_women%27s_soccer_players	Category:FIFA_Women%27s_World_Cup-winning_players	Category:Expatriate_women%27s_footballers_in_France	Category:Medalists_at_the_2012_Summer_Olympics	Category:Women%27s_Olympic_soccer_players_of_the_United_States
set1	Anthony_Rapp	Dick_Van_Dyke	Category:American_male_television_actors	Category:20th-century_American_singers	Category:21st-century_American_non-fiction_writers	Category:21st-century_American_male_actors	Category:American_memoirists	Category:American_male_non-fiction_writers	Category:American_male_musical_theatre_actors	Category:21st-century_memoirists	Category:Singers_from_Illinois	Category:Male_actors_from_Illinois	Category:American_male_film_actors
set1	Terence_Rattigan	David_Storey	Category:20th-century_English_male_writers	Category:English_male_dramatists_and_playwrights	Category:English_male_screenwriters	Category:English_screenwriters	Category:20th-century_English_dramatists_and_playwrights
set1	Robert_Rauschenberg	Jeff_Koons	Category:American_male_painters	Category:Honorary_Members_of_the_Royal_Academy	Category:21st-century_American_painters	Category:20th-century_American_sculptors	Category:Sculptors_from_New_York_(state)	Category:20th-century_American_printmakers	Category:American_male_sculptors	Category:21st-century_male_artists	Category:20th-century_American_painters	Category:Album-cover_and_concert-poster_artists
set1	Raven-Symoné	Monica_(singer)	Category:20th-century_American_actresses	Category:American_contemporary_R%26B_singers	Category:American_hip_hop_singers	Category:Musicians_from_Atlanta	Category:21st-century_American_actresses	Category:21st-century_American_women_singers	Category:20th-century_American_women_singers	Category:American_pop_singers	Category:Actresses_from_Atlanta	Category:American_child_singers	Category:American_female_pop_singers	Category:Songwriters_from_Georgia_(U.S._state)
set1	Johnnie_Ray	Andy_Williams	Category:Cadence_Records_artists	Category:20th-century_American_singers	Category:Columbia_Records_artists	Category:American_male_singers	Category:American_pop_singers	Category:20th-century_male_singers
set1	Nicholas_Ray	Yul_Brynner	Category:Deaths_from_cancer_in_New_York_(state)	Category:Deaths_from_lung_cancer	Category:People_of_the_United_States_Office_of_War_Information
set1	Javier_Raya	Javier_Fern%C3%A1ndez_(figure_skater)	Category:Sportspeople_from_Madrid	Category:Olympic_figure_skaters_of_Spain	Category:Figure_skaters_at_the_2014_Winter_Olympics	Category:Spanish_male_single_skaters
set1	Lisa_Raymond	Mary_Joe_Fern%C3%A1ndez	Category:Grand_Slam_(tennis)_champions_in_women%27s_doubles	Category:Olympic_tennis_players_of_the_United_States	Category:Australian_Open_(tennis)_champions	Category:French_Open_champions	Category:Olympic_bronze_medalists_for_the_United_States_in_tennis	Category:American_female_tennis_players	Category:Hopman_Cup_competitors
set1	Monica_Raymund	Angela_Bassett	Category:American_television_actresses	Category:People_from_St._Petersburg,_Florida	Category:Actresses_from_Florida	Category:21st-century_American_actresses
set1	Michael_Redgrave	Ian_Holm	Category:Deaths_from_Parkinson%27s_disease	Category:Actors_awarded_knighthoods	Category:English_male_stage_actors	Category:20th-century_English_male_actors	Category:Knights_Bachelor	Category:English_male_film_actors	Category:Commanders_of_the_Order_of_the_British_Empire	Category:Cannes_Film_Festival_Award_for_Best_Actor_winners
set1	Alfred_Redl	Wilhelm_Reich	Category:People_from_the_Kingdom_of_Galicia_and_Lodomeria	Category:Austro-Hungarian_Army_officers
set1	Lou_Reed	Paul_Simon	Category:Jewish_singers	Category:21st-century_American_guitarists	Category:20th-century_American_singers	Category:American_male_singer-songwriters	Category:Jewish_American_musicians	Category:American_male_guitarists	Category:Jewish_American_songwriters	Category:American_singer-songwriters	Category:American_street_performers	Category:20th-century_American_guitarists	Category:Singers_from_New_York_City	Category:American_rock_guitarists	Category:Warner_Records_artists	Category:Songwriters_from_New_York_(state)	Category:American_rock_songwriters	Category:American_rock_singers
set1	Robert_Reed	Howard_Keel	Category:American_male_television_actors	Category:American_male_Shakespearean_actors	Category:Deaths_from_colorectal_cancer	Category:Male_actors_from_Illinois	Category:American_male_film_actors
set1	Lili_Reinhart	Isabela_Moner	Category:21st-century_American_actresses	Category:American_television_actresses	Category:American_child_actresses	Category:Actresses_from_Cleveland	Category:American_film_actresses
set1	Mary_Renault	Rosemary_Sutcliff	Category:English_women_novelists	Category:Writers_of_historical_fiction_set_in_antiquity	Category:20th-century_English_novelists	Category:20th-century_English_women_writers	Category:Women_historical_novelists
set1	Gerard_Reve	Jan_Wolkers	Category:Controversies_in_the_Netherlands	Category:20th-century_Dutch_male_writers	Category:Dutch_male_novelists	Category:P._C._Hooft_Award_winners	Category:20th-century_Dutch_novelists
set1	Bebe_Rexha	Kelis	Category:American_contemporary_R%26B_singers	Category:American_hip_hop_singers	Category:American_female_hip_hop_musicians	Category:21st-century_American_women_singers	Category:Singers_from_New_York_City	Category:American_pop_singers	Category:Songwriters_from_New_York_(state)	Category:American_female_pop_singers
set1	Conrad_Ricamora	Dave_Bautista	Category:American_people_of_Filipino_descent	Category:American_male_actors_of_Filipino_descent	Category:21st-century_American_male_actors
set1	Christopher_Rice	Tyler_Perry	Category:American_male_novelists	Category:21st-century_American_novelists	Category:Novelists_from_Louisiana	Category:Writers_from_New_Orleans
set1	Adrienne_Rich	A._E._Stallings	Category:21st-century_American_poets	Category:20th-century_American_women_writers	Category:20th-century_American_poets	Category:Fellows_of_the_American_Academy_of_Arts_and_Sciences	Category:American_women_poets	Category:21st-century_American_women_writers	Category:MacArthur_Fellows
set1	Little_Richard	Ray_Charles	Category:African-American_rock_musicians	Category:American_male_singer-songwriters	Category:American_rock_pianists	Category:American_soul_singers	Category:20th-century_American_pianists	Category:African-American_pianists	Category:21st-century_American_pianists	Category:American_male_pianists	Category:Songwriters_from_Georgia_(U.S._state)
set1	Kieron_Richardson	Benedict_Wong	Category:Male_actors_from_Salford	Category:English_male_television_actors	Category:21st-century_English_male_actors	Category:People_from_Eccles,_Greater_Manchester
set1	Tony_Richardson	Muriel_Box	Category:English_film_directors	Category:20th-century_British_screenwriters	Category:English_film_producers	Category:English_screenwriters	Category:English_memoirists
set1	Sviatoslav_Richter	Dmitri_Shostakovich	Category:20th-century_classical_pianists	Category:People%27s_Artists_of_the_USSR	Category:Soviet_classical_pianists	Category:Recipients_of_the_L%C3%A9onie_Sonning_Music_Prize	Category:Heroes_of_Socialist_Labour	Category:Stalin_Prize_winners	Category:Lenin_Prize_winners	Category:Recipients_of_the_Order_of_Lenin	Category:Burials_at_Novodevichy_Cemetery	Category:Royal_Philharmonic_Society_Gold_Medallists
set1	Sally_Ride	Kathryn_D._Sullivan	Category:American_astronauts	Category:20th-century_American_women_scientists	Category:United_States_Astronaut_Hall_of_Fame_inductees	Category:Scientists_from_California	Category:Space_Shuttle_program_astronauts	Category:Women_astronauts
set1	Arthur_Rimbaud	Auguste_Villiers_de_l%27Isle-Adam	Category:Symbolist_poets	Category:Po%C3%A8tes_maudits	Category:French_male_poets
set1	Adam_Rippon	Maia_Shibutani	Category:Olympic_figure_skaters_of_the_United_States	Category:Four_Continents_Figure_Skating_Championships_medalists	Category:Figure_skaters_at_the_2018_Winter_Olympics	Category:World_Junior_Figure_Skating_Championships_medalists	Category:Medalists_at_the_2018_Winter_Olympics	Category:Olympic_bronze_medalists_for_the_United_States_in_figure_skating
set1	Herb_Ritts	Terry_Richardson	Category:American_erotic_photographers	Category:Fashion_photographers	Category:American_music_video_directors
set1	Jerome_Robbins	George_Balanchine	Category:American_choreographers	Category:New_York_City_Ballet	Category:Kennedy_Center_honorees	Category:Ballet_masters	Category:Choreographers_of_New_York_City_Ballet	Category:Choreographers_of_American_Ballet_Theatre
set1	Suicide_of_Jamey_Rodemeyer	Eric_Harris_and_Dylan_Klebold	Category:Bullying_and_suicide	Category:Male_suicides
set1	Michelle_Rodriguez	Rosie_Perez	Category:20th-century_American_actresses	Category:21st-century_American_actresses	Category:American_television_actresses	Category:American_actresses_of_Puerto_Rican_descent	Category:American_film_actresses	Category:Hispanic_and_Latino_American_actresses	Category:American_voice_actresses
set1	Robbie_Rogers	Sacha_Kljestan	Category:LA_Galaxy_players	Category:American_soccer_players	Category:United_States_men%27s_international_soccer_players	Category:Olympic_soccer_players_of_the_United_States	Category:Association_football_midfielders	Category:2011_CONCACAF_Gold_Cup_players	Category:Major_League_Soccer_All-Stars	Category:American_expatriate_soccer_players	Category:Soccer_players_from_California	Category:USL_League_Two_players	Category:Orange_County_Blue_Star_players	Category:Footballers_at_the_2008_Summer_Olympics	Category:Major_League_Soccer_players	Category:United_States_men%27s_under-20_international_soccer_players	Category:United_States_men%27s_under-23_international_soccer_players
set1	Ernst_Röhm	Gregor_Strasser	Category:20th-century_Freikorps_personnel	Category:Nazis_executed_by_Nazi_Germany	Category:Members_of_the_Reichstag_of_the_Weimar_Republic	Category:Members_of_the_Reichstag_of_Nazi_Germany	Category:Nazis_who_served_in_World_War_I	Category:National_Socialist_Freedom_Movement_politicians	Category:German_nationalists	Category:Nazis_who_participated_in_the_Beer_Hall_Putsch	Category:People_from_the_Kingdom_of_Bavaria	Category:German_military_personnel_of_World_War_I	Category:Victims_of_the_Night_of_the_Long_Knives
set1	Frederick_Rolfe	Charles_Dickens	Category:English_male_short_story_writers	Category:English_historical_novelists	Category:19th-century_English_novelists	Category:English_male_novelists	Category:English_short_story_writers	Category:19th-century_British_short_story_writers
set1	Samantha_Ronson	Mark_Ronson	Category:English_people_of_Austrian-Jewish_descent	Category:English_emigrants_to_the_United_States	Category:Ronson_family	Category:Roc_Nation_artists	Category:Jewish_English_musicians	Category:English_songwriters	Category:English_people_of_Russian-Jewish_descent	Category:Ashkenazi_Jews	Category:British_hip_hop_DJs
set1	Ruby_Rose	Erin_McNaught	Category:Australian_television_presenters	Category:Australian_music_critics	Category:Australian_music_journalists
set1	Robbie_Ross	E._M._Hull	Category:Writers_from_London	Category:British_people_of_Canadian_descent
set1	Shaun_Ross_(model)	Terrell_Owens	Category:American_male_models	Category:African-American_models
set1	Portia_de_Rossi	Emilie_de_Ravin	Category:20th-century_Australian_actresses	Category:21st-century_American_actresses	Category:American_television_actresses	Category:People_with_acquired_American_citizenship	Category:Australian_emigrants_to_the_United_States	Category:Actresses_from_Victoria_(Australia)	Category:Australian_television_actresses	Category:Australian_film_actresses	Category:American_film_actresses
set1	Ruan_Ji	Ji_Kang	Category:3rd-century_Chinese_poets	Category:Seven_Sages_of_the_Bamboo_Grove	Category:Guqin_players	Category:Cao_Wei_musicians
set1	Gayle_Rubin	Ellen_Willis	Category:Sex-positive_feminists	Category:Radical_feminists	Category:Jewish_feminists	Category:Feminist_studies_scholars
set1	Ida_Rubinstein	Lyubov_Yegorova_(ballerina)	Category:20th-century_ballet_dancers	Category:Ballets_Russes_dancers	Category:Prima_ballerinas	Category:White_Russian_emigrants_to_France	Category:People_from_Saint_Petersburg
set1	Scott_Rudin	Fred_Zinnemann	Category:Producers_who_won_the_Best_Picture_Academy_Award	Category:Golden_Globe_Award-winning_producers
set1	Pablo_Ruiz_(singer)	Lali_Esp%C3%B3sito	Category:Singers_from_Buenos_Aires	Category:21st-century_Argentine_singers	Category:Argentine_child_singers
set1	RuPaul	Paul_Walker	Category:Activists_from_California	Category:American_male_television_actors	Category:Male_models_from_California	Category:American_male_film_actors	Category:American_male_models
set1	Joshua_Rush	Ed_Asner	Category:American_political_activists	Category:American_male_television_actors	Category:Jewish_American_male_actors	Category:American_male_voice_actors	Category:21st-century_American_male_actors	Category:American_male_film_actors
set1	Matthew_Rush_(actor)	Brian_Pumper	Category:African-American_pornographic_film_actors	Category:American_male_pornographic_film_actors
set1	Vito_Russo	Murray_Bookchin	Category:Historians_from_New_York_(state)	Category:Writers_from_New_York_City	Category:20th-century_American_historians	Category:American_male_non-fiction_writers	Category:20th-century_American_male_writers
set1	Bayard_Rustin	Martin_Luther_King_Jr.	Category:American_anti%E2%80%93Vietnam_War_activists	Category:Presidential_Medal_of_Freedom_recipients	Category:20th-century_African-American_activists	Category:Activists_for_African-American_civil_rights	Category:American_Christian_pacifists	Category:American_democratic_socialists	Category:American_social_democrats	Category:Nonviolence_advocates	Category:Martin_Luther_King_Jr.
set1	Geoff_Ryman	Brian_Aldiss	Category:British_science_fiction_writers	Category:World_Fantasy_Award-winning_writers	Category:Nebula_Award_winners
set1	Maurice_Sachs	Georges_Perec	Category:Writers_from_Paris	Category:20th-century_French_novelists	Category:French_Jews	Category:French_male_novelists	Category:20th-century_French_male_writers
set1	Oliver_Sacks	Stephen_Hawking	Category:English_atheists	Category:21st-century_English_writers	Category:21st-century_atheists	Category:Commanders_of_the_Order_of_the_British_Empire	Category:English_people_with_disabilities	Category:English_male_non-fiction_writers	Category:English_memoirists	Category:20th-century_atheists
set1	Vita_Sackville-West	Gertrude_Jekyll	Category:English_gardeners	Category:Veitch_Memorial_Medal_recipients	Category:English_landscape_and_garden_designers
set1	Marquis_de_Sade	Jean_Meslier	Category:18th-century_male_writers	Category:18th-century_French_writers	Category:French_atheism_activists	Category:Critics_of_Christianity	Category:French_atheist_writers	Category:18th-century_atheists	Category:Atheist_philosophers
set1	Benjamin_Alire_Sáenz	John_Updike	Category:American_male_novelists	Category:PEN/Faulkner_Award_for_Fiction_winners	Category:20th-century_American_short_story_writers	Category:20th-century_American_poets	Category:21st-century_American_novelists	Category:American_children%27s_writers	Category:American_male_short_story_writers	Category:21st-century_American_male_writers	Category:20th-century_American_novelists	Category:American_male_poets	Category:20th-century_American_male_writers	Category:21st-century_American_poets	Category:21st-century_American_short_story_writers
set1	Françoise_Sagan	Nathalie_Sarraute	Category:20th-century_French_novelists	Category:French_poets	Category:French_short_story_writers	Category:French_novelists	Category:French_children%27s_writers	Category:20th-century_French_dramatists_and_playwrights	Category:20th-century_French_women_writers	Category:French_writers	Category:French_dramatists_and_playwrights	Category:French_women_novelists	Category:French_essayists
set1	François_Sagat	J._Hector_St._John_de_Cr%C3%A8vec%C5%93ur	Category:French_expatriates_in_Canada	Category:French_expatriates_in_the_United_States
set1	Yves_Saint_Laurent_(designer)	Bernard_Arnault	Category:Dior_people	Category:French_cosmetics_businesspeople	Category:French_Roman_Catholics	Category:French_businesspeople_in_fashion
set1	Ola_Salo	ABBA	Category:Palindromes	Category:Eurovision_Song_Contest_entrants_for_Sweden
set1	Victor_Salva	Larry_Nassar	Category:American_people_convicted_of_child_pornography_offenses	Category:American_sex_offenders	Category:American_people_convicted_of_child_sexual_abuse
set1	Chris_Salvatore	Todd_Rundgren	Category:American_male_pianists	Category:Singers_from_Pennsylvania	Category:American_pop_pianists	Category:American_singer-songwriters
set1	Lucía_Sánchez_Saornil	Federica_Montseny	Category:Anarcha-feminists	Category:Spanish_women_of_the_Spanish_Civil_War_(Republican_faction)	Category:20th-century_Spanish_poets	Category:People_from_Madrid	Category:20th-century_women_writers	Category:Mujeres_Libres	Category:Spanish_women_poets
set1	Jon_Ola_Sand	Emily_Arnesen	Category:People_from_Oslo	Category:Norwegian_expatriates_in_Switzerland
set1	Sappho	Alcaeus_of_Mytilene	Category:Aeolic_Greek_poets	Category:Ancient_Mytileneans	Category:Poets_from_Ancient_Lesbos	Category:6th-century_BC_poets	Category:Nine_Lyric_Poets
set1	Severo_Sarduy	Jos%C3%A9_Triana_(poet)	Category:Cuban_male_poets	Category:20th-century_dramatists_and_playwrights	Category:20th-century_Cuban_poets	Category:Cuban_dramatists_and_playwrights
set1	Dick_Sargent	Richard_Egan_(actor)	Category:20th-century_American_male_actors	Category:Deaths_from_cancer_in_California	Category:Deaths_from_prostate_cancer
set1	Siegfried_Sassoon	Herbert_Read	Category:Recipients_of_the_Military_Cross	Category:British_Army_personnel_of_World_War_I	Category:20th-century_English_poets	Category:English_World_War_I_poets
set1	John_Saul	Whitley_Strieber	Category:American_male_novelists	Category:American_horror_writers	Category:American_thriller_writers
set1	Savannah_(actress)	Shauna_Grant	Category:20th-century_American_actresses	Category:Pornographic_film_actors_from_California	Category:Suicides_by_firearm_in_California	Category:American_pornographic_film_actresses	Category:American_female_adult_models	Category:Female_suicides
set1	Steven_Saylor	John_Irving	Category:American_male_novelists	Category:21st-century_American_novelists	Category:21st-century_American_male_writers	Category:20th-century_American_novelists	Category:20th-century_American_male_writers	Category:Lambda_Literary_Award_winners
set1	Taylor_Schilling	Uma_Thurman	Category:Actresses_from_Boston	Category:21st-century_American_actresses	Category:American_people_of_German_descent	Category:Actresses_of_German_descent	Category:American_film_actresses
set1	John_Schlesinger	David_Lean	Category:Directors_of_Golden_Bear_winners	Category:BAFTA_fellows	Category:David_di_Donatello_winners	Category:Directors_Guild_of_America_Award_winners	Category:Commanders_of_the_Order_of_the_British_Empire
set1	Maria_Schneider_(actor)	Val%C3%A9rie_Benguigui	Category:21st-century_French_actresses	Category:Deaths_from_breast_cancer	Category:20th-century_French_actresses	Category:French_film_actresses	Category:French_television_actresses	Category:Actresses_from_Paris	Category:Deaths_from_cancer_in_France
set1	Sascha_Schneider	Ludwig_von_Hofmann	Category:19th-century_German_painters	Category:20th-century_German_painters	Category:German_male_painters
set1	Werner_Schroeter	Fatih_Akin	Category:Best_Director_German_Film_Award_winners	Category:Directors_of_Golden_Bear_winners
set1	Joel_Schumacher	Ben_Stiller	Category:Film_directors_from_New_York_City	Category:Screenwriters_from_New_York_(state)	Category:Film_producers_from_New_York_(state)	Category:New_York_(state)_Democrats
set1	James_Schuyler	Kenneth_Koch	Category:20th-century_American_poets	Category:20th-century_American_male_writers	Category:New_York_School_poets	Category:American_male_poets
set1	Annemarie_Schwarzenbach	Ella_Maillart	Category:Swiss_travel_writers	Category:20th-century_Swiss_photographers	Category:Swiss_women_photographers	Category:20th-century_women_photographers
set1	Céline_Sciamma	Sylvie_Testud	Category:French_women_screenwriters	Category:French_women_film_directors	Category:French_screenwriters	Category:French_film_directors	Category:French_people_of_Italian_descent
set1	Andrew_Scott_(actor)	Gabriel_Byrne	Category:Male_actors_from_Dublin_(city)	Category:21st-century_Irish_male_actors	Category:Irish_former_Christians	Category:Irish_male_film_actors	Category:Irish_male_television_actors	Category:Former_Roman_Catholics
set1	Calum_Scott	Chris_de_Burgh	Category:British_songwriters	Category:British_male_singers	Category:21st-century_British_singers	Category:British_pop_singers
set1	Hillary_Scott_(actress)	Christy_Mack	Category:Pornographic_film_actors_from_Illinois	Category:American_pornographic_film_actresses
set1	Walter_Sedlmayr	Fred_Bertelmann	Category:20th-century_German_male_actors	Category:Recipients_of_the_Cross_of_the_Order_of_Merit_of_the_Federal_Republic_of_Germany	Category:German_male_television_actors	Category:German_male_film_actors
set1	Pierre_Seel	Marguerite_Duras	Category:20th-century_memoirists	Category:French_memoirists	Category:Deaths_from_cancer_in_France
set1	Caroline_Seger	Sofia_Jakobsson	Category:Swedish_women%27s_footballers	Category:Olympic_medalists_in_football	Category:Footballers_at_the_2012_Summer_Olympics	Category:2011_FIFA_Women%27s_World_Cup_players	Category:Damallsvenskan_players	Category:2015_FIFA_Women%27s_World_Cup_players	Category:Medalists_at_the_2016_Summer_Olympics	Category:2019_FIFA_Women%27s_World_Cup_players	Category:Olympic_footballers_of_Sweden	Category:Sweden_women%27s_international_footballers	Category:Division_1_F%C3%A9minine_players	Category:FIFA_Century_Club	Category:Footballers_at_the_2016_Summer_Olympics	Category:Olympic_silver_medalists_for_Sweden	Category:Expatriate_women%27s_footballers_in_France
set1	Caster_Semenya	Hestrie_Cloete	Category:Commonwealth_Games_gold_medallists_for_South_Africa	Category:Olympic_silver_medalists_in_athletics_(track_and_field)	Category:African_Games_medalists_in_athletics_(track_and_field)	Category:World_Athletics_Championships_winners	Category:Commonwealth_Games_medallists_in_athletics	Category:World_Athletics_Championships_medalists	Category:Recipients_of_the_Order_of_Ikhamanga	Category:World_Athletics_Championships_athletes_for_South_Africa	Category:Olympic_athletes_of_South_Africa	Category:African_Games_gold_medalists_for_South_Africa
set1	Maurice_Sendak	Richard_Scarry	Category:Artists_from_Connecticut	Category:American_children%27s_writers	Category:Writers_from_Connecticut	Category:Writers_who_illustrated_their_own_writing	Category:People_from_Ridgefield,_Connecticut
set1	Marija_Šerifović	Jelena_Toma%C5%A1evi%C4%87	Category:Serbian_pop_singers	Category:Eurovision_Song_Contest_entrants_for_Serbia	Category:Serbian_female_singers	Category:Musicians_from_Kragujevac	Category:21st-century_women_singers
set1	Elif_Shafak	Hidayet_%C5%9Eefkatli_Tuksal	Category:Turkish_women_writers	Category:Middle_East_Technical_University_alumni	Category:Turkish_non-fiction_writers	Category:Turkish_feminists
set1	Adam_Shankman	Dick_Powell	Category:American_television_directors	Category:Film_directors_from_Los_Angeles	Category:Male_actors_from_Los_Angeles	Category:20th-century_American_male_actors	Category:American_male_film_actors	Category:Film_producers_from_California
set1	Alia_Shawkat	Amber_Tamblyn	Category:21st-century_American_actresses	Category:American_television_actresses	Category:Screenwriters_from_California	Category:21st-century_American_screenwriters	Category:American_child_actresses	Category:American_film_actresses	Category:21st-century_American_women_writers
set1	Jake_Shears	Claudio_Sanchez	Category:American_male_singers	Category:American_tenors	Category:Countertenors	Category:American_rock_singers
set1	Lynn_Shelton	Stella_Stevens	Category:American_television_actresses	Category:Film_directors_from_Washington_(state)	Category:American_film_actresses	Category:American_women_film_producers	Category:American_women_film_directors	Category:Film_producers_from_Washington_(state)
set1	Antony_Sher	Ronald_Harwood	Category:English_Jews	Category:21st-century_English_writers	Category:South_African_emigrants_to_the_United_Kingdom	Category:Writers_from_Cape_Town	Category:English_male_stage_actors	Category:English_dramatists_and_playwrights	Category:English_people_of_Lithuanian-Jewish_descent	Category:Alumni_of_Sea_Point_High_School
set1	Amrita_Sher-Gil	Rabindranath_Tagore	Category:Indian_portrait_painters	Category:20th-century_Indian_painters
set1	Shi_Pei_Pu	Xu_Wei_(musician)	Category:20th-century_Chinese_singers	Category:20th-century_male_singers
set1	Sia_(musician)	Iggy_Azalea	Category:Australian_expatriates_in_the_United_States	Category:ARIA_Award_winners	Category:21st-century_Australian_women_singers	Category:Australian_women_in_electronic_music	Category:Female_music_video_directors	Category:21st-century_Australian_singers
set1	Jóhanna_Sigurðardóttir	Katr%C3%ADn_Jakobsd%C3%B3ttir	Category:Members_of_the_Althing	Category:Female_heads_of_government	Category:Socialist_feminists	Category:Prime_Ministers_of_Iceland	Category:Women_prime_ministers	Category:Icelandic_feminists	Category:Women_government_ministers_of_Iceland	Category:Politicians_from_Reykjav%C3%ADk
set1	Judee_Sill	Carly_Simon	Category:American_folk_guitarists	Category:20th-century_American_singers	Category:American_acoustic_guitarists	Category:American_singer-songwriters	Category:American_women_guitarists	Category:20th-century_American_guitarists	Category:20th-century_American_women_singers	Category:American_female_singer-songwriters	Category:20th-century_American_pianists
set1	Eudy_Simelane	Penelope_Heyns	Category:Sportspeople_from_Gauteng	Category:People_from_Springs,_Gauteng
set1	Reynhard_Sinaga	Robert_Maudsley	Category:Prisoners_sentenced_to_life_imprisonment_by_England_and_Wales	Category:Violence_against_men_in_the_United_Kingdom
set1	Kyrsten_Sinema	Martha_McSally	Category:United_States_senators_from_Arizona	Category:21st-century_American_women_politicians	Category:Female_United_States_senators	Category:Politicians_from_Tucson,_Arizona	Category:Female_members_of_the_United_States_House_of_Representatives	Category:Members_of_the_United_States_House_of_Representatives_from_Arizona
set1	Bryan_Singer	James_L._Brooks	Category:Screenwriters_from_New_Jersey	Category:Film_producers_from_New_Jersey	Category:Film_directors_from_New_York_City	Category:Film_producers_from_New_York_(state)	Category:Film_directors_from_New_Jersey	Category:Screenwriters_from_New_York_(state)	Category:Jewish_American_screenwriters	Category:Television_producers_from_New_York_City	Category:American_male_screenwriters
set1	Oliver_Sipple	Leonard_Lake	Category:People_from_San_Francisco	Category:United_States_Marine_Corps_personnel_of_the_Vietnam_War	Category:United_States_Marines
set1	Troye_Sivan	Jason_Donovan	Category:Australian_male_child_actors	Category:Australian_male_singers	Category:ARIA_Award_winners	Category:Australian_pop_singers
set1	Harel_Skaat	Meir_Banai	Category:Jewish_singers	Category:Israeli_songwriters	Category:Israeli_male_singers	Category:Israeli_Jews	Category:Israeli_pop_singers
set1	Anna_Nicole_Smith	Karen_McDougal	Category:20th-century_American_actresses	Category:Playboy_Playmates_of_the_Year	Category:1990s_Playboy_Playmates	Category:American_film_actresses	Category:Glamour_models
set1	Bessie_Smith	Memphis_Minnie	Category:Vaudeville_performers	Category:20th-century_American_women_singers	Category:American_blues_singers	Category:American_street_performers
set1	Jack_Smith_(film_director)	Man_Ray	Category:American_experimental_filmmakers	Category:American_anarchists
set1	Jerry_Smith_(American_football)	Isaiah_Mustafa	Category:Players_of_American_football_from_Oregon	Category:Arizona_State_Sun_Devils_football_players
set1	Justice_Smith	James_Haven	Category:American_people_of_French-Canadian_descent	Category:American_male_television_actors	Category:Male_actors_from_Los_Angeles	Category:21st-century_American_male_actors	Category:American_male_film_actors
set1	Sam_Smith_(singer)	Phil_Collins	Category:Brit_Award_winners	Category:Grammy_Award_winners	Category:Ballad_musicians	Category:English_pop_singers	Category:Golden_Globe_Award-winning_musicians	Category:Best_Original_Song_Academy_Award-winning_songwriters
set1	Willow_Smith	Solange_Knowles	Category:21st-century_American_singers	Category:American_contemporary_R%26B_singers	Category:African-American_female_dancers	Category:21st-century_American_women_singers	Category:American_female_dancers	Category:African-American_female_singers	Category:Roc_Nation_artists	Category:American_film_actresses	Category:African-American_actresses
set1	Socrates	Aristotle	Category:Western_culture	Category:Philosophers_of_law	Category:Critical_thinking	Category:Ancient_Greek_epistemologists	Category:Ancient_Greek_logicians	Category:Social_critics	Category:Metaphysicians	Category:Logicians	Category:Social_philosophers	Category:Ethicists	Category:History_of_philosophy	Category:Moral_philosophers	Category:Philosophers_of_culture	Category:Cultural_critics	Category:History_of_logic	Category:Western_philosophy	Category:Ancient_Greek_metaphysicians	Category:Philosophers_of_love	Category:Philosophy_writers	Category:History_of_education	Category:Ancient_Greek_philosophers_of_mind	Category:Ontologists	Category:Philosophers_of_education	Category:Philosophers_of_ethics_and_morality	Category:Philosophers_of_mind	Category:Philosophers_of_art	Category:Political_philosophers	Category:Ancient_Greek_philosophers	Category:Ancient_Greek_ethicists	Category:Ancient_Greek_metaphilosophers	Category:Epistemologists	Category:Founders_of_philosophical_traditions	Category:Ancient_Greek_political_philosophers	Category:Philosophers_of_literature	Category:Social_commentators	Category:Philosophers_of_science	Category:Irony_theorists	Category:Philosophers_of_logic	Category:Metaphilosophers
set1	Valerie_Solanas	Amy_Fisher	Category:Prisoners_and_detainees_of_New_York_(state)	Category:20th-century_American_women_writers	Category:American_women_non-fiction_writers	Category:20th-century_American_criminals	Category:American_female_criminals
set1	Suzy_Solidor	Doroth%C3%A9e	Category:20th-century_French_women_singers	Category:20th-century_French_actresses	Category:20th-century_French_singers	Category:French_film_actresses	Category:Musicians_from_Paris	Category:Actresses_from_Paris
set1	Simeon_Solomon	William_Holman_Hunt	Category:19th-century_English_painters	Category:Pre-Raphaelite_painters	Category:English_male_painters	Category:Artists%27_Rifles_soldiers	Category:Orientalist_painters	Category:20th-century_English_painters
set1	Jill_Soloway	William_Friedkin	Category:American_television_directors	Category:Writers_from_Chicago	Category:Screenwriters_from_Illinois	Category:21st-century_American_screenwriters	Category:20th-century_American_screenwriters	Category:Directors_Guild_of_America_Award_winners
set1	Jimmy_Somerville	Midge_Ure	Category:Scottish_pop_singers	Category:Male_new_wave_singers	Category:Scottish_new_wave_musicians	Category:Scottish_male_singers	Category:20th-century_Scottish_singers	Category:British_synth-pop_new_wave_musicians
set1	Konstantin_Somov	Mikhail_Vrubel	Category:Members_of_the_Imperial_Academy_of_Arts	Category:19th-century_Russian_painters	Category:Art_Nouveau_painters	Category:20th-century_Russian_painters	Category:Russian_male_painters	Category:Imperial_Academy_of_Arts_alumni	Category:Russian_watercolorists
set1	Stephen_Sondheim	Richard_Rodgers	Category:Broadway_composers_and_lyricists	Category:Kennedy_Center_honorees	Category:Grammy_Award_winners	Category:Jewish_American_composers	Category:Pulitzer_Prize_for_Drama_winners	Category:Jewish_American_songwriters	Category:American_musical_theatre_composers	Category:Songwriters_from_New_York_(state)	Category:Best_Original_Song_Academy_Award-winning_songwriters	Category:Tony_Award_winners
set1	Susan_Sontag	Edwidge_Danticat	Category:Women_historical_novelists	Category:20th-century_American_women_writers	Category:American_women_novelists	Category:Writers_from_New_York_City	Category:21st-century_American_novelists	Category:American_historical_novelists	Category:Novelists_from_New_York_(state)	Category:20th-century_American_novelists	Category:21st-century_American_women_writers	Category:MacArthur_Fellows
set1	Kaikhosru_Shapurji_Sorabji	Cyril_Scott	Category:20th-century_classical_pianists	Category:English_classical_composers	Category:20th-century_British_male_musicians	Category:20th-century_classical_composers	Category:20th-century_English_composers	Category:British_male_pianists	Category:English_male_classical_composers	Category:English_classical_pianists	Category:Male_classical_pianists	Category:Composers_for_piano
set1	Kevin_Spacey	Forest_Whitaker	Category:Outstanding_Performance_by_a_Cast_in_a_Motion_Picture_Screen_Actors_Guild_Award_winners	Category:Outstanding_Performance_by_a_Male_Actor_in_a_Leading_Role_Screen_Actors_Guild_Award_winners	Category:21st-century_American_male_actors	Category:Best_Actor_Academy_Award_winners	Category:Best_Actor_BAFTA_Award_winners	Category:American_male_film_actors	Category:Film_producers_from_California
set1	Sam_Sparro	Little_Boots	Category:Nu-disco_musicians	Category:Wonky_pop_musicians
set1	Joel_Spolsky	Mark_Cuban	Category:21st-century_American_non-fiction_writers	Category:Jewish_American_writers	Category:American_bloggers	Category:American_technology_writers	Category:American_computer_businesspeople
set1	Dusty_Springfield	Alison_Moyet	Category:20th-century_English_singers	Category:People_with_bipolar_disorder	Category:English_female_pop_singers	Category:English_soul_singers	Category:20th-century_English_women_singers
set1	Annie_Sprinkle	Lisa_Ann	Category:American_pornographic_film_actresses	Category:Women_pornographic_film_directors	Category:American_erotic_dancers	Category:American_female_erotic_dancers	Category:Pornographic_film_actors_from_Pennsylvania	Category:American_pornographic_film_producers
set1	Robert_Stadlober	Josef_Meinrad	Category:Austrian_male_voice_actors	Category:Austrian_male_film_actors	Category:Austrian_male_television_actors
set1	Darren_Star	Conan_O%27Brien	Category:20th-century_American_writers	Category:Television_producers_from_California	Category:Screenwriters_from_California	Category:21st-century_American_writers	Category:American_male_television_writers	Category:American_male_screenwriters
set1	Jeffree_Star	Bunny_Meyer	Category:American_YouTubers	Category:American_bloggers	Category:Beauty_and_makeup_YouTubers	Category:YouTube_vloggers
set1	Ellen_Gates_Starr	Fanny_Crosby	Category:Activists_from_New_York_(state)	Category:19th-century_American_writers	Category:American_women_non-fiction_writers	Category:19th-century_American_women_writers
set1	Caitlin_Stasey	Holly_Valance	Category:Australian_soap_opera_actresses	Category:21st-century_Australian_actresses	Category:Australian_people_of_English_descent	Category:21st-century_Australian_women_singers	Category:Australian_film_actresses	Category:Actresses_from_Melbourne	Category:21st-century_Australian_singers
set1	Emma_Stebbins	Edmonia_Lewis	Category:Sculptors_from_New_York_(state)	Category:American_women_sculptors	Category:American_expatriates_in_Italy	Category:19th-century_American_women_artists
set1	Gertrude_Stein	Marianne_Moore	Category:20th-century_American_women_writers	Category:20th-century_American_poets	Category:Modernist_women_writers	Category:American_modernist_poets	Category:American_women_poets
set1	Amandla_Stenberg	Jaimee_Foxworth	Category:American_child_models	Category:American_television_actresses	Category:African-American_female_models	Category:American_child_actresses	Category:African-American_actresses	Category:American_female_models	Category:African-American_models
set1	Eric_Stenbock	Karl_Ernst_von_Baer	Category:People_from_the_Governorate_of_Estonia	Category:Baltic-German_people	Category:Estonian_nobility
set1	Friedrich_Wilhelm_von_Steuben	Alexander_Hamilton	Category:Members_of_the_American_Philosophical_Society	Category:Inspectors_General_of_the_United_States_Army
set1	Kristen_Stewart	Brie_Larson	Category:20th-century_American_actresses	Category:Actresses_from_Los_Angeles	Category:21st-century_American_actresses	Category:American_television_actresses	Category:American_child_actresses	Category:American_feminists	Category:American_film_actresses
set1	Michael_Stipe	Bill_Berry	Category:Musicians_from_Athens,_Georgia	Category:R.E.M._members	Category:American_alternative_rock_musicians	Category:Grammy_Award_winners	Category:University_of_Georgia_people	Category:Record_producers_from_Georgia_(U.S._state)	Category:American_rock_songwriters
set1	Alyson_Stoner	Christy_Carlson_Romano	Category:21st-century_American_singers	Category:21st-century_American_actresses	Category:American_television_actresses	Category:21st-century_American_women_singers	Category:American_child_actresses	Category:American_film_actresses	Category:American_child_singers	Category:American_voice_actresses	Category:American_video_game_actresses
set1	Casey_Stoney	Alex_Scott_(footballer,_born_1984)	Category:English_women%27s_footballers	Category:Olympic_women%27s_footballers_of_Great_Britain	Category:2011_FIFA_Women%27s_World_Cup_players	Category:2015_FIFA_Women%27s_World_Cup_players	Category:England_women%27s_international_footballers	Category:FA_Women%27s_Super_League_players	Category:FIFA_Century_Club	Category:Arsenal_W.F.C._players	Category:2007_FIFA_Women%27s_World_Cup_players	Category:Members_of_the_Order_of_the_British_Empire	Category:Footballers_at_the_2012_Summer_Olympics	Category:FA_Women%27s_National_League_players
set1	Lytton_Strachey	Olaf_Stapledon	Category:English_male_poets	Category:People_educated_at_Abbotsholme_School	Category:20th-century_English_poets	Category:Alumni_of_the_University_of_Liverpool
set1	Steve_Strange	Marina_Diamandis	Category:Welsh_pop_singers	Category:Welsh_new_wave_musicians
set1	Rennae_Stubbs	Lleyton_Hewitt	Category:Wimbledon_champions	Category:Tennis_players_at_the_2000_Summer_Olympics	Category:Sportspeople_from_Sydney	Category:Olympic_tennis_players_of_Australia	Category:Tennis_people_from_New_South_Wales	Category:Australian_Institute_of_Sport_tennis_players	Category:US_Open_(tennis)_champions	Category:Tennis_players_at_the_2008_Summer_Olympics
set1	Rebecca_Sugar	Emily_Kapnek	Category:American_songwriters	Category:American_women_television_producers	Category:American_television_producers	Category:American_women_television_writers	Category:American_female_songwriters	Category:American_television_writers	Category:Showrunners	Category:21st-century_American_women_musicians
set1	Lucius_Cornelius_Sulla	Sulla	Category:1st-century_BC_Romans	Category:Roman_Athens	Category:Roman_governors_of_Hispania	Category:2nd-century_BC_Romans	Category:Cornelii_Sullae	Category:Sulla	Category:Roman_Republican_consuls	Category:Senators_of_the_Roman_Republic	Category:Romans_who_received_the_grass_crown	Category:Ancient_Roman_generals	Category:Ancient_Roman_dictators	Category:Roman_governors_of_Cilicia	Category:1st-century_BC_rulers	Category:Leaders_who_took_power_by_coup	Category:Roman_patricians
set1	Pia_Sundhage	Sofia_Jakobsson	Category:Swedish_women%27s_footballers	Category:Damallsvenskan_players	Category:Women%27s_association_football_forwards	Category:Sweden_women%27s_international_footballers	Category:Olympic_footballers_of_Sweden	Category:FIFA_Century_Club
set1	Sylvester_(singer)	Barry_White	Category:20th-century_American_singers	Category:American_disco_singers	Category:American_dance_musicians	Category:Singers_from_Los_Angeles	Category:20th-century_male_singers
set1	Wanda_Sykes	Joan_Rivers	Category:20th-century_American_actresses	Category:American_women_comedians	Category:20th-century_American_comedians	Category:20th-century_American_women_writers	Category:21st-century_American_actresses	Category:American_television_actresses	Category:Late_night_television_talk_show_hosts	Category:Screenwriters_from_New_York_(state)	Category:American_women_television_writers	Category:American_stand-up_comedians	Category:American_film_actresses	Category:American_television_writers	Category:American_voice_actresses	Category:21st-century_American_women_writers
set1	Magda_Szubanski	Cate_Blanchett	Category:20th-century_Australian_actresses	Category:Australian_people_of_English_descent	Category:Australian_people_of_Scottish_descent	Category:Australian_television_actresses	Category:Australian_film_actresses	Category:Audiobook_narrators
set1	Karol_Szymanowski	Ignacy_Jan_Paderewski	Category:Golden_Laurel_of_the_Polish_Academy_of_Literature	Category:Polish_male_classical_composers	Category:Polish_Romantic_composers	Category:20th-century_classical_composers	Category:19th-century_male_musicians	Category:Polish_classical_composers	Category:Composers_for_piano	Category:Composers_with_IMSLP_links	Category:20th-century_male_musicians	Category:Polish_classical_pianists
set1	André_Leon_Talley	Anna_Wintour	Category:American_fashion_journalists	Category:Vogue_(magazine)_people
set1	Daniel_Tammet	Stephen_Wiltshire	Category:Autistic_savants	Category:British_mnemonists
set1	Juan_de_Tassis,_2nd_Count_of_Villamediana	Pedro_Calder%C3%B3n_de_la_Barca	Category:17th-century_Spanish_poets	Category:Spanish_male_poets
set1	Peter_Tatchell	H._G._Wells	Category:Labour_Party_(UK)_parliamentary_candidates	Category:English_socialists	Category:Critics_of_the_Catholic_Church	Category:British_humanists	Category:British_atheists	Category:British_republicans
set1	Cecil_Taylor	Steve_Lacy_(saxophonist)	Category:Intakt_Records_artists	Category:Candid_Records_artists	Category:20th-century_American_male_musicians	Category:Black_Lion_Records_artists	Category:Prestige_Records_artists	Category:FMP/Free_Music_Production_artists	Category:American_male_jazz_musicians	Category:MacArthur_Fellows
set1	Holland_Taylor	Carol_Channing	Category:20th-century_American_actresses	Category:21st-century_American_actresses	Category:American_television_actresses	Category:Bennington_College_alumni	Category:American_stage_actresses	Category:American_film_actresses
set1	Paul_Taylor_(choreographer)	Trisha_Brown	Category:American_choreographers	Category:Modern_dancers	Category:MacArthur_Fellows
set1	Robin_Lord_Taylor	Kevin_Sorbo	Category:American_male_television_actors	Category:Male_actors_of_German_descent	Category:American_people_of_German_descent	Category:21st-century_American_male_actors	Category:American_male_film_actors	Category:American_people_of_Scottish_descent	Category:American_people_of_English_descent
set1	Pyotr_Ilyich_Tchaikovsky	Alexander_Serov	Category:Burials_at_Tikhvin_Cemetery	Category:Male_opera_composers	Category:19th-century_classical_composers	Category:Imperial_School_of_Jurisprudence_alumni	Category:Russian_Romantic_composers	Category:Russian_classical_composers	Category:Russian_opera_composers	Category:19th-century_male_musicians	Category:19th-century_journalists	Category:Composers_with_IMSLP_links	Category:Russian_male_classical_composers	Category:Russian_music_critics
set1	Pavel_Tchelitchew	Oleg_Cassini	Category:White_Russian_emigrants_to_the_United_States	Category:Russian_nobility	Category:White_Russian_emigrants_to_Italy
set1	Neil_Tennant	Chris_Lowe	Category:Pet_Shop_Boys_members	Category:Electronic_(band)_members	Category:British_synth-pop_new_wave_musicians	Category:Ivor_Novello_Award_winners
set1	Mario_Testino	Mar%C3%ADa_Antonieta_Alva	Category:People_from_Lima	Category:University_of_the_Pacific_(Peru)_alumni
set1	David_Testo	Tony_Taylor_(footballer,_born_1989)	Category:American_soccer_players	Category:Expatriate_soccer_players_in_Canada	Category:North_American_Soccer_League_players	Category:American_expatriate_soccer_players	Category:American_expatriate_sportspeople_in_Canada	Category:Major_League_Soccer_players	Category:United_States_men%27s_under-20_international_soccer_players	Category:United_States_men%27s_under-23_international_soccer_players
set1	Sister_Rosetta_Tharpe	B.B._King	Category:African-American_guitarists	Category:20th-century_American_singers	Category:African-American_Christians	Category:American_blues_guitarists	Category:American_blues_singers	Category:20th-century_American_guitarists	Category:Gospel_blues_musicians
set1	Jean-Yves_Thibaudet	%C3%89mile_Naoumoff	Category:21st-century_French_male_musicians	Category:21st-century_classical_pianists	Category:Male_classical_pianists	Category:French_classical_pianists	Category:Conservatoire_de_Paris_alumni	Category:French_male_pianists
set1	Peter_Thiel	Mark_Zuckerberg	Category:Life_extensionists	Category:Directors_of_Facebook	Category:American_technology_company_founders	Category:American_technology_chief_executives	Category:Businesspeople_from_the_San_Francisco_Bay_Area	Category:American_computer_businesspeople	Category:21st-century_American_businesspeople	Category:American_billionaires
set1	Tessa_Thompson	Nina_Foch	Category:Actresses_from_Los_Angeles	Category:21st-century_American_actresses	Category:American_television_actresses	Category:American_Shakespearean_actresses	Category:American_stage_actresses	Category:American_film_actresses
set1	Bella_Thorne	Selena_Gomez	Category:American_female_pop_singers	Category:Child_pop_musicians	Category:21st-century_American_actresses	Category:Hollywood_Records_artists	Category:American_television_actresses	Category:21st-century_American_women_singers	Category:American_child_actresses	Category:American_pop_singers	Category:American_film_actresses	Category:American_child_singers	Category:American_voice_actresses	Category:Shorty_Award_winners
set1	Ian_Thorpe	Leisel_Jones	Category:Medalists_at_the_2004_Summer_Olympics	Category:Swimmers_at_the_2002_Commonwealth_Games	Category:Medalists_at_the_FINA_World_Swimming_Championships_(25_m)	Category:Olympic_gold_medalists_for_Australia	Category:Olympic_silver_medalists_for_Australia	Category:Swimmers_at_the_2000_Summer_Olympics	Category:Swimmers_at_the_2004_Summer_Olympics	Category:Commonwealth_Games_gold_medallists_for_Australia	Category:Olympic_bronze_medalists_for_Australia	Category:Olympic_swimmers_of_Australia	Category:Olympic_silver_medalists_in_swimming	Category:Commonwealth_Games_silver_medallists_for_Australia	Category:Olympic_bronze_medalists_in_swimming	Category:Medalists_at_the_2000_Summer_Olympics	Category:Olympic_gold_medalists_in_swimming	Category:World_record_setters_in_swimming	Category:Commonwealth_Games_medallists_in_swimming	Category:World_Aquatics_Championships_medalists_in_swimming
set1	Tiberius	Augustus	Category:Adoptees_adopted_by_relations	Category:Burials_at_the_Mausoleum_of_Augustus	Category:1st-century_BC_Romans	Category:Ancient_Roman_military_personnel	Category:People_in_the_canonical_gospels	Category:Imperial_Roman_consuls	Category:Julii_Caesares	Category:Ancient_Roman_adoptees
set1	Bill_Tilden	R._Norris_Williams	Category:Tennis_people_from_Pennsylvania	Category:Sportspeople_from_Philadelphia	Category:Wimbledon_champions_(pre-Open_Era)	Category:Grand_Slam_(tennis)_champions_in_men%27s_doubles	Category:International_Tennis_Hall_of_Fame_inductees	Category:Grand_Slam_(tennis)_champions_in_men%27s_singles	Category:American_male_tennis_players	Category:United_States_National_champions_(tennis)	Category:Grand_Slam_(tennis)_champions_in_mixed_doubles
set1	Michael_Tilson_Thomas	James_Horner	Category:20th-century_American_composers	Category:20th-century_American_conductors_(music)	Category:American_male_classical_composers	Category:21st-century_American_composers	Category:American_classical_composers	Category:Grammy_Award_winners	Category:American_male_conductors_(music)	Category:20th-century_classical_composers	Category:Musicians_from_Los_Angeles	Category:Thornton_School_of_Music_alumni	Category:21st-century_American_conductors_(music)	Category:Jewish_American_classical_composers
set1	Michael_Tippett	Malcolm_Arnold	Category:20th-century_British_composers	Category:British_conscientious_objectors	Category:English_classical_composers	Category:20th-century_classical_composers	Category:British_male_conductors_(music)	Category:20th-century_English_musicians	Category:English_male_classical_composers	Category:Knights_Bachelor	Category:Commanders_of_the_Order_of_the_British_Empire	Category:Composers_awarded_knighthoods
set1	Mark_Tobey	Georgia_O%27Keeffe	Category:Painters_from_Wisconsin	Category:Abstract_painters	Category:Modern_painters	Category:School_of_the_Art_Institute_of_Chicago_alumni
set1	Colm_Tóibín	John_Banville	Category:The_New_York_Review_of_Books_people	Category:Fellows_of_the_Royal_Society_of_Literature	Category:20th-century_Irish_novelists	Category:20th-century_Irish_male_writers	Category:Irish_PEN_Award_for_Literature_winners	Category:Aosd%C3%A1na_members	Category:Irish_male_novelists	Category:21st-century_Irish_male_writers
set1	Clyde_Tolson	Mark_Felt	Category:Deputy_Directors_of_the_Federal_Bureau_of_Investigation	Category:Stroke_survivors	Category:George_Washington_University_Law_School_alumni
set1	Lily_Tomlin	Leslie_Jones_(comedian)	Category:20th-century_American_actresses	Category:Activists_from_California	Category:Actresses_from_Los_Angeles	Category:American_women_comedians	Category:21st-century_American_actresses	Category:American_television_actresses	Category:Comedians_from_California	Category:American_stand-up_comedians	Category:American_film_actresses	Category:American_voice_actresses	Category:American_sketch_comedians
set1	Nico_Tortorella	Roman_Reigns	Category:American_people_of_Italian_descent	Category:Actors_of_Italian_descent
set1	Trajan	Antoninus_Pius	Category:Adult_adoptees	Category:Deified_Roman_emperors	Category:2nd-century_Roman_emperors	Category:Nerva%E2%80%93Antonine_dynasty	Category:Commons_link_is_defined_as_the_pagename	Category:Imperial_Roman_consuls	Category:Ancient_Roman_adoptees
set1	P._L._Travers	Tanith_Lee	Category:English_women_novelists	Category:20th-century_English_novelists	Category:English_women_poets	Category:20th-century_English_women_writers	Category:Women_science_fiction_and_fantasy_writers	Category:British_fantasy_writers
set1	Charles_Trenet	Gilbert_B%C3%A9caud	Category:French_male_singers	Category:French_singer-songwriters	Category:Capitol_Records_artists	Category:Path%C3%A9-Marconi_artists	Category:20th-century_French_singers	Category:20th-century_male_singers
set1	Yannis_Tsarouchis	Dimitris_Pikionis	Category:Artists_from_Piraeus	Category:Greek_painters
set1	Marina_Tsvetaeva	Anna_Akhmatova	Category:Soviet_poets	Category:Imperial_Russian_women_poets	Category:Imperial_Russian_poets	Category:20th-century_women_writers
set1	Yi-Fu_Tuan	David_Harvey	Category:Fellows_of_the_American_Academy_of_Arts_and_Sciences	Category:Recipients_of_the_Vautrin_Lud_International_Geography_Prize	Category:American_geographers	Category:Fellows_of_the_British_Academy
set1	Antony_Tudor	Anton_Dolin	Category:English_male_ballet_dancers	Category:Ballet_choreographers	Category:Rambert_Dance_Company_dancers	Category:English_choreographers
set1	Henry_Scott_Tuke	Lamorna_Birch	Category:19th-century_English_painters	Category:Royal_Academicians	Category:English_male_painters	Category:Newlyn_School_of_Artists	Category:20th-century_English_painters
set1	Alan_Turing	Lewis_Fry_Richardson	Category:Alumni_of_King%27s_College,_Cambridge	Category:20th-century_mathematicians	Category:English_mathematicians	Category:Academics_of_the_University_of_Manchester_Institute_of_Science_and_Technology
set1	Cy_Twombly	Conrad_Marca-Relli	Category:American_male_painters	Category:American_emigrants_to_Italy	Category:Modern_painters	Category:American_expatriates_in_Italy	Category:20th-century_American_painters
set1	Wilhelm_Uhde	Daniel-Henry_Kahnweiler	Category:German_art_collectors	Category:Jewish_art_collectors	Category:French_art_collectors	Category:20th-century_art_collectors
set1	Karl_Heinrich_Ulrichs	Moritz_Geiger	Category:19th-century_German_non-fiction_writers	Category:German_male_non-fiction_writers	Category:19th-century_German_male_writers
set1	Brendon_Urie	Ryan_Ross	Category:Singers_from_Nevada	Category:Guitarists_from_Nevada	Category:American_male_guitarists	Category:People_from_the_Las_Vegas_Valley	Category:American_rock_guitarists	Category:Panic!_at_the_Disco_members	Category:American_rock_singers
set1	Sergey_Uvarov	Nikolay_Novosiltsev	Category:Honorary_Members_of_the_St_Petersburg_Academy_of_Sciences	Category:Russian_nobility	Category:Imperial_Russian_politicians	Category:Members_of_the_Russian_Academy	Category:Members_of_the_State_Council_(Russian_Empire)
set1	Valentin_Vaala	Erkki_Karu	Category:Finnish_film_directors	Category:Finnish_film_editors	Category:Finnish_screenwriters
set1	Gus_Van_Sant	Emir_Kusturica	Category:German-language_film_directors	Category:Cannes_Film_Festival_Award_for_Best_Director_winners	Category:Directors_of_Palme_d%27Or_winners
set1	Alison_Van_Uytvanck	Els_Callens	Category:Belgian_female_tennis_players	Category:Flemish_sportspeople
set1	Carl_Van_Vechten	Lewis_Hine	Category:20th-century_American_photographers	Category:University_of_Chicago_alumni	Category:American_portrait_photographers
set1	Luther_Vandross	Michael_Jackson	Category:American_soul_singers	Category:Grammy_Award_winners	Category:American_male_pop_singers	Category:Epic_Records_artists	Category:American_tenors	Category:American_pop_singers	Category:American_rhythm_and_blues_singers
set1	Kirsten_Vangsness	Shantel_VanSanten	Category:American_television_actresses	Category:American_people_of_Norwegian_descent	Category:21st-century_American_actresses
set1	Leo_Varadkar	Miche%C3%A1l_Martin	Category:Taoisigh	Category:Ministers_for_Health_(Ireland)	Category:Members_of_the_33rd_D%C3%A1il	Category:Members_of_the_30th_D%C3%A1il
set1	Chavela_Vargas	Irma_Serrano	Category:20th-century_Mexican_women_singers	Category:20th-century_Mexican_singers	Category:21st-century_Mexican_women_singers	Category:Ranchera_singers	Category:Mexican_film_actresses	Category:21st-century_Mexican_singers	Category:20th-century_Mexican_actresses
set1	Gianni_Vattimo	Martin_Heidegger	Category:Continental_philosophers	Category:Hermeneutists	Category:Heidegger_scholars	Category:Ontologists	Category:Social_critics	Category:Epistemologists	Category:Metaphysicians	Category:Philosophers_of_culture	Category:Cultural_critics	Category:Philosophers_of_history	Category:Nietzsche_scholars	Category:Philosophers_of_religion	Category:Philosophers_of_art	Category:Social_commentators	Category:Social_philosophers	Category:Phenomenologists	Category:Political_philosophers	Category:Philosophers_of_nihilism
set1	Patricia_Velásquez	Gaby_Espino	Category:Venezuelan_film_actresses	Category:Venezuelan_expatriates_in_the_United_States	Category:Venezuelan_female_models	Category:Venezuelan_television_actresses
set1	Nichi_Vendola	Luciana_Castellina	Category:Left_Ecology_Freedom_politicians	Category:Italian_Left_politicians	Category:Italian_Communist_Party_politicians	Category:Communist_Refoundation_Party_politicians
set1	Vergil	Ovid	Category:Latin-language_writers	Category:Golden_Age_Latin_writers	Category:1st-century_BC_Romans	Category:Epic_poets	Category:Roman-era_poets	Category:1st-century_BC_writers
set1	Paul_Verlaine	Auguste_Villiers_de_l%27Isle-Adam	Category:Symbolist_poets	Category:French_poets	Category:Po%C3%A8tes_maudits	Category:French_short_story_writers	Category:French_novelists	Category:French_children%27s_writers	Category:French_male_poets	Category:19th-century_French_poets	Category:French_writers	Category:French_dramatists_and_playwrights	Category:French_essayists	Category:19th-century_French_dramatists_and_playwrights
set1	Gianni_Versace	Donatella_Versace	Category:Versace	Category:Fashion_designers_from_Milan	Category:People_from_Reggio_Calabria	Category:People_of_Calabrian_descent
set1	Théophile_de_Viau	Georges_de_Scud%C3%A9ry	Category:French_poets	Category:French_short_story_writers	Category:17th-century_French_male_writers	Category:French_novelists	Category:French_children%27s_writers	Category:17th-century_French_dramatists_and_playwrights	Category:17th-century_French_poets	Category:17th-century_French_novelists	Category:French_writers	Category:French_dramatists_and_playwrights	Category:French_essayists
set1	Gore_Vidal	Don_DeLillo	Category:American_male_novelists	Category:20th-century_American_short_story_writers	Category:American_male_essayists	Category:21st-century_American_novelists	Category:20th-century_American_dramatists_and_playwrights	Category:Postmodern_writers	Category:20th-century_American_essayists	Category:21st-century_American_essayists	Category:Novelists_from_New_York_(state)	Category:21st-century_American_male_writers	Category:20th-century_American_novelists	Category:American_male_dramatists_and_playwrights	Category:20th-century_American_male_writers	Category:21st-century_American_short_story_writers	Category:National_Book_Award_winners
set1	Filipp_Vigel	Afanasy_Fet	Category:19th-century_memoirists	Category:Russian_memoirists
set1	Archduke_Ludwig_Viktor_of_Austria	Rudolf,_Crown_Prince_of_Austria	Category:Knights_of_the_Golden_Fleece_of_Austria	Category:Grand_Crosses_of_the_Order_of_the_Star_of_Romania	Category:Knights_Grand_Cross_of_the_Ludwigsorden	Category:Recipients_of_the_Order_of_the_Black_Eagle	Category:Recipients_of_the_Order_of_the_Rue_Crown	Category:Knights_Grand_Cross_of_the_Order_of_Saint_Joseph	Category:Knights_of_the_Order_of_Saint_Hubert	Category:Knights_Grand_Cross_of_the_Order_of_the_Crown_(W%C3%BCrttemberg)	Category:Recipients_of_the_Order_of_the_White_Eagle_(Russia)	Category:Knights_of_the_Order_of_the_Gold_Lion_of_the_House_of_Nassau	Category:Recipients_of_the_Order_of_the_White_Falcon	Category:Grand_Croix_of_the_L%C3%A9gion_d%27honneur	Category:Grand_Crosses_of_the_Saxe-Ernestine_House_Order	Category:Recipients_of_the_Order_of_the_Redeemer	Category:Recipients_of_the_Order_of_the_Cross_of_Takovo	Category:House_of_Habsburg-Lorraine	Category:Austrian_princes	Category:Recipients_of_the_Order_of_St._Andrew	Category:Recipients_of_the_Order_of_St._Anna,_1st_class	Category:Grand_Crosses_of_the_House_Order_of_the_Wendish_Crown	Category:Grand_Crosses_of_the_Order_of_Saint_Stephen_of_Hungary
set1	Hervé_Vilard	Rapha%C3%ABl_Haroche	Category:French_male_singers	Category:French_composers	Category:French_male_composers	Category:Musicians_from_Paris	Category:French_pop_singers
set1	Sunette_Viljoen	Amantle_Montsho	Category:IAAF_Continental_Cup_winners	Category:Athletes_(track_and_field)_at_the_2003_All-Africa_Games	Category:Athletes_(track_and_field)_at_the_2010_Commonwealth_Games	Category:African_Games_medalists_in_athletics_(track_and_field)	Category:World_Athletics_Championships_medalists	Category:Commonwealth_Games_medallists_in_athletics	Category:Athletes_(track_and_field)_at_the_2014_Commonwealth_Games	Category:Athletes_(track_and_field)_at_the_2004_Summer_Olympics	Category:Athletes_(track_and_field)_at_the_2018_Commonwealth_Games	Category:Athletes_(track_and_field)_at_the_2012_Summer_Olympics	Category:Athletes_(track_and_field)_at_the_2019_African_Games	Category:Athletes_(track_and_field)_at_the_2006_Commonwealth_Games	Category:Athletes_(track_and_field)_at_the_2007_All-Africa_Games	Category:Athletes_(track_and_field)_at_the_2008_Summer_Olympics
set1	Agustí_Villaronga	Fernando_Trueba	Category:Spanish_screenwriters	Category:Male_screenwriters	Category:Spanish_film_directors	Category:Spanish_male_writers	Category:Best_Director_Goya_Award_winners
set1	George_Villiers,_1st_Duke_of_Buckingham	George_Villiers,_2nd_Duke_of_Buckingham	Category:Earls_of_Buckingham	Category:British_and_English_royal_favourites	Category:Knights_of_the_Garter	Category:Dukes_of_Buckingham_(1623)	Category:Chancellors_of_the_University_of_Cambridge	Category:Villiers_family
set1	Leonardo_da_Vinci	Antonio_del_Pollaiuolo	Category:Italian_Renaissance_painters	Category:Italian_Renaissance_sculptors	Category:Italian_male_sculptors	Category:15th-century_Italian_painters	Category:Painters_from_Florence	Category:15th-century_people_of_the_Republic_of_Florence	Category:15th-century_Italian_sculptors
set1	Luchino_Visconti	Michelangelo_Antonioni	Category:Italian_Marxists	Category:Directors_of_Palme_d%27Or_winners	Category:David_di_Donatello_winners	Category:Nastro_d%27Argento_winners	Category:Italian_film_directors
set1	Pabllo_Vittar	Loalwa_Braz	Category:21st-century_Brazilian_singers	Category:20th-century_Brazilian_singers	Category:Brazilian_dance_musicians
set1	Renée_Vivien	Anna_Kingsford	Category:19th-century_English_poets	Category:Biography_with_signature	Category:19th-century_English_women_writers	Category:English_women_poets
set1	Claude_Vivier	R._Murray_Schafer	Category:Male_opera_composers	Category:20th-century_Canadian_composers	Category:Canadian_opera_composers	Category:20th-century_classical_composers	Category:Canadian_male_classical_composers	Category:Canadian_classical_composers
set1	Julia_Volkova	Nyusha	Category:Russian_child_singers	Category:Russian_pop_singers	Category:20th-century_Russian_women_singers	Category:Singers_from_Moscow
set1	The_Wachowskis	Amber_Benson	Category:American_comics_writers	Category:American_women_screenwriters	Category:21st-century_American_screenwriters	Category:Female_comics_writers	Category:Women_science_fiction_and_fantasy_writers	Category:American_women_film_producers	Category:American_women_film_directors	Category:21st-century_American_women_writers
set1	Siegfried_Wagner	Felix_Draeseke	Category:German_Romantic_composers	Category:Male_opera_composers	Category:German_classical_composers	Category:20th-century_German_composers	Category:19th-century_classical_composers	Category:19th-century_German_composers	Category:20th-century_classical_composers	Category:German_opera_composers	Category:19th-century_male_musicians	Category:Composers_with_IMSLP_links	Category:German_male_classical_composers
set1	Rufus_Wainwright	Paul_Anka	Category:20th-century_American_singers	Category:American_male_singer-songwriters	Category:Canadian_singer-songwriters	Category:American_singer-songwriters	Category:Canadian_pop_singers	Category:American_pop_singers	Category:20th-century_Canadian_singers	Category:Canadian_male_singers
set1	Lena_Waithe	Oprah_Winfrey	Category:African-American_women_writers	Category:20th-century_African-American_people	Category:21st-century_American_actresses	Category:African-American_writers	Category:Writers_from_Chicago	Category:Actresses_from_Chicago	Category:American_women_television_writers	Category:American_television_writers	Category:African-American_actresses	Category:21st-century_American_women_writers
set1	Anton_Walbrook	Joseph_Schildkraut	Category:Male_actors_from_Vienna	Category:Austrian_male_film_actors	Category:Austrian_people_of_Jewish_descent	Category:Austrian_male_silent_film_actors	Category:20th-century_Austrian_male_actors
set1	Alice_Walker	Octavia_E._Butler	Category:African-American_women_writers	Category:American_feminist_writers	Category:African-American_feminists	Category:20th-century_American_women_writers	Category:American_women_novelists	Category:21st-century_American_novelists	Category:African-American_novelists	Category:American_feminists	Category:20th-century_American_novelists	Category:21st-century_American_women_writers
set1	Rebecca_Walker	Toni_Morrison	Category:African-American_women_writers	Category:American_feminist_writers	Category:African-American_feminists	Category:21st-century_American_non-fiction_writers	Category:American_women_novelists	Category:Writers_from_New_York_City	Category:21st-century_American_novelists	Category:20th-century_American_women_writers	Category:African-American_novelists	Category:Novelists_from_New_York_(state)	Category:American_feminists	Category:21st-century_American_women_writers
set1	Yona_Wallach	Erich_Neumann_(psychologist)	Category:Deaths_from_cancer_in_Israel	Category:Israeli_feminists
set1	Hugh_Walpole	Walter_de_la_Mare	Category:Ghost_story_writers	Category:20th-century_English_male_writers	Category:20th-century_English_novelists	Category:English_male_novelists	Category:James_Tait_Black_Memorial_Prize_recipients
set1	María_Elena_Walsh	Gustavo_Cerati	Category:Argentine_people_of_Irish_descent	Category:Argentine_singer-songwriters	Category:Argentine_people_of_British_descent	Category:Burials_at_La_Chacarita_Cemetery
set1	Alexander_Wang_(designer)	Vera_Wang	Category:High_fashion_brands	Category:American_fashion_designers_of_Chinese_descent	Category:Clothing_brands_of_the_United_States
set1	Andy_Warhol	Man_Ray	Category:American_male_painters	Category:American_experimental_filmmakers	Category:American_cinematographers	Category:20th-century_American_photographers	Category:Photographers_from_New_York_(state)	Category:American_male_screenwriters	Category:20th-century_American_male_writers	Category:American_contemporary_artists	Category:American_portrait_photographers
set1	Patricia_Nell_Warren	Jane_Smiley	Category:20th-century_American_women_writers	Category:21st-century_American_non-fiction_writers	Category:American_women_novelists	Category:21st-century_American_novelists	Category:20th-century_American_non-fiction_writers	Category:American_women_non-fiction_writers	Category:20th-century_American_novelists	Category:21st-century_American_women_writers
set1	Ethel_Waters	Nancy_Wilson_(jazz_singer)	Category:20th-century_American_actresses	Category:Torch_singers	Category:20th-century_American_singers	Category:American_jazz_singers	Category:American_female_jazz_singers	Category:African-American_female_singers	Category:20th-century_American_women_singers	Category:American_film_actresses	Category:African-American_actresses
set1	John_Waters	Charley_Chase	Category:Male_actors_from_Baltimore	Category:Film_directors_from_Maryland	Category:20th-century_American_male_actors	Category:American_male_screenwriters	Category:20th-century_American_male_writers
set1	Sarah_Waters	J._K._Rowling	Category:British_Book_Award_winners	Category:Officers_of_the_Order_of_the_British_Empire	Category:Fellows_of_the_Royal_Society_of_Literature
set1	Steps_(group)	Steps_(pop_group)	Category:Musical_groups_disestablished_in_2001	Category:Musical_groups_from_London	Category:Brit_Award_winners	Category:Steps_(group)	Category:Musical_groups_established_in_1997	Category:British_pop_music_groups	Category:Teen_pop_groups	Category:British_dance_music_groups	Category:Musical_groups_reestablished_in_2011	Category:EngvarB_from_September_2015
set1	Clifton_Webb	Donald_O%27Connor	Category:20th-century_American_singers	Category:20th-century_American_dancers	Category:American_male_stage_actors	Category:20th-century_American_male_actors	Category:American_male_musical_theatre_actors	Category:American_male_dancers	Category:Vaudeville_performers	Category:American_male_film_actors	Category:20th-century_male_singers
set1	Bruce_Weber_(photographer)	Terry_Richardson	Category:American_erotic_photographers	Category:Fashion_photographers	Category:21st-century_American_photographers	Category:American_music_video_directors
set1	Apichatpong_Weerasethakul	Pen-ek_Ratanaruang	Category:Thai_screenwriters	Category:Thai_film_directors	Category:Silpathorn_Award_winners	Category:People_from_Bangkok
set1	Johnny_Weir	Evan_Lysacek	Category:Olympic_figure_skaters_of_the_United_States	Category:American_male_single_skaters	Category:Participants_in_American_reality_television_series	Category:Figure_skaters_at_the_2006_Winter_Olympics	Category:World_Junior_Figure_Skating_Championships_medalists	Category:Figure_skaters_at_the_2010_Winter_Olympics	Category:World_Figure_Skating_Championships_medalists
set1	Jann_Wenner	Steve_Forbes	Category:American_publishing_chief_executives	Category:American_magazine_editors	Category:American_magazine_publishers_(people)
set1	Rutina_Wesley	Leslie_Jones_(comedian)	Category:African-American_actresses	Category:21st-century_American_actresses	Category:American_television_actresses	Category:American_film_actresses	Category:American_voice_actresses
set1	Guido_Westerwelle	Sabine_Leutheusser-Schnarrenberger	Category:Free_Democratic_Party_(Germany)_politicians	Category:Members_of_the_Bundestag_1994%E2%80%931998	Category:Members_of_the_Bundestag_for_the_Free_Democratic_Party_(Germany)	Category:Members_of_the_Bundestag_1998%E2%80%932002	Category:Members_of_the_Bundestag_2002%E2%80%932005	Category:21st-century_German_politicians	Category:Members_of_the_Bundestag_2009%E2%80%932013	Category:Members_of_the_Bundestag_2005%E2%80%932009
set1	James_Whale	W._S._Van_Dyke	Category:Burials_at_Forest_Lawn_Memorial_Park_(Glendale)	Category:Suicides_in_California	Category:Male_suicides
set1	Ben_Whishaw	Peter_Ustinov	Category:English_male_television_actors	Category:Male_actors_of_German_descent	Category:English_people_of_German_descent	Category:Male_actors_of_Russian_descent	Category:English_male_film_actors	Category:English_people_of_French_descent	Category:English_people_of_Russian_descent
set1	Patrick_White	Harold_Pinter	Category:Nobel_laureates_in_Literature	Category:20th-century_British_dramatists_and_playwrights	Category:English_anti%E2%80%93nuclear_weapons_activists	Category:English_Nobel_laureates	Category:English_dramatists_and_playwrights
set1	T._H._White	Charles_Williams_(British_writer)	Category:Mythopoeic_writers	Category:20th-century_English_novelists	Category:English_fantasy_writers	Category:English_male_novelists	Category:20th-century_British_short_story_writers	Category:Writers_of_modern_Arthurian_fiction
set1	Walt_Whitman	Stephen_Crane	Category:American_male_novelists	Category:Novelists_from_New_Jersey	Category:19th-century_American_poets	Category:Self-published_authors	Category:19th-century_American_male_writers	Category:19th-century_American_journalists	Category:19th-century_American_novelists	Category:American_male_poets	Category:American_male_journalists
set1	Oscar_Wilde	Fitz_James_O%27Brien	Category:Irish_male_dramatists_and_playwrights	Category:Male_journalists	Category:19th-century_Irish_poets	Category:19th-century_Irish_dramatists_and_playwrights	Category:19th-century_journalists	Category:Irish_fantasy_writers	Category:Irish_journalists
set1	Peter_Wildeblood	Adrian_Mitchell	Category:20th-century_English_dramatists_and_playwrights	Category:English_male_dramatists_and_playwrights	Category:20th-century_English_male_writers	Category:EngvarB_from_August_2014
set1	Thornton_Wilder	Wallace_Stegner	Category:Harvard_University_faculty	Category:American_male_novelists	Category:Novelists_from_Massachusetts	Category:Novelists_from_California	Category:20th-century_American_novelists	Category:20th-century_American_male_writers	Category:National_Book_Award_winners
set1	Samira_Wiley	Olivia_Wilde	Category:21st-century_American_actresses	Category:American_television_actresses	Category:American_stage_actresses	Category:Actresses_from_Washington,_D.C.	Category:American_film_actresses
set1	Tennessee_Williams	William_Faulkner	Category:American_male_novelists	Category:20th-century_American_short_story_writers	Category:Screenwriters_from_Mississippi	Category:American_male_short_story_writers	Category:American_male_screenwriters	Category:20th-century_American_male_writers	Category:20th-century_American_novelists	Category:Writers_of_American_Southern_literature
set1	Kevin_Williamson_(screenwriter)	Henry_Bromell	Category:American_television_producers	Category:American_male_television_writers	Category:American_male_screenwriters	Category:Showrunners	Category:20th-century_American_male_writers
set1	Ajita_Wilson	Hattie_McDaniel	Category:20th-century_American_actresses	Category:African-American_actresses	Category:American_film_actresses
set1	Jacqueline_Wilson	Nina_Bawden	Category:Guardian_Children%27s_Fiction_Prize_winners	Category:Fellows_of_the_Royal_Society_of_Literature	Category:21st-century_English_novelists	Category:English_women_novelists	Category:20th-century_English_novelists	Category:21st-century_English_women_writers	Category:20th-century_English_women_writers	Category:British_women_children%27s_writers	Category:English_children%27s_writers
set1	Mara_Wilson	Kate_Hudson	Category:Jewish_American_actresses	Category:20th-century_American_actresses	Category:Actresses_from_Los_Angeles	Category:21st-century_American_actresses	Category:American_podcasters	Category:American_voice_actresses	Category:American_women_podcasters
set1	Robert_Wilson_(director)	Julie_Taymor	Category:American_opera_directors	Category:American_theatre_directors
set1	Sophie_Wilson	Shirley_Ann_Jackson	Category:Fellows_of_the_Royal_Academy_of_Engineering	Category:Female_Fellows_of_the_Royal_Academy_of_Engineering	Category:21st-century_women_engineers
set1	Johann_Joachim_Winckelmann	Alfred_V._Kidder	Category:Oceanian_archaeology	Category:Asian_archaeology
set1	Paul_Winfield	Mark_Hamill	Category:American_male_television_actors	Category:American_male_voice_actors	Category:American_male_stage_actors	Category:20th-century_American_male_actors	Category:American_male_film_actors	Category:Los_Angeles_City_College_alumni
set1	Jeanette_Winterson	Margaret_Drabble	Category:Fellows_of_the_Royal_Society_of_Literature	Category:English_women_novelists	Category:20th-century_English_novelists	Category:21st-century_English_women_writers	Category:21st-century_British_short_story_writers	Category:20th-century_English_women_writers	Category:20th-century_British_short_story_writers	Category:English_screenwriters	Category:British_women_short_story_writers
set1	Michał_Witkowski	Andrzej_Sapkowski	Category:21st-century_Polish_male_writers	Category:Polish_male_novelists
set1	Ludwig_Wittgenstein	Karl_Popper	Category:Philosophers_of_mathematics	Category:British_logicians	Category:British_male_non-fiction_writers	Category:Metaphysicians	Category:20th-century_British_philosophers	Category:Philosophy_of_mind	Category:Austrian_logicians	Category:Cambridge_University_Moral_Sciences_Club	Category:British_agnostics	Category:20th-century_Austrian_writers	Category:Austrian_philosophers	Category:20th-century_Austrian_philosophers	Category:Ontologists	Category:Writers_from_Vienna	Category:Austrian_agnostics	Category:Philosophers_of_mind	Category:Contemporary_philosophers	Category:Jewish_philosophers	Category:Naturalised_citizens_of_the_United_Kingdom	Category:Epistemologists	Category:Philosophers_of_logic	Category:British_people_of_Austrian-Jewish_descent
set1	Monique_Wittig	Claude_Lefort	Category:Continental_philosophers	Category:Social_critics	Category:21st-century_French_philosophers	Category:20th-century_French_philosophers	Category:Philosophers_of_culture	Category:21st-century_French_non-fiction_writers	Category:Cultural_critics	Category:Philosophers_of_education	Category:21st-century_philosophers	Category:20th-century_French_non-fiction_writers	Category:Contemporary_philosophers	Category:Social_commentators	Category:Social_philosophers	Category:Political_philosophers	Category:Philosophy_writers
set1	Patrick_Wolf	Ed_Harcourt	Category:British_male_pianists	Category:21st-century_English_singers	Category:21st-century_pianists	Category:21st-century_male_singers	Category:English_male_singers	Category:English_pianists
set1	B.D._Wong	Harry_Shum_Jr.	Category:American_male_television_actors	Category:Male_actors_from_San_Francisco	Category:21st-century_American_male_actors	Category:American_male_actors_of_Chinese_descent	Category:American_male_film_actors	Category:San_Francisco_State_University_alumni
set1	Evan_Rachel_Wood	Amy_Sedaris	Category:20th-century_American_actresses	Category:Actresses_from_North_Carolina	Category:21st-century_American_actresses	Category:American_television_actresses	Category:Actors_from_Raleigh,_North_Carolina	Category:American_film_actresses
set1	Grant_Wood	Thomas_Hart_Benton_(painter)	Category:American_male_painters	Category:People_of_the_New_Deal_arts_projects	Category:20th-century_American_printmakers	Category:Alumni_of_the_Acad%C3%A9mie_Julian	Category:School_of_the_Art_Institute_of_Chicago_alumni
set1	Simon_Woods	Dudley_Moore	Category:English_male_television_actors	Category:21st-century_English_male_actors	Category:Alumni_of_Magdalen_College,_Oxford
set1	Virginia_Woolf	H._G._Wells	Category:Social_critics	Category:British_cultural_critics	Category:20th-century_English_novelists	Category:English_socialists	Category:Writers_about_activism_and_social_change	Category:British_humanists	Category:20th-century_British_short_story_writers	Category:Harv_and_Sfn_no-target_errors	Category:British_atheists	Category:British_socialists	Category:English_humanists
set1	Klaus_Wowereit	Michael_M%C3%BCller_(politician,_born_1964)	Category:People_from_Tempelhof-Sch%C3%B6neberg	Category:Presidents_of_the_German_Bundesrat	Category:Members_of_the_Abgeordnetenhaus_of_Berlin	Category:Social_Democratic_Party_of_Germany_politicians
set1	Chely_Wright	Martina_McBride	Category:21st-century_American_singers	Category:American_country_singer-songwriters	Category:Country_musicians_from_Kansas	Category:20th-century_American_singers	Category:American_female_country_singers	Category:Songwriters_from_Kansas	Category:21st-century_American_women_singers	Category:Singers_from_Kansas	Category:20th-century_American_women_singers
set1	Aileen_Wuornos	Gary_Ray_Bowles	Category:People_convicted_of_murder_by_Florida	Category:American_people_convicted_of_robbery	Category:21st-century_executions_of_American_people	Category:21st-century_executions_by_Florida	Category:Executed_American_serial_killers	Category:20th-century_American_criminals	Category:Violence_against_men_in_North_America
set1	Conchita_Wurst	Vincent_Bueno	Category:21st-century_Austrian_singers	Category:English-language_singers_from_Austria	Category:Eurovision_Song_Contest_entrants_for_Austria
set1	Xi_Kang	Ji_Kang	Category:Chinese_non-fiction_writers	Category:Cao_Wei_essayists	Category:Guqin_players	Category:People_from_Huaibei	Category:Chinese_composers	Category:3rd-century_Chinese_poets	Category:Seven_Sages_of_the_Bamboo_Grove	Category:Writers_from_Anhui	Category:Chinese_male_composers	Category:Cao_Wei_musicians	Category:Musicians_from_Anhui
set1	Anna_Yevreinova	Al_Altaev	Category:20th-century_Russian_writers	Category:19th-century_Russian_women_writers	Category:20th-century_Russian_women_writers	Category:19th-century_Russian_writers
set1	Nobuko_Yoshiya	Natsuo_Kirino	Category:20th-century_Japanese_women_writers	Category:20th-century_Japanese_novelists	Category:Japanese_women_novelists
set1	Will_Young	Cliff_Richard	Category:British_male_singers	Category:British_pop_singers	Category:British_male_film_actors	Category:Brit_Award_winners
set1	Marguerite_Yourcenar	Maurice_Maeterlinck	Category:Belgian_essayists	Category:Members_of_the_Acad%C3%A9mie_royale_de_langue_et_de_litt%C3%A9rature_fran%C3%A7aises_de_Belgique	Category:20th-century_Belgian_poets
set1	Yun_Hyon-seok	Kim_Chi-ha	Category:South_Korean_male_poets	Category:20th-century_South_Korean_poets
set1	Pedro_Zamora	Aurelio_Voltaire	Category:American_people_of_Cuban_descent	Category:Cuban_emigrants_to_the_United_States	Category:People_from_Havana
set1	Darin_Zanyar	Danny_Saucedo	Category:Swedish-language_singers	Category:Swedish_pop_singers	Category:Swedish_male_singers	Category:21st-century_male_singers	Category:Melodifestivalen_contestants	Category:English-language_singers_from_Sweden	Category:Idol_(Swedish_TV_series)_participants	Category:Singers_from_Stockholm	Category:21st-century_Swedish_singers
set1	Luis_Zapata_(writer)	Alberto_Ruy_S%C3%A1nchez	Category:Male_novelists	Category:Mexican_male_writers	Category:Mexican_novelists
set1	Franco_Zeffirelli	Federico_Fellini	Category:David_di_Donatello_winners	Category:Nastro_d%27Argento_winners	Category:Best_Production_Design_BAFTA_Award_winners	Category:Italian_Roman_Catholics	Category:Italian_film_directors
set1	Richard_Zimler	David_Brin	Category:American_male_novelists	Category:Jewish_American_writers	Category:21st-century_American_novelists	Category:21st-century_American_male_writers	Category:20th-century_American_novelists	Category:20th-century_American_male_writers
set1	Narcyza_Żmichowska	Rosa_Luxemburg	Category:19th-century_Polish_women_writers	Category:19th-century_Polish_writers
set1	Nikolai_Zverev	Alexander_Goldenweiser_(composer)	Category:Russian_music_educators	Category:Male_classical_pianists	Category:Russian_classical_pianists	Category:Piano_pedagogues
set1	Tamara_Adrián	Mar%C3%ADa_Corina_Machado	Category:Venezuelan_women_in_politics	Category:Andr%C3%A9s_Bello_Catholic_University_alumni	Category:Venezuelan_women_activists	Category:Members_of_the_National_Assembly_(Venezuela)
set1	Rebecca_Allison	Donna_Tartt	Category:21st-century_American_women_writers	Category:People_from_Greenwood,_Mississippi
set1	Charlie_Jane_Anders	Nancy_Kress	Category:Nebula_Award_winners	Category:American_women_novelists	Category:21st-century_American_novelists	Category:Asimov%27s_Science_Fiction_people	Category:Women_science_fiction_and_fantasy_writers	Category:American_science_fiction_writers	Category:21st-century_American_women_writers	Category:Hugo_Award-winning_writers
set1	Anohni	Bat_for_Lashes	Category:Art_pop_musicians	Category:English_singer-songwriters	Category:English_women_in_electronic_music
set1	Alexis_Arquette	Patricia_Arquette	Category:20th-century_American_actresses	Category:American_people_of_Polish-Jewish_descent	Category:Actresses_of_Russian_descent	Category:21st-century_American_actresses	Category:American_television_actresses	Category:American_people_of_Russian-Jewish_descent	Category:Arquette_family	Category:American_film_actresses
set1	Ben_Barres	Robert_Sapolsky	Category:Harvard_University_alumni	Category:American_neuroscientists	Category:Stanford_University_School_of_Medicine_faculty
set1	James_Barry_(surgeon)	Percy_Lowe	Category:English_surgeons	Category:Royal_Army_Medical_Corps_officers
set1	Thomas_Beatie	Markiplier	Category:People_from_Oahu	Category:American_people_of_Korean_descent
set1	Michelle_Suárez_Bértora	Luc%C3%ADa_Topolansky	Category:Uruguayan_women_in_politics	Category:Broad_Front_(Uruguay)_politicians	Category:21st-century_women_politicians	Category:Members_of_the_Senate_of_Uruguay
set1	Sam_Bettens	Tom_Barman	Category:Belgian_male_singers	Category:English-language_singers_from_Belgium	Category:Belgian_rock_singers	Category:21st-century_male_singers	Category:21st-century_Belgian_singers
set1	Chaz_Bono	Nikki_Sixx	Category:21st-century_American_non-fiction_writers	Category:American_memoirists	Category:20th-century_American_non-fiction_writers	Category:American_male_non-fiction_writers	Category:Songwriters_from_California	Category:Writers_from_Los_Angeles
set1	Poppy_Z._Brite	Stephen_King	Category:American_male_novelists	Category:21st-century_American_non-fiction_writers	Category:American_horror_novelists	Category:21st-century_American_novelists	Category:American_fantasy_writers	Category:Writers_of_Gothic_fiction	Category:20th-century_American_non-fiction_writers	Category:American_male_non-fiction_writers	Category:20th-century_American_novelists	Category:Pseudonymous_writers
set1	Mauro_Cabral	Dan_Christian_Ghattas	Category:Intersex_men	Category:Intersex_academics	Category:Intersex_writers	Category:Intersex_rights_activists
set1	Mina_Caputo	Ashley_Ellyllon	Category:American_heavy_metal_keyboardists	Category:21st-century_American_keyboardists	Category:American_rock_songwriters
set1	Wendy_Carlos	Lera_Auerbach	Category:20th-century_women_composers	Category:20th-century_American_composers	Category:20th-century_American_women_musicians	Category:21st-century_American_composers	Category:21st-century_classical_composers	Category:20th-century_classical_composers	Category:American_female_classical_composers	Category:21st-century_women_composers	Category:21st-century_American_women_musicians
set1	Candis_Cayne	Joanna_Newsom	Category:American_television_actresses	Category:American_film_actresses	Category:Waldorf_school_alumni
set1	Jamie_Clayton	Caity_Lotz	Category:American_television_actresses	Category:Female_models_from_California	Category:Actresses_from_San_Diego	Category:American_film_actresses
set1	Coccinelle	Nolwenn_Leroy	Category:20th-century_French_singers	Category:20th-century_French_women_singers
set1	Lynn_Conway	Anita_Borg	Category:American_women_computer_scientists	Category:American_computer_scientists	Category:Scientists_at_PARC_(company)
set1	Caroline_Cossey	Jacqueline_du_Pr%C3%A9	Category:English_Jews	Category:Converts_to_Judaism
set1	Laverne_Cox	Tamera_Mowry	Category:21st-century_American_actresses	Category:American_television_actresses	Category:Identical_twin_actresses	Category:Twin_people_from_the_United_States	Category:African-American_actresses
set1	Elagabalus	Severus_Alexander	Category:People_from_Homs	Category:Ancient_child_rulers	Category:People_of_Roman_Syria	Category:3rd-century_Roman_emperors	Category:Aurelii	Category:Imperial_Roman_consuls	Category:Severan_dynasty	Category:3rd-century_murdered_monarchs
set1	Lili_Elbe	Theodor_Philipsen	Category:Danish_landscape_painters	Category:20th-century_Danish_painters
set1	Chevalier_d'Eon	Bertrand_Bar%C3%A8re	Category:French_Freemasons	Category:French_spies
set1	Bülent_Ersoy	Hadise	Category:Golden_Butterfly_Award_winners	Category:Turkish_Muslims
set1	Leslie_Feinberg	Hal_Draper	Category:American_activists	Category:Jewish_American_writers	Category:American_political_writers	Category:American_socialists	Category:Jewish_socialists	Category:American_communists
set1	Bibiana_Fernández	Victoria_Abril	Category:Chicas_Almod%C3%B3var	Category:Spanish_film_actresses
set1	Lydia_Foy	Gordon_D%27Arcy	Category:Alumni_of_University_College_Dublin	Category:20th-century_Irish_people	Category:21st-century_Irish_people	Category:People_educated_at_Clongowes_Wood_College
set1	Teddy_Geiger	Diane_Schuur	Category:21st-century_American_singers	Category:21st-century_American_pianists	Category:American_women_pianists	Category:21st-century_American_women_singers
set1	Laura_Jane_Grace	Joan_Jett	Category:20th-century_American_singers	Category:Female_punk_rock_singers	Category:American_female_rock_singers	Category:American_punk_rock_singers	Category:21st-century_American_women_singers	Category:American_singer-songwriters	Category:American_women_guitarists	Category:20th-century_American_guitarists	Category:20th-century_American_women_singers	Category:American_punk_rock_guitarists	Category:American_female_singer-songwriters	Category:American_women_record_producers	Category:American_rock_songwriters
set1	Alan_L._Hart	Michael_Crichton	Category:American_male_novelists	Category:American_medical_writers	Category:20th-century_American_non-fiction_writers	Category:American_male_non-fiction_writers	Category:20th-century_American_novelists	Category:20th-century_American_male_writers
set1	Dana_International	Keren_Ann	Category:English-language_singers_from_Israel	Category:People_from_Tel_Aviv	Category:Israeli_pop_singers	Category:Israeli_female_singer-songwriters	Category:Israeli_Jewish_female_singers
set1	Andrea_James	Tavis_Smiley	Category:Writers_from_Indiana	Category:Film_producers_from_Indiana
set1	Caitlyn_Jenner	Carly_Fiorina	Category:21st-century_American_businesswomen	Category:21st-century_American_non-fiction_writers	Category:20th-century_American_businesspeople	Category:American_memoirists	Category:California_Republicans	Category:American_women_non-fiction_writers	Category:20th-century_American_businesswomen	Category:American_women_memoirists	Category:21st-century_memoirists	Category:21st-century_American_businesspeople	Category:21st-century_American_women_writers	Category:American_people_of_English_descent
set1	Natasha_Jiménez	Cheryl_Chase_(activist)	Category:Intersex_women	Category:Intersex_rights_activists
set1	Christine_Jorgensen	Chuck_Connors	Category:United_States_Army_soldiers	Category:Military_personnel_from_New_York_City	Category:United_States_Army_personnel_of_World_War_II	Category:Deaths_from_cancer_in_California	Category:Deaths_from_lung_cancer
set1	Andreas_Krieger	Dwain_Chambers	Category:European_Athletics_Championships_medalists	Category:Doping_cases_in_athletics
set1	Amanda_Lepore	Suzanne_Ciani	Category:American_women_in_electronic_music	Category:American_people_of_Italian_descent
set1	Chelsea_Manning	Edward_Snowden	Category:American_whistleblowers	Category:American_dissidents	Category:Biography_with_signature
set1	Sarah_McBride	Louis_McLane	Category:Delaware_Democrats	Category:Members_of_the_Delaware_House_of_Representatives	Category:People_from_Wilmington,_Delaware
set1	Deirdre_McCloskey	Roderick_T._Long	Category:American_libertarians	Category:Harvard_University_alumni	Category:Individualist_feminists	Category:American_political_writers	Category:Libertarian_economists
set1	Indya_Moore	Jillian_Mercado	Category:IMG_Models_models	Category:American_people_of_Dominican_Republic_descent
set1	Bell_Nuntita	Minnie_(singer)	Category:Thai_pop_singers	Category:Thai_female_singers
set1	Elliot_Page	James_Cameron	Category:Canadian_atheists	Category:Canadian_feminists
set1	Dee_Palmer	Ian_McLagan	Category:Musicians_from_London	Category:English_rock_keyboardists	Category:English_keyboardists
set1	Andreja_Pejić	Josip_%C5%A0imuni%C4%87	Category:Australian_people_of_Croatian_descent	Category:Australian_people_of_Bosnia_and_Herzegovina_descent	Category:Croats_of_Bosnia_and_Herzegovina
set1	Kim_Petras	Angela_Gossow	Category:Musicians_from_Cologne	Category:21st-century_German_singers	Category:English-language_singers_from_Germany	Category:21st-century_German_women_singers
set1	Renée_Richards	Jennifer_Capriati	Category:American_female_tennis_players	Category:Sportspeople_from_New_York_City	Category:Tennis_people_from_New_York_(state)
set1	Mj_Rodriguez	Tisha_Campbell	Category:21st-century_American_actresses	Category:American_television_actresses	Category:Newark_Arts_High_School_alumni	Category:African-American_actresses	Category:Actresses_from_Newark,_New_Jersey
set1	Angelica_Ross	Madam_C._J._Walker	Category:American_company_founders	Category:African-American_company_founders
set1	Eliana_Rubashkyn	Charlotte_Dawson	Category:People_from_Auckland	Category:New_Zealand_women_activists
set1	Hunter_Schafer	Amy_Sedaris	Category:Actresses_from_North_Carolina	Category:21st-century_American_actresses	Category:Actors_from_Raleigh,_North_Carolina
set1	Abby_Stein	Ruth_Bader_Ginsburg	Category:Activists_from_New_York_(state)	Category:American_people_of_Ukrainian-Jewish_descent	Category:21st-century_American_women_writers	Category:American_Jews
set1	Audrey_Tang	Larry_Wall	Category:Free_software_programmers	Category:Perl_writers
set1	Nong_Thoom	Samart_Payakaroon	Category:Muay_Thai_trainers	Category:Thai_male_Muay_Thai_practitioners
set1	Billy_Tipton	Ornette_Coleman	Category:20th-century_American_male_musicians	Category:20th-century_saxophonists	Category:American_jazz_saxophonists	Category:American_male_jazz_musicians	Category:American_male_saxophonists
set1	Daniela_Vega	Mariana_Derderian	Category:Chilean_film_actresses	Category:21st-century_Chilean_actresses
set1	Lana_Wachowski	Amber_Benson	Category:American_comics_writers	Category:American_women_screenwriters	Category:21st-century_American_screenwriters	Category:Female_comics_writers	Category:Women_science_fiction_and_fantasy_writers	Category:American_women_film_producers	Category:American_women_film_directors	Category:21st-century_American_women_writers
set1	Penny_Whetton	Joanna_Haigh	Category:Women_climatologists	Category:Intergovernmental_Panel_on_Climate_Change_lead_authors
set1	Holly_Woodlawn	Rita_Moreno	Category:20th-century_American_actresses	Category:21st-century_American_actresses	Category:20th-century_Puerto_Rican_actresses	Category:American_film_actresses	Category:Hispanic_and_Latino_American_actresses
set1	ContraPoints	Tessa_Violet	Category:Patreon_creators	Category:Female_YouTubers	Category:American_YouTubers
set1	Sophie_(musician)	Lauren_Mayberry	Category:Scottish_electronic_musicians	Category:21st-century_women_singers	Category:British_women_in_electronic_music	Category:21st-century_Scottish_singers
set1	Philippa_York	Mark_Cavendish	Category:Tour_de_Suisse_stage_winners	Category:Harv_and_Sfn_multiple-target_errors	Category:British_Tour_de_France_stage_winners	Category:British_cycling_road_race_champions	Category:British_Giro_d%27Italia_stage_winners	Category:British_Vuelta_a_Espa%C3%B1a_stage_winners
set1	Jake_Zyrus	Vincent_Bueno	Category:21st-century_male_singers	Category:Star_Music_artists	Category:21st-century_Filipino_singers
set1	Ronan_Parke	Kevin_Ayers	Category:21st-century_male_singers	Category:English_pop_singers	Category:English_male_singers	Category:21st-century_English_singers
set1	Amy_Winehouse	Alison_Moyet	Category:English_contraltos	Category:20th-century_English_singers	Category:Brit_Award_winners	Category:21st-century_English_singers	Category:People_with_bipolar_disorder	Category:English_soul_singers	Category:20th-century_English_women_singers
set1	Lady_Gaga	Alicia_Keys	Category:American_contraltos	Category:Philanthropists_from_New_York_(state)	Category:21st-century_American_actresses	Category:Echo_(music_award)_winners	Category:American_television_actresses	Category:HIV/AIDS_activists	Category:American_women_pianists	Category:21st-century_American_women_singers	Category:MTV_EMA_winners	Category:Songwriters_from_New_York_(state)	Category:American_women_activists	Category:21st-century_American_pianists	Category:American_film_actresses	Category:Actresses_from_New_York_City	Category:American_women_record_producers	Category:American_female_pop_singers	Category:Record_producers_from_New_York_(state)
set1	Lucas_Cruikshank	Toby_Turner	Category:American_male_web_series_actors	Category:American_male_television_actors	Category:21st-century_American_male_actors	Category:Male_YouTubers	Category:American_YouTubers
set1	Kimberly_Peirce	Kathryn_Bigelow	Category:Columbia_University_School_of_the_Arts_alumni	Category:American_women_film_directors	Category:American_women_screenwriters
set1	Pierre_Bergé	Bernard_Arnault	Category:21st-century_French_businesspeople	Category:20th-century_French_businesspeople	Category:French_philanthropists	Category:French_businesspeople_in_fashion	Category:French_art_collectors
set1	Demi_Lovato	Selena_Gomez	Category:21st-century_American_actresses	Category:Hollywood_Records_artists	Category:American_television_actresses	Category:Singers_from_Texas	Category:21st-century_American_women_singers	Category:American_pop_rock_singers	Category:People_with_bipolar_disorder	Category:American_child_actresses	Category:American_pop_singers	Category:Songwriters_from_Texas	Category:American_female_pop_singers
set1	Hedy_Lamarr	Senta_Berger	Category:Actresses_from_Vienna	Category:Austrian_film_actresses	Category:20th-century_Austrian_actresses	Category:Austrian_stage_actresses
set1	Deborah_Ellis	Lucy_Maud_Montgomery	Category:Canadian_women_children%27s_writers	Category:Canadian_children%27s_writers	Category:Canadian_women_non-fiction_writers
set1	Alice_B._Toklas	Julia_Child	Category:American_women_non-fiction_writers	Category:Women_cookbook_writers	Category:American_cookbook_writers	Category:American_expatriates_in_France
set1	Therese_Giehse	Julia_Jentsch	Category:German_television_actresses	Category:German_film_actresses	Category:German_stage_actresses	Category:20th-century_German_actresses	Category:Best_Actress_German_Film_Award_winners
set1	Margarita_Xirgu	Laia_Marull	Category:Catalan_film_actresses	Category:Spanish_stage_actresses	Category:Catalan_stage_actresses
set1	Udo_Kier	Sylvester_Groth	Category:20th-century_German_male_actors	Category:21st-century_German_male_actors	Category:German_male_television_actors	Category:German_male_film_actors
set1	Tyler,_the_Creator	Sean_Combs	Category:African-American_businesspeople	Category:African-American_male_rappers	Category:African-American_record_producers	Category:African-American_male_actors	Category:African-American_fashion_designers	Category:American_music_industry_executives	Category:21st-century_American_male_actors	Category:American_music_video_directors	Category:American_hip_hop_record_producers	Category:American_fashion_designers	Category:21st-century_American_rappers	Category:21st-century_American_businesspeople	Category:American_male_film_actors	Category:Grammy_Award_winners_for_rap_music
set1	Harriet_Hosmer	Enid_Yandell	Category:20th-century_American_women_artists	Category:20th-century_American_sculptors	Category:19th-century_American_sculptors	Category:American_women_sculptors	Category:19th-century_American_women_artists
set1	Zelda_Williams	Shannyn_Sossamon	Category:Actresses_of_British_descent	Category:Actresses_of_Irish_descent	Category:American_people_of_German_descent	Category:American_actresses_of_French_descent	Category:American_actresses_of_Filipino_descent	Category:American_people_of_Irish_descent	Category:Actresses_of_German_descent	Category:American_film_actresses	Category:American_people_of_Filipino_descent	Category:American_people_of_English_descent
set1	Carolina_Morace	Pamela_Conti	Category:Female_association_football_managers	Category:Women%27s_association_football_forwards	Category:Italian_women%27s_footballers	Category:Torres_Calcio_Femminile_players	Category:Serie_A_(women%27s_football)_players	Category:Italy_women%27s_international_footballers
set1	Lydia_Cabrera	Fernando_Ortiz_Fern%C3%A1ndez	Category:People_from_Havana	Category:20th-century_anthropologists	Category:Cuban_anthropologists
set1	Katherine_Moennig	Grace_Kelly	Category:20th-century_American_actresses	Category:American_television_actresses	Category:American_people_of_German_descent	Category:Actresses_from_Philadelphia	Category:American_film_actresses	Category:American_Academy_of_Dramatic_Arts_alumni
set1	Mayte_Martín	Mayte_Mart%C3%ADn	Category:Flamenco_singers	Category:Singers_from_Barcelona	Category:Spanish_female_singers
set1	Marion_Zimmer_Bradley	Ursula_K._Le_Guin	Category:Writers_from_the_San_Francisco_Bay_Area	Category:American_feminist_writers	Category:Writers_from_Berkeley,_California	Category:20th-century_American_women_writers	Category:American_women_novelists	Category:American_fantasy_writers	Category:Women_science_fiction_and_fantasy_writers	Category:Constructed_language_creators	Category:20th-century_American_novelists	Category:American_science_fiction_writers	Category:World_Fantasy_Award-winning_writers
set1	Chyler_Leigh	Leighton_Meester	Category:20th-century_American_actresses	Category:21st-century_American_singers	Category:21st-century_American_actresses	Category:American_television_actresses	Category:21st-century_American_women_singers	Category:Female_models_from_Florida	Category:American_child_actresses	Category:American_film_actresses
set1	Tatum_O'Neal	Mia_Farrow	Category:20th-century_American_actresses	Category:Actresses_from_Los_Angeles	Category:21st-century_American_actresses	Category:American_television_actresses	Category:New_Star_of_the_Year_(Actress)_Golden_Globe_winners	Category:David_di_Donatello_winners	Category:American_people_of_Irish_descent	Category:American_film_actresses	Category:American_people_of_English_descent
set1	Joan_Osborne	Will_Oldham	Category:Singers_from_Kentucky	Category:Musicians_from_Louisville,_Kentucky	Category:Country_musicians_from_Kentucky	Category:American_country_singer-songwriters	Category:Songwriters_from_Kentucky	Category:Guitarists_from_Kentucky
set1	Marie_Laurencin	Valentine_Hugo	Category:20th-century_French_women_artists	Category:20th-century_French_printmakers	Category:French_engravers	Category:20th-century_engravers	Category:Women_engravers	Category:French_women_printmakers
set1	Nan_Goldin	Sally_Mann	Category:American_women_photographers	Category:20th-century_American_women_artists	Category:21st-century_women_photographers	Category:20th-century_women_photographers	Category:21st-century_American_women_artists	Category:20th-century_American_photographers	Category:21st-century_American_photographers
set1	James_Tiptree_Jr.	Ursula_K._Le_Guin	Category:American_feminist_writers	Category:Nebula_Award_winners	Category:20th-century_American_women_writers	Category:American_women_novelists	Category:Postmodern_writers	Category:Women_science_fiction_and_fantasy_writers	Category:20th-century_American_novelists	Category:American_science_fiction_writers	Category:Science_Fiction_Hall_of_Fame_inductees	Category:World_Fantasy_Award-winning_writers	Category:Hugo_Award-winning_writers
set1	H.D.	Marianne_Moore	Category:20th-century_American_women_writers	Category:20th-century_American_poets	Category:Modernist_women_writers	Category:American_modernist_poets	Category:American_women_poets	Category:Bryn_Mawr_College_alumni
set1	Sunny_Leone	Lauren_Phoenix	Category:Canadian_pornographic_film_actresses	Category:Women_pornographic_film_directors	Category:Canadian_expatriate_actresses_in_the_United_States	Category:Canadian_female_adult_models	Category:Canadian_pornographic_film_directors	Category:Canadian_pornographic_film_producers
set1	Zelim_Bakaev	Leonid_Agutin	Category:Russian_male_singers	Category:21st-century_male_singers	Category:21st-century_Russian_singers
set1	Hovi_Star	Ishtar_(singer)	Category:Israeli_people_of_Egyptian-Jewish_descent	Category:Israeli_pop_singers	Category:People_from_Kiryat_Ata
set1	Victoria_Kent	Dolores_Ib%C3%A1rruri	Category:Spanish_women_of_the_Spanish_Civil_War_(Republican_faction)	Category:Members_of_the_Congress_of_Deputies_of_the_Second_Spanish_Republic	Category:Exiled_Spanish_politicians	Category:Spanish_women_in_politics	Category:Women_in_war_in_Spain	Category:Spanish_people_of_the_Spanish_Civil_War_(Republican_faction)
set1	Alberto_Manguel	George_Woodcock	Category:Canadian_literary_critics	Category:Canadian_male_non-fiction_writers
set1	Alice_Weidel	Frauke_Petry	Category:Members_of_the_Bundestag_2017%E2%80%932021	Category:Members_of_the_Bundestag_for_the_Alternative_for_Germany	Category:Leaders_of_political_parties_in_Germany
set1	Lucie_Delarue-Mardrus	Danielle_Collobert	Category:20th-century_French_novelists	Category:French_women_poets	Category:20th-century_French_women_writers	Category:20th-century_French_poets	Category:French_women_novelists
set1	Camila_Grey	Daniel_Johnston	Category:Guitarists_from_Texas	Category:Musicians_from_Austin,_Texas
set1	Jeangu_Macrooy	Vincent_Bueno	Category:Eurovision_Song_Contest_entrants_of_2020	Category:Eurovision_Song_Contest_entrants_of_2021
set1	Amarna_Miller	Marco_Banderas	Category:Spanish_pornographic_film_producers	Category:Spanish_pornographic_film_directors
set1	Elise_Bauman	Emily_VanCamp	Category:Actresses_from_Ontario	Category:Canadian_film_actresses	Category:Canadian_feminists	Category:Canadian_television_actresses	Category:21st-century_Canadian_actresses
set1	Joey_Soloway	William_Friedkin	Category:American_television_directors	Category:Writers_from_Chicago	Category:Screenwriters_from_Illinois	Category:21st-century_American_screenwriters	Category:20th-century_American_screenwriters	Category:Directors_Guild_of_America_Award_winners
set1	Phoebe_Bridgers	Sky_Ferreira	Category:American_indie_pop_musicians	Category:21st-century_American_women_singers	Category:American_singer-songwriters	Category:Feminist_musicians	Category:American_female_singer-songwriters	Category:Singers_from_Los_Angeles
set1	Bonnie_McKee	Anna_Nalick	Category:Singers_from_California	Category:21st-century_American_women_singers	Category:American_singer-songwriters	Category:Songwriters_from_California	Category:Epic_Records_artists	Category:American_pop_singers	Category:American_female_singer-songwriters	Category:American_female_pop_singers
set1	Mlle_Raucourt	Rachel_F%C3%A9lix	Category:19th-century_French_actresses	Category:Burials_at_P%C3%A8re_Lachaise_Cemetery	Category:Soci%C3%A9taires_of_the_Com%C3%A9die-Fran%C3%A7aise	Category:French_stage_actresses
set1	Vera_Gedroits	Zinaida_Gippius	Category:20th-century_Russian_poets	Category:20th-century_Russian_women_writers	Category:Russian_women_poets	Category:Imperial_Russian_women_writers
set1	Gaëtan_Dugas	David_Saint-Jacques	Category:People_from_Quebec_City	Category:French_Quebecers
set1	Rachilde	Marguerite_Duras	Category:French_erotica_writers	Category:French_women_novelists	Category:Women_erotica_writers	Category:French_women_dramatists_and_playwrights
set1	Amanda_Nunes	Ronda_Rousey	Category:Bantamweight_mixed_martial_artists	Category:Featherweight_mixed_martial_artists	Category:Ultimate_Fighting_Championship_female_fighters
set1	Elena_Delle_Donne	Chiney_Ogwumike	Category:American_women%27s_basketball_players	Category:Universiade_gold_medalists_for_the_United_States	Category:All-American_college_women%27s_basketball_players	Category:Medalists_at_the_2011_Summer_Universiade	Category:McDonald%27s_High_School_All-Americans	Category:Universiade_medalists_in_basketball	Category:Parade_High_School_All-Americans_(girls%27_basketball)
set1	Robert_Hichens_(writer)	Jerome_K._Jerome	Category:19th-century_English_male_writers	Category:20th-century_English_male_writers	Category:20th-century_English_novelists	Category:19th-century_English_novelists	Category:English_male_novelists
set1	Slava_Mogutin	Anatoly_Kudryavitsky	Category:20th-century_Russian_translators	Category:20th-century_Russian_male_writers	Category:English%E2%80%93Russian_translators
set1	LP_(singer)	Suzanne_Vega	Category:21st-century_American_guitarists	Category:American_female_rock_singers	Category:21st-century_American_women_singers	Category:American_singer-songwriters	Category:American_people_of_Irish_descent	Category:American_female_singer-songwriters	Category:Songwriters_from_New_York_(state)	Category:American_rock_songwriters
set1	Diana_Taurasi	Tina_Charles_(basketball)	Category:Olympic_gold_medalists_for_the_United_States_in_basketball	Category:Medalists_at_the_2016_Summer_Olympics	Category:American_expatriate_basketball_people_in_Turkey	Category:Basketball_players_at_the_2016_Summer_Olympics	Category:All-American_college_women%27s_basketball_players	Category:UConn_Huskies_women%27s_basketball_players	Category:Women%27s_National_Basketball_Association_first_overall_draft_picks	Category:Galatasaray_S.K._(women%27s_basketball)_players	Category:Women%27s_National_Basketball_Association_All-Stars	Category:Basketball_players_at_the_2012_Summer_Olympics	Category:Fenerbah%C3%A7e_women%27s_basketball_players
set1	Merce_Cunningham	Trisha_Brown	Category:American_choreographers	Category:Modern_dancers	Category:MacArthur_Fellows
set1	BD_Wong	Harry_Shum_Jr.	Category:American_male_television_actors	Category:Male_actors_from_San_Francisco	Category:21st-century_American_male_actors	Category:American_male_actors_of_Chinese_descent	Category:American_male_film_actors	Category:San_Francisco_State_University_alumni
set1	Víctor_Raúl_Haya_de_la_Torre	V%C3%ADctor_Ra%C3%BAl_Haya_de_la_Torre	Category:People_from_Trujillo,_Peru	Category:Presidents_of_the_Congress_of_the_Republic_of_Peru	Category:Candidates_for_President_of_Peru	Category:People_who_died_in_office	Category:Peruvian_people_of_Spanish_descent	Category:Peruvian_democracy_activists	Category:National_University_of_San_Marcos_alumni	Category:American_Popular_Revolutionary_Alliance_politicians	Category:Deaths_from_lung_cancer
set1	Gabrielle_Wittkop	Nika_Turbina	Category:2002_suicides	Category:Female_suicides
set1	János_Pilinszky	Mikl%C3%B3s_Radn%C3%B3ti	Category:Hungarian_male_poets	Category:20th-century_Hungarian_male_writers	Category:Hungarian_Roman_Catholics	Category:20th-century_Hungarian_poets	Category:Baumgarten_Prize_winners
set1	Lydia_Zinovieva-Annibal	Evgenia_Tur	Category:Russian_women_short_story_writers	Category:19th-century_Russian_short_story_writers	Category:19th-century_Russian_women_writers	Category:19th-century_Russian_novelists	Category:19th-century_Russian_writers	Category:Russian_women_novelists
set1	Ada_Colau	Meritxell_Batet	Category:Catalan_women_in_politics	Category:Catalan_politicians	Category:People_from_Barcelona
set1	Alba_Flores	%C3%9Arsula_Corber%C3%B3	Category:21st-century_Spanish_actresses	Category:Spanish_television_actresses	Category:Web_series_actresses	Category:Spanish_feminists	Category:Spanish_film_actresses
set1	Jessica_Nigri	Anita_Sarkeesian	Category:Female_YouTubers	Category:American_women_bloggers	Category:American_bloggers	Category:American_YouTubers	Category:Women_video_bloggers
set1	Lzzy_Hale	Lita_Ford	Category:21st-century_American_women_guitarists	Category:21st-century_American_guitarists	Category:21st-century_American_women_singers	Category:20th-century_American_guitarists	Category:20th-century_American_women_singers	Category:American_female_heavy_metal_singers	Category:20th-century_American_women_guitarists	Category:American_hard_rock_musicians
set1	Mia_Malkova	Romina_Power	Category:American_people_of_Irish_descent	Category:American_people_of_French-Canadian_descent	Category:American_people_of_German_descent	Category:Actresses_of_German_descent
set1	Beatrice_Lillie	Billie_Piper	Category:British_stage_actresses	Category:20th-century_British_women_singers	Category:20th-century_British_actresses	Category:20th-century_British_singers	Category:British_film_actresses
set1	Kate_Millett	Cheryl_Strayed	Category:American_feminist_writers	Category:University_of_Minnesota_alumni	Category:American_memoirists	Category:American_women_memoirists	Category:American_feminists	Category:21st-century_American_women_writers
set1	Adrian_Lamo	Kevin_Mitnick	Category:Hackers	Category:American_computer_criminals
set1	Kathy_Kirby	Samantha_Womack	Category:Eurovision_Song_Contest_entrants_for_the_United_Kingdom	Category:EngvarB_from_August_2014	Category:English_people_of_Irish_descent
set1	Griselda_Blanco	Jos%C3%A9_Gonzalo_Rodr%C3%ADguez_Gacha	Category:Deaths_by_firearm_in_Colombia	Category:Colombian_mob_bosses	Category:Colombian_drug_traffickers
set1	Loreen_(singer)	M%C3%A5ns_Zelmerl%C3%B6w	Category:Warner_Music_Group_artists	Category:Swedish_pop_singers	Category:Melodifestivalen_winners	Category:Eurovision_Song_Contest_winners	Category:Eurovision_Song_Contest_entrants_for_Sweden	Category:Melodifestivalen_contestants	Category:English-language_singers_from_Sweden	Category:Idol_(Swedish_TV_series)_participants	Category:21st-century_Swedish_singers
set1	Christophe_Willem	Rapha%C3%ABl_Haroche	Category:French_male_singers	Category:21st-century_French_singers	Category:World_Music_Awards_winners	Category:21st-century_male_singers	Category:French_pop_singers
set1	Snooki	Shawn_Johnson_East	Category:The_Apprentice_(franchise)_contestants	Category:Participants_in_American_reality_television_series
set1	Prince_Pierre,_Duke_of_Valentinois	Albert_I,_Prince_of_Monaco	Category:Dukes_of_Valentinois	Category:Monegasque_princes	Category:House_of_Grimaldi
set1	June_Miller	Erwin_Chargaff	Category:People_from_the_Duchy_of_Bukovina	Category:Austro-Hungarian_emigrants_to_the_United_States
set1	Josephine_Hutchinson	Frances_Farmer	Category:20th-century_American_actresses	Category:American_television_actresses	Category:American_stage_actresses	Category:American_film_actresses	Category:Actresses_from_Seattle
set1	Angela_White	Kylie_Ireland	Category:Women_pornographic_film_directors	Category:AVN_Award_winners
set1	Hayden_Panettiere	Christy_Carlson_Romano	Category:21st-century_American_singers	Category:20th-century_American_actresses	Category:21st-century_American_actresses	Category:American_voice_actresses	Category:American_television_actresses	Category:21st-century_American_women_singers	Category:American_child_actresses	Category:American_film_actresses	Category:American_child_singers	Category:American_video_game_actresses
set1	Pete_Wentz	Nick_Oliveri	Category:21st-century_American_singers	Category:21st-century_American_bass_guitarists	Category:American_male_singers	Category:American_male_bass_guitarists	Category:American_punk_rock_bass_guitarists
set1	Pink_(singer)	Aretha_Franklin	Category:21st-century_American_singers	Category:RCA_Records_artists	Category:20th-century_American_singers	Category:American_female_rock_singers	Category:21st-century_American_women_singers	Category:Feminist_musicians	Category:20th-century_American_women_singers	Category:Arista_Records_artists	Category:American_pop_singers	Category:American_pop_rock_singers	Category:American_dance_musicians	Category:American_female_pop_singers
set1	Queen_Latifah	Lauryn_Hill	Category:20th-century_American_actresses	Category:African-American_female_rappers	Category:American_hip_hop_singers	Category:20th-century_American_singers	Category:American_soul_singers	Category:21st-century_American_actresses	Category:American_television_actresses	Category:21st-century_American_women_singers	Category:Rappers_from_New_Jersey	Category:20th-century_American_women_singers	Category:Feminist_musicians	Category:East_Coast_hip_hop_musicians	Category:Rappers_from_Newark,_New_Jersey	Category:21st-century_American_rappers	Category:American_film_actresses	Category:Musicians_from_East_Orange,_New_Jersey	Category:African-American_actresses	Category:American_female_rappers	Category:Grammy_Award_winners_for_rap_music
set1	Miley_Cyrus	Hilary_Duff	Category:RCA_Records_artists	Category:American_film_actresses	Category:21st-century_American_actresses	Category:American_television_actresses	Category:21st-century_American_women_singers	Category:American_child_actresses	Category:American_pop_singers	Category:Bubblegum_pop	Category:Hollywood_Records_artists	Category:American_dance_musicians	Category:American_female_singer-songwriters	Category:American_female_pop_singers	Category:21st-century_American_women_writers
set1	Marianela_González	Norkys_Batista	Category:Venezuelan_telenovela_actresses	Category:Actresses_from_Caracas
set1	Zoe_Saldana	Trini_Alvarado	Category:20th-century_American_actresses	Category:21st-century_American_actresses	Category:American_television_actresses	Category:Hispanic_and_Latino_American_dancers	Category:American_stage_actresses	Category:Dancers_from_New_York_(state)	Category:American_actresses_of_Puerto_Rican_descent	Category:American_film_actresses	Category:Actresses_from_New_York_City
set1	Janelle_Monáe	Brendon_Miller	Category:21st-century_American_singers	Category:Musicians_from_Kansas_City,_Kansas	Category:Singers_from_Kansas	Category:Songwriters_from_Kansas
set1	Mónica_Naranjo	Amaia_Montero	Category:Spanish_female_pop_singers	Category:21st-century_Spanish_women_singers	Category:Sony_Music_Spain_artists	Category:21st-century_Spanish_singers
set1	Tyler_Posey	Dave_Navarro	Category:21st-century_American_guitarists	Category:American_musicians_of_Mexican_descent	Category:Guitarists_from_California	Category:Hispanic_and_Latino_American_musicians	Category:American_male_guitarists	Category:Lead_guitarists	Category:Musicians_from_Santa_Monica,_California	Category:American_rock_guitarists
set1	Catalina_de_Erauso	In%C3%A9s_Su%C3%A1rez	Category:Captaincy_General_of_Chile	Category:Women_in_war_in_South_America	Category:Female_explorers	Category:Spanish_conquistadors
set1	Dora_Ratjen	Rudolf_Harbig	Category:Athletes_(track_and_field)_at_the_1936_Summer_Olympics	Category:Olympic_athletes_of_Germany
set1	Paul_B._Preciado	Julia_Kristeva	Category:University_of_Paris_faculty	Category:Philosophers_of_sexuality	Category:Feminist_writers
set1	Guillermo_Kahlo	Sabine_Moussier	Category:Naturalized_citizens_of_Mexico	Category:German_emigrants_to_Mexico
set1	Karen_Dior	Colin_Powell	Category:21st-century_American_non-fiction_writers	Category:American_memoirists	Category:20th-century_memoirists	Category:American_male_non-fiction_writers	Category:21st-century_American_male_writers
set1	Parinya_Charoenphol	Samart_Payakaroon	Category:Muay_Thai_trainers	Category:Thai_male_Muay_Thai_practitioners
set1	Charlotte_von_Mahlsdorf	Hildegard_Knef	Category:German_autobiographers	Category:German_women_writers	Category:Women_autobiographers
set1	Anna_Lee_Fisher	Mae_Jemison	Category:American_astronauts	Category:NASA_civilian_astronauts	Category:Physician_astronauts	Category:Space_Shuttle_program_astronauts	Category:Women_astronauts
set1	Ulrika_Eleonora_Stålhammar	Margareta_von_Ascheberg	Category:Women_in_18th-century_warfare	Category:Swedish_people_of_the_Great_Northern_War	Category:Women_in_war_in_Sweden	Category:18th-century_Swedish_military_personnel
set1	Ester_Martin_Bergsmark	G%C3%B6sta_Ekman	Category:Swedish_film_directors	Category:Swedish_screenwriters
set1	Murder_of_Gwen_Araujo	Santa_Rosa_hitchhiker_murders	Category:Murder_in_the_San_Francisco_Bay_Area	Category:People_murdered_in_California	Category:Deaths_by_strangulation_in_the_United_States
set1	Venus_Lux	Jewel_De%27Nyle	Category:Women_pornographic_film_producers	Category:American_pornographic_film_directors	Category:American_pornographic_film_actresses	Category:Women_pornographic_film_directors	Category:American_erotic_dancers	Category:American_female_erotic_dancers	Category:American_pornographic_film_producers
set1	Cavetown_(musician)	Alfie_Deyes	Category:English_YouTubers	Category:YouTube_vloggers	Category:Male_YouTubers	Category:British_Internet_celebrities
set1	Honey_Dijon	Larry_Heard	Category:DJs_from_Chicago	Category:African-American_musicians	Category:Musicians_from_Chicagoset2	J._R._Ackerley	G._K._Chesterton	Category:20th-century_English_male_writers	Category:English_male_journalists	Category:20th-century_English_poets	Category:20th-century_English_novelists	Category:English_male_novelists	Category:British_male_poets
set2	Mark_Adamo	Steve_Reich	Category:Male_opera_composers	Category:20th-century_American_composers	Category:American_male_classical_composers	Category:21st-century_American_composers	Category:American_classical_composers	Category:21st-century_classical_composers	Category:20th-century_classical_composers	Category:American_opera_composers
set2	Thomas_Adès	Mark-Anthony_Turnage	Category:Male_opera_composers	Category:English_opera_composers	Category:English_classical_composers	Category:21st-century_classical_composers	Category:20th-century_classical_composers	Category:20th-century_English_composers	Category:English_male_classical_composers	Category:21st-century_English_composers	Category:Commanders_of_the_Order_of_the_British_Empire
set2	Clay_Aiken	Scotty_McCreery	Category:19_Recordings_artists	Category:21st-century_male_singers	Category:Baptists_from_North_Carolina	Category:Musicians_from_Raleigh,_North_Carolina
set2	Néstor_Almendros	Joaqu%C3%ADn_Nin-Culmell	Category:Spanish_expatriates_in_the_United_States	Category:Spanish_expatriates_in_France
set2	Marc_Almond	David_Ball_(electronic_musician)	Category:Alumni_of_Leeds_Beckett_University	Category:Some_Bizzare_Records_artists	Category:British_synth-pop_new_wave_musicians	Category:English_new_wave_musicians	Category:Soft_Cell_members
set2	Gianni_Amelio	Francesco_Rosi	Category:Italian_film_directors	Category:Nastro_d%27Argento_winners	Category:Directors_of_Golden_Lion_winners	Category:David_di_Donatello_winners
set2	Harry_Andrews	Norman_Wisdom	Category:Male_actors_from_Kent	Category:English_male_television_actors	Category:20th-century_English_male_actors	Category:English_male_film_actors	Category:Musicians_from_Kent
set2	Jerzy_Andrzejewski	Leon_Kruczkowski	Category:Commanders_of_the_Order_of_Polonia_Restituta	Category:Recipients_of_the_Order_of_the_Banner_of_Work	Category:Polish_United_Workers%27_Party_members	Category:Members_of_the_Polish_Sejm_1952%E2%80%931956	Category:20th-century_Polish_novelists	Category:Polish_male_novelists
set2	Nadine_Angerer	Ariane_Hingst	Category:Medalists_at_the_2000_Summer_Olympics	Category:Olympic_medalists_in_football	Category:Damallsvenskan_players	Category:FIFA_Women%27s_World_Cup-winning_players	Category:2011_FIFA_Women%27s_World_Cup_players	Category:Olympic_bronze_medalists_for_Germany	Category:German_women%27s_footballers	Category:2003_FIFA_Women%27s_World_Cup_players	Category:FIFA_Century_Club	Category:2007_FIFA_Women%27s_World_Cup_players	Category:Medalists_at_the_2008_Summer_Olympics	Category:Footballers_at_the_2004_Summer_Olympics	Category:1._FFC_Frankfurt_players	Category:UEFA_Women%27s_Championship-winning_players	Category:1999_FIFA_Women%27s_World_Cup_players	Category:1._FFC_Turbine_Potsdam_players	Category:Germany_women%27s_international_footballers	Category:Expatriate_women%27s_soccer_players_in_Australia	Category:Medalists_at_the_2004_Summer_Olympics	Category:Olympic_women%27s_footballers_of_Germany	Category:Djurg%C3%A5rdens_IF_Fotboll_(women)_players	Category:Footballers_at_the_2008_Summer_Olympics	Category:Footballers_at_the_2000_Summer_Olympics
set2	Alyson_Annan	Cecilia_Rognoni	Category:Medalists_at_the_2000_Summer_Olympics	Category:Field_hockey_players_at_the_2000_Summer_Olympics	Category:Olympic_medalists_in_field_hockey	Category:Field_hockey_players_at_the_1996_Summer_Olympics
set2	Kwame_Anthony_Appiah	Henry_Louis_Gates_Jr.	Category:Harvard_University_faculty	Category:National_Humanities_Medal_recipients	Category:Alumni_of_Clare_College,_Cambridge	Category:Duke_University_faculty	Category:Cornell_University_faculty
set2	Louis_Aragon	Benjamin_P%C3%A9ret	Category:French_poets	Category:20th-century_French_novelists	Category:French_short_story_writers	Category:Dada	Category:French_erotica_writers	Category:French_novelists	Category:French_surrealist_writers	Category:French_male_poets	Category:French_children%27s_writers	Category:Communist_poets	Category:French_writers	Category:20th-century_French_poets	Category:French_dramatists_and_playwrights	Category:French_essayists
set2	Joan_Armatrading	Alison_Moyet	Category:English_contraltos	Category:20th-century_English_singers	Category:21st-century_English_singers	Category:20th-century_English_women_singers	Category:English_singer-songwriters	Category:21st-century_English_women_singers
set2	Polly_Arnold	Carol_V._Robinson	Category:21st-century_British_women_scientists	Category:Fellows_of_the_Royal_Society_of_Chemistry	Category:Female_Fellows_of_the_Royal_Society	Category:British_women_chemists
set2	John_Ashbery	Richard_Wilbur	Category:Poets_from_New_York_(state)	Category:Members_of_the_American_Academy_of_Arts_and_Letters	Category:Fellows_of_the_American_Academy_of_Arts_and_Sciences	Category:Pulitzer_Prize_for_Poetry_winners	Category:Bollingen_Prize_recipients	Category:American_male_poets	Category:National_Book_Award_winners
set2	Anthony_Asquith	Ronald_Knox	Category:People_educated_at_Summer_Fields_School	Category:Alumni_of_Balliol_College,_Oxford	Category:Deaths_from_cancer_in_England
set2	John_August	Tim_Ferriss	Category:American_men_podcasters	Category:American_podcasters	Category:21st-century_American_male_writers
set2	Assi_Azar	Omri_Casspi	Category:Israeli_Jews	Category:Mizrahi_Jews	Category:People_from_Holon
set2	Jennifer_Azzi	Teresa_Edwards	Category:Medalists_at_the_1996_Summer_Olympics	Category:Pan_American_Games_medalists_in_basketball	Category:Olympic_gold_medalists_for_the_United_States_in_basketball	Category:American_women%27s_basketball_players	Category:All-American_college_women%27s_basketball_players	Category:Basketball_players_at_the_1991_Pan_American_Games	Category:American_women%27s_basketball_coaches	Category:Basketball_players_at_the_1996_Summer_Olympics	Category:Medalists_at_the_1991_Pan_American_Games	Category:Parade_High_School_All-Americans_(girls%27_basketball)	Category:Pan_American_Games_bronze_medalists_for_the_United_States
set2	Diora_Baird	Leighton_Meester	Category:American_television_actresses	Category:Female_models_from_Florida	Category:21st-century_American_actresses	Category:American_film_actresses
set2	John_Balance	Kevin_Ayers	Category:English_male_singers	Category:20th-century_English_singers	Category:English_experimental_musicians
set2	Long_John_Baldry	Alvin_Lee	Category:20th-century_English_singers	Category:English_blues_singers	Category:20th-century_British_guitarists	Category:English_male_guitarists	Category:British_rhythm_and_blues_boom_musicians	Category:21st-century_male_singers	Category:20th-century_male_singers
set2	Tammy_Baldwin	Russ_Feingold	Category:American_people_of_Russian-Jewish_descent	Category:Wisconsin_lawyers	Category:Democratic_Party_United_States_senators	Category:Wisconsin_Democrats	Category:United_States_senators_from_Wisconsin
set2	Shawnacy_Barber	Damian_Warner	Category:Pan_American_Games_medalists_in_athletics_(track_and_field)	Category:Athletes_(track_and_field)_at_the_2016_Summer_Olympics	Category:Canadian_Track_and_Field_Championships_winners	Category:Pan_American_Games_gold_medalists_for_Canada	Category:Commonwealth_Games_competitors_for_Canada	Category:World_Athletics_Championships_medalists	Category:Commonwealth_Games_medallists_in_athletics	Category:Medalists_at_the_2015_Pan_American_Games	Category:Athletes_(track_and_field)_at_the_2014_Commonwealth_Games	Category:Pan_American_Games_track_and_field_athletes_for_Canada	Category:World_Athletics_Championships_athletes_for_Canada	Category:Athletes_(track_and_field)_at_the_2018_Commonwealth_Games	Category:Olympic_track_and_field_athletes_of_Canada	Category:Athletes_(track_and_field)_at_the_2015_Pan_American_Games
set2	Tim_Barnett_(politician)	Mike_Moore_(New_Zealand_politician)	Category:New_Zealand_Labour_Party_MPs	Category:New_Zealand_MPs_for_Christchurch_electorates	Category:Members_of_the_New_Zealand_House_of_Representatives	Category:21st-century_New_Zealand_politicians
set2	Amanda_Barrett	B%C3%A9la_Fleck_and_the_Flecktones	Category:American_bluegrass_music_groups	Category:American_folk_musical_groups
set2	Simon_Russell_Beale	Ian_Holm	Category:English_male_television_actors	Category:21st-century_English_male_actors	Category:Actors_awarded_knighthoods	Category:English_male_stage_actors	Category:Critics%27_Circle_Theatre_Award_winners	Category:20th-century_English_male_actors	Category:Knights_Bachelor	Category:Laurence_Olivier_Award_winners	Category:English_male_radio_actors	Category:English_male_film_actors	Category:Commanders_of_the_Order_of_the_British_Empire	Category:Royal_Shakespeare_Company_members	Category:Audiobook_narrators
set2	Alan_Bennett	Hanif_Kureishi	Category:21st-century_British_dramatists_and_playwrights	Category:20th-century_British_dramatists_and_playwrights	Category:English_male_dramatists_and_playwrights	Category:English_dramatists_and_playwrights	Category:English_male_screenwriters	Category:English_screenwriters
set2	Jonathan_Bennett_(actor)	John_Cromwell_(director)	Category:20th-century_American_male_actors	Category:American_male_film_actors	Category:Male_actors_from_Toledo,_Ohio
set2	Marco_Berger	Gaspar_No%C3%A9	Category:Argentine_screenwriters	Category:Male_screenwriters	Category:Argentine_film_directors	Category:Argentine_male_writers
set2	Sandra_Bernhard	Bette_Midler	Category:Jewish_American_actresses	Category:20th-century_American_actresses	Category:American_women_comedians	Category:21st-century_American_actresses	Category:American_television_actresses	Category:Jewish_American_musicians	Category:Feminist_musicians	Category:American_stand-up_comedians	Category:American_film_actresses	Category:American_dance_musicians	Category:American_voice_actresses
set2	Al_Berto	Manuel_Alegre	Category:Portuguese_male_poets	Category:20th-century_Portuguese_poets	Category:20th-century_male_writers
set2	Hector_Bianciotti	Jean_d%27Ormesson	Category:Members_of_the_Acad%C3%A9mie_Fran%C3%A7aise	Category:20th-century_French_novelists	Category:21st-century_French_novelists	Category:Officers_of_the_National_Order_of_Merit_(France)	Category:French_male_novelists	Category:20th-century_French_male_writers	Category:21st-century_French_male_writers
set2	Allan_Bloom	Mortimer_J._Adler	Category:Jewish_philosophers	Category:Philosophers_from_Illinois	Category:American_people_of_German-Jewish_descent	Category:National_Humanities_Medal_recipients
set2	André_Boisclair	Pauline_Marois	Category:Leaders_of_the_Parti_Qu%C3%A9b%C3%A9cois	Category:21st-century_Canadian_politicians	Category:CanElecResTopTest_with_bare_year	Category:French_Quebecers	Category:Parti_Qu%C3%A9b%C3%A9cois_MNAs
set2	Brittany_Bowe	Joey_Mantia	Category:Sportspeople_from_Ocala,_Florida	Category:Medalists_at_the_2007_Pan_American_Games	Category:Olympic_speed_skaters_of_the_United_States	Category:Speed_skaters_at_the_2018_Winter_Olympics	Category:American_roller_skaters	Category:Pan_American_Games_gold_medalists_for_the_United_States	Category:Speed_skaters_at_the_2014_Winter_Olympics	Category:Inline_speed_skaters	Category:World_Single_Distances_Speed_Skating_Championships_medalists	Category:Pan_American_Games_medalists_in_roller_skating	Category:Roller_speed_skaters_at_the_2007_Pan_American_Games
set2	Luisa_Bradshaw-White	Patsy_Palmer	Category:Actresses_from_London	Category:English_television_actresses	Category:English_soap_opera_actresses	Category:English_stage_actresses
set2	Linda_Bresonik	Fatmire_Alushi	Category:Germany_women%27s_international_footballers	Category:Olympic_medalists_in_football	Category:2011_FIFA_Women%27s_World_Cup_players	Category:German_expatriate_sportspeople_in_France	Category:Paris_Saint-Germain_F%C3%A9minine_players	Category:Olympic_bronze_medalists_for_Germany	Category:Division_1_F%C3%A9minine_players	Category:German_women%27s_footballers	Category:2007_FIFA_Women%27s_World_Cup_players	Category:FCR_2001_Duisburg_players	Category:Footballers_at_the_2008_Summer_Olympics	Category:Olympic_women%27s_footballers_of_Germany	Category:Medalists_at_the_2008_Summer_Olympics	Category:FIFA_Women%27s_World_Cup-winning_players	Category:UEFA_Women%27s_Championship-winning_players	Category:Women%27s_association_football_midfielders	Category:Expatriate_women%27s_footballers_in_France
set2	Jean-Claude_Brialy	Jacques_Weber	Category:French_male_film_actors	Category:French_male_screenwriters	Category:20th-century_French_male_actors	Category:Best_Supporting_Actor_C%C3%A9sar_Award_winners	Category:21st-century_French_male_actors	Category:French_film_directors	Category:French_male_stage_actors
set2	Dan_Bucatinsky	Jon_Favreau	Category:American_male_television_actors	Category:Jewish_American_male_actors	Category:Jewish_American_writers	Category:American_people_of_Russian-Jewish_descent	Category:21st-century_American_male_actors	Category:Film_producers_from_New_York_(state)	Category:Screenwriters_from_New_York_(state)	Category:American_male_screenwriters	Category:American_male_film_actors
set2	Filippo_Buonaccorsi	Albert_Brudzewski	Category:15th-century_Polish_writers	Category:15th-century_Latin_writers	Category:Polish_Renaissance_humanists
set2	Saffron_Burrows	Natasha_Richardson	Category:Actresses_from_London	Category:21st-century_English_actresses	Category:English_stage_actresses	Category:20th-century_English_actresses	Category:People_with_acquired_American_citizenship	Category:English_emigrants_to_the_United_States	Category:English_television_actresses
set2	Dan_Butler	Dick_York	Category:Actors_from_Fort_Wayne,_Indiana	Category:American_male_television_actors	Category:American_male_film_actors	Category:Male_actors_from_Indiana
set2	Samuel_Butler_(novelist)	Charles_Dickens	Category:Writers_from_London	Category:Victorian_novelists	Category:19th-century_English_novelists	Category:English_male_novelists
set2	Cazuza	Ant%C3%B4nio_Carlos_Jobim	Category:20th-century_Brazilian_singers	Category:Musicians_from_Rio_de_Janeiro_(city)	Category:Brazilian_composers	Category:20th-century_composers	Category:20th-century_male_singers
set2	Rosalinda_Celentano	Ornella_Muti	Category:Actresses_from_Rome	Category:20th-century_Italian_actresses	Category:Italian_film_actresses
set2	Ilene_Chaiken	Lauren_Faust	Category:21st-century_American_women_writers	Category:American_television_directors	Category:American_women_screenwriters	Category:American_women_television_producers	Category:21st-century_American_screenwriters	Category:Screenwriters_from_California	Category:American_women_television_writers	Category:American_television_writers	Category:Women_television_directors
set2	Kevin_Chamberlin	Roger_Bart	Category:American_male_television_actors	Category:Mason_Gross_School_of_the_Arts_alumni	Category:Male_actors_from_New_Jersey	Category:21st-century_American_male_actors	Category:American_male_film_actors
set2	Graham_Chapman	Richard_Ayoade	Category:English_television_writers	Category:English_male_television_actors	Category:British_male_television_writers	Category:20th-century_English_male_actors	Category:English_male_film_actors	Category:English_male_comedians	Category:20th-century_British_comedians	Category:British_male_comedy_actors
set2	Lisa_Cholodenko	Kathryn_Bigelow	Category:Columbia_University_School_of_the_Arts_alumni	Category:American_women_screenwriters	Category:Screenwriters_from_California	Category:Directors_Guild_of_America_Award_winners	Category:American_women_film_directors
set2	Hélène_Cixous	H%C3%A9l%C3%A8ne_Cixous	Category:Philosophers_of_sexuality	Category:21st-century_French_philosophers	Category:Feminist_theorists	Category:20th-century_French_philosophers	Category:European_Graduate_School_faculty	Category:French_feminists	Category:Jewish_feminists	Category:Continental_philosophers	Category:Deconstruction	Category:21st-century_French_women_writers	Category:Postmodern_feminists	Category:French_women_novelists	Category:Poststructuralists	Category:Women_philosophers	Category:University_of_Paris_faculty	Category:Algerian_women_writers	Category:Women_literary_critics	Category:French_Sephardi_Jews	Category:Jewish_writers	Category:20th-century_French_women_writers	Category:Jewish_philosophers	Category:French_people_of_Algerian-Jewish_descent	Category:Cornell_University_faculty	Category:Feminist_studies_scholars	Category:Prix_M%C3%A9dicis_winners	Category:Commandeurs_of_the_Ordre_des_Arts_et_des_Lettres	Category:Algerian_writers	Category:People_from_Oran
set2	Guillaume_Cizeron	Gabriella_Papadakis	Category:Olympic_figure_skaters_of_France	Category:Olympic_medalists_in_figure_skating	Category:Figure_skaters_at_the_2018_Winter_Olympics	Category:Season%27s_world_number_one_figure_skaters	Category:World_Junior_Figure_Skating_Championships_medalists	Category:Olympic_silver_medalists_for_France	Category:World_Figure_Skating_Championships_medalists	Category:Medalists_at_the_2018_Winter_Olympics	Category:European_Figure_Skating_Championships_medalists
set2	Layshia_Clarendon	Tan_White	Category:Connecticut_Sun_players	Category:American_women%27s_basketball_players	Category:Shooting_guards	Category:Indiana_Fever_players	Category:Indiana_Fever_draft_picks
set2	Kerron_Clement	Kyle_Clemons	Category:Olympic_gold_medalists_for_the_United_States_in_track_and_field	Category:Pan_American_Games_medalists_in_athletics_(track_and_field)	Category:Athletes_(track_and_field)_at_the_2016_Summer_Olympics	Category:Medalists_at_the_2016_Summer_Olympics	Category:Olympic_track_and_field_athletes_of_the_United_States	Category:World_Athletics_Championships_winners	Category:World_Athletics_Championships_medalists	Category:Medalists_at_the_2015_Pan_American_Games	Category:World_Athletics_Championships_athletes_for_the_United_States	Category:African-American_male_track_and_field_athletes	Category:American_male_sprinters	Category:Pan_American_Games_bronze_medalists_for_the_United_States	Category:Athletes_(track_and_field)_at_the_2015_Pan_American_Games	Category:Track_and_field_athletes_from_Texas
set2	Scott_Coffey	James_Shigeta	Category:American_male_television_actors	Category:American_male_film_actors	Category:Male_actors_from_Honolulu	Category:Male_actors_from_Hawaii
set2	Cyril_Collard	Roland_Topor	Category:Writers_from_Paris	Category:20th-century_French_novelists	Category:20th-century_French_male_writers	Category:French_male_novelists
set2	Natalie_Cook	Ricardo_Santos_(beach_volleyball)	Category:Beach_volleyball_players_at_the_2012_Summer_Olympics	Category:Beach_volleyball_players_at_the_2000_Summer_Olympics	Category:Olympic_medalists_in_volleyball	Category:Beach_volleyball_players_at_the_2008_Summer_Olympics	Category:Medalists_at_the_2000_Summer_Olympics	Category:Beach_volleyball_players_at_the_2004_Summer_Olympics
set2	John_Corigliano	Steve_Reich	Category:20th-century_American_composers	Category:Pulitzer_Prize_for_Music_winners	Category:American_male_classical_composers	Category:21st-century_American_composers	Category:American_classical_composers	Category:Grammy_Award_winners	Category:21st-century_classical_composers	Category:20th-century_classical_composers	Category:Members_of_the_American_Academy_of_Arts_and_Letters	Category:Jewish_American_classical_composers
set2	Catherine_Corsini	M%C3%A9lanie_Laurent	Category:French_women_film_directors	Category:French_women_screenwriters	Category:French_screenwriters	Category:French_film_directors
set2	Rick_Cosnett	Adam_Garcia	Category:21st-century_Australian_male_actors	Category:Australian_male_stage_actors	Category:Australian_male_film_actors	Category:Australian_male_television_actors
set2	Gottfried_von_Cramm	John_Newcombe	Category:French_Championships_(tennis)_champions	Category:Wimbledon_champions_(pre-Open_Era)	Category:Grand_Slam_(tennis)_champions_in_men%27s_doubles	Category:International_Tennis_Hall_of_Fame_inductees	Category:Grand_Slam_(tennis)_champions_in_men%27s_singles	Category:United_States_National_champions_(tennis)	Category:Grand_Slam_(tennis)_champions_in_mixed_doubles
set2	Hugues_Cuénod	Ernst_Haefliger	Category:Swiss_male_singers	Category:Swiss_operatic_tenors	Category:20th-century_male_singers	Category:20th-century_opera_singers	Category:Swiss_music_educators
set2	Lisa_Dahlkvist	Linda_Sembrant	Category:Swedish_women%27s_footballers	Category:Olympic_medalists_in_football	Category:Swedish_expatriate_footballers	Category:Footballers_at_the_2012_Summer_Olympics	Category:2011_FIFA_Women%27s_World_Cup_players	Category:Damallsvenskan_players	Category:2015_FIFA_Women%27s_World_Cup_players	Category:Medalists_at_the_2016_Summer_Olympics	Category:Olympic_footballers_of_Sweden	Category:Tyres%C3%B6_FF_players	Category:Sweden_women%27s_international_footballers	Category:Division_1_F%C3%A9minine_players	Category:Kopparbergs/G%C3%B6teborg_FC_players	Category:FIFA_Century_Club	Category:Footballers_at_the_2016_Summer_Olympics	Category:Olympic_silver_medalists_for_Sweden	Category:Swedish_expatriate_sportspeople_in_France	Category:Swedish_footballers	Category:Expatriate_women%27s_footballers_in_France
set2	Stephen_Daldry	Richard_Eyre	Category:English_theatre_directors	Category:English-language_film_directors	Category:BAFTA_winners_(people)	Category:EngvarB_from_August_2014	Category:Laurence_Olivier_Award_winners	Category:Helpmann_Award_winners	Category:Fellows_of_St_Catherine%27s_College,_Oxford	Category:Commanders_of_the_Order_of_the_British_Empire
set2	Ben_Daniels	Chiwetel_Ejiofor	Category:English_male_television_actors	Category:21st-century_English_male_actors	Category:English_male_stage_actors	Category:20th-century_English_male_actors	Category:Alumni_of_the_London_Academy_of_Music_and_Dramatic_Art	Category:English_male_film_actors	Category:Laurence_Olivier_Award_winners
set2	Eleni_Daniilidou	Nicole_Pratt	Category:Tennis_players_at_the_2000_Summer_Olympics	Category:Australian_Open_(tennis)_junior_champions	Category:Tennis_players_at_the_2004_Summer_Olympics	Category:Grand_Slam_(tennis)_champions_in_girls%27_doubles	Category:Hopman_Cup_competitors
set2	Dave_Davies	Brian_Jones	Category:English_rock_guitarists	Category:English_male_guitarists	Category:British_rhythm_and_blues_boom_musicians	Category:English_songwriters	Category:Lead_guitarists	Category:English_people_of_Welsh_descent
set2	Russell_T_Davies	Terry_Jones	Category:British_male_television_writers	Category:21st-century_Welsh_writers	Category:Welsh_screenwriters	Category:Welsh_humanists
set2	Daya_(singer)	Selena_Gomez	Category:American_female_pop_singers	Category:Child_pop_musicians	Category:American_women_in_electronic_music	Category:21st-century_American_women_singers	Category:American_pop_singers	Category:American_dance_musicians	Category:American_child_singers
set2	Jacek_Dehnel	Antoni_Lange	Category:Polish_male_poets	Category:Polish_poets
set2	Casey_Dellacqua	Elizabeth_Smylie	Category:Grand_Slam_(tennis)_champions_in_mixed_doubles	Category:Sportswomen_from_Western_Australia	Category:Olympic_tennis_players_of_Australia	Category:Tennis_players_from_Perth,_Western_Australia	Category:Hopman_Cup_competitors	Category:Australian_female_tennis_players
set2	David_Del_Tredici	Frederic_Rzewski	Category:20th-century_American_composers	Category:American_male_classical_composers	Category:21st-century_American_composers	Category:American_classical_composers	Category:21st-century_classical_composers	Category:20th-century_classical_composers	Category:20th-century_American_male_musicians	Category:Music_%26_Arts_artists	Category:21st-century_American_male_musicians	Category:Composers_for_piano	Category:Pupils_of_Roger_Sessions	Category:Princeton_University_alumni
set2	Barry_Dennen	Bill_Murray	Category:Male_actors_from_Chicago	Category:American_male_voice_actors	Category:Screenwriters_from_Illinois	Category:American_male_non-fiction_writers	Category:American_male_screenwriters	Category:American_male_film_actors
set2	Lukas_Dhont	Jaco_Van_Dormael	Category:Magritte_Award_winners	Category:Belgian_screenwriters	Category:Belgian_film_directors	Category:Directors_of_Cam%C3%A9ra_d%27Or_winners
set2	David_Diamond_(composer)	Milton_Babbitt	Category:20th-century_American_composers	Category:American_male_classical_composers	Category:American_classical_composers	Category:20th-century_classical_composers	Category:20th-century_American_male_musicians	Category:Members_of_the_American_Academy_of_Arts_and_Letters	Category:Pupils_of_Roger_Sessions	Category:Jewish_American_classical_composers
set2	Andy_Dick	Chris_Rock	Category:Male_actors_from_South_Carolina	Category:American_male_television_actors	Category:American_male_voice_actors	Category:American_male_film_actors	Category:American_sketch_comedians
set2	Beth_Ditto	Taylor_Momsen	Category:Female_post-grunge_singers	Category:American_female_rock_singers	Category:21st-century_American_women_singers	Category:Feminist_musicians	Category:American_feminists
set2	Colman_Domingo	Cuba_Gooding_Jr.	Category:American_male_television_actors	Category:African-American_male_actors	Category:21st-century_American_male_actors	Category:American_male_stage_actors	Category:20th-century_American_male_actors	Category:American_male_film_actors
set2	José_Donoso	Joaqu%C3%ADn_Edwards_Bello	Category:Male_novelists	Category:Chilean_novelists	Category:20th-century_novelists	Category:Chilean_male_writers	Category:National_Prize_for_Literature_(Chile)_winners
set2	Ryan_Driller	Randy_West_(actor)	Category:American_male_pornographic_film_actors	Category:Pornographic_film_actors_from_Florida
set2	Martin_Duberman	Samuel_Eliot_Morison	Category:American_male_non-fiction_writers	Category:Historians_of_the_United_States	Category:Bancroft_Prize_winners
set2	Fred_Ebb	Alan_and_Marilyn_Bergman	Category:Broadway_composers_and_lyricists	Category:Grammy_Award_winners	Category:New_York_University_alumni	Category:American_musical_theatre_lyricists	Category:Jewish_American_songwriters	Category:Songwriters_from_New_York_(state)
set2	Jorge_Eduardo_Eielson	Jos%C3%A9_Mar%C3%ADa_Arguedas	Category:Peruvian_male_poets	Category:20th-century_Peruvian_poets	Category:20th-century_male_writers
set2	Jill_Ellis	Martina_Voss-Tecklenburg	Category:Female_association_football_managers	Category:2019_FIFA_Women%27s_World_Cup_managers	Category:Women%27s_association_football_forwards	Category:2015_FIFA_Women%27s_World_Cup_managers
set2	Raúl_Esparza	Kevin_Kline	Category:American_male_television_actors	Category:American_male_Shakespearean_actors	Category:21st-century_American_male_actors	Category:American_male_stage_actors	Category:20th-century_American_male_actors	Category:American_male_musical_theatre_actors	Category:Drama_Desk_Award_winners	Category:American_male_film_actors
set2	Óscar_Esquivias	Pere_Gimferrer	Category:21st-century_Spanish_poets	Category:21st-century_Spanish_novelists	Category:Spanish_male_novelists	Category:Spanish_male_poets
set2	Reid_Ewing	Luis_Fonsi	Category:Guitarists_from_Florida	Category:21st-century_American_singers	Category:21st-century_American_guitarists	Category:American_male_guitarists	Category:21st-century_male_singers
set2	Dominique_Fernandez	Jean_d%27Ormesson	Category:Members_of_the_Acad%C3%A9mie_Fran%C3%A7aise	Category:20th-century_French_novelists	Category:Grand_prix_Jean_Giono_recipients	Category:21st-century_French_novelists	Category:%C3%89cole_Normale_Sup%C3%A9rieure_alumni	Category:French_male_novelists	Category:20th-century_French_male_writers	Category:French_male_non-fiction_writers	Category:21st-century_French_male_writers
set2	Fannie_Flagg	Amber_Benson	Category:American_women_screenwriters	Category:American_television_actresses	Category:American_women_novelists	Category:21st-century_American_novelists	Category:Novelists_from_Alabama	Category:Screenwriters_from_Alabama	Category:American_film_actresses	Category:21st-century_American_women_writers
set2	Maile_Flanagan	Amy_Sedaris	Category:20th-century_American_actresses	Category:21st-century_American_actresses	Category:American_television_actresses	Category:21st-century_American_comedians	Category:American_stage_actresses	Category:American_film_actresses	Category:American_voice_actresses
set2	Graça_Fonseca	Jos%C3%A9_Manuel_Barroso	Category:Portuguese_politicians	Category:People_from_Lisbon
set2	Amini_Fonua	Lauren_Boyle	Category:Swimmers_at_the_2016_Summer_Olympics	Category:Swimmers_from_Auckland	Category:Swimmers_at_the_2012_Summer_Olympics
set2	Nicola_Formichetti	Marzia_Kjellberg	Category:Italian_expatriates_in_England	Category:Italian_fashion_designers
set2	Eytan_Fox	Ephraim_Kishon	Category:Israeli_Jews	Category:Israeli_screenwriters	Category:Israeli_film_directors
set2	Daniel_Franzese	Dom_DeLuise	Category:American_male_television_actors	Category:American_people_of_Italian_descent	Category:21st-century_American_male_actors	Category:American_male_stage_actors	Category:Male_actors_from_New_York_City	Category:American_male_film_actors	Category:Male_actors_of_Italian_descent
set2	Loie_Fuller	Maya_Deren	Category:American_dancers	Category:American_female_dancers
set2	Rudy_Galindo	Kristi_Yamaguchi	Category:World_Junior_Figure_Skating_Championships_medalists	Category:Sportspeople_from_San_Jose,_California	Category:World_Figure_Skating_Championships_medalists
set2	Ian_Gelder	Chiwetel_Ejiofor	Category:English_male_television_actors	Category:21st-century_English_male_actors	Category:Male_actors_from_London	Category:English_male_stage_actors	Category:20th-century_English_male_actors	Category:English_male_radio_actors
set2	Virginia_Gilder	Charlotte_Geer	Category:Rowers_at_the_1984_Summer_Olympics	Category:Medalists_at_the_1984_Summer_Olympics	Category:American_female_rowers	Category:Olympic_silver_medalists_for_the_United_States_in_rowing	Category:Olympic_rowers_of_the_United_States	Category:Congressional_Gold_Medal_recipients
set2	Andrew_Gillum	Val_Demings	Category:Florida_Democrats	Category:African-American_people_in_Florida_politics
set2	Billy_Gilman	Dr._Luke	Category:20th-century_American_singers	Category:American_male_singer-songwriters	Category:Songwriters_from_Rhode_Island	Category:21st-century_male_singers	Category:20th-century_male_singers
set2	Hilda_Gobbi	Catherine_Schell	Category:20th-century_Hungarian_actresses	Category:Hungarian_film_actresses	Category:Hungarian_television_actresses	Category:Actresses_from_Budapest
set2	Adam_Godley	Julian_Morris	Category:English_male_television_actors	Category:21st-century_English_male_actors	Category:British_expatriate_male_actors_in_the_United_States	Category:English_expatriates_in_the_United_States	Category:English_male_child_actors	Category:20th-century_English_male_actors	Category:English_male_film_actors	Category:Jewish_English_male_actors
set2	Paul_Goodman_(writer)	Murray_Bookchin	Category:American_anti-capitalists	Category:American_anti-fascists	Category:Writers_from_New_York_City	Category:American_anarchists	Category:American_male_non-fiction_writers	Category:Jewish_anarchists	Category:Jewish_anti-fascists	Category:Left-libertarians
set2	Jason_Gould	Peter_Hyams	Category:Film_directors_from_Los_Angeles	Category:Jewish_American_writers	Category:Writers_from_New_York_City	Category:Film_directors_from_New_York_City	Category:American_people_of_Russian-Jewish_descent	Category:Screenwriters_from_California	Category:Screenwriters_from_New_York_(state)	Category:American_male_screenwriters	Category:Writers_from_Los_Angeles
set2	Devon_Graye	Brandon_Lee	Category:Male_actors_from_California	Category:American_male_television_actors	Category:American_male_film_actors
set2	Justine_Greening	Nicky_Morgan	Category:Ministers_for_Women_and_Equalities	Category:Female_members_of_the_Cabinet_of_the_United_Kingdom	Category:Female_members_of_the_Parliament_of_the_United_Kingdom_for_English_constituencies	Category:Members_of_the_Privy_Council_of_the_United_Kingdom	Category:UK_MPs_2010%E2%80%932015	Category:21st-century_British_women_politicians	Category:UK_MPs_2017%E2%80%932019	Category:Economic_Secretaries_to_the_Treasury	Category:British_Secretaries_of_State_for_Education	Category:Conservative_Party_(UK)_MPs_for_English_constituencies	Category:UK_MPs_2015%E2%80%932017
set2	Pascal_Greggory	Jacques_Weber	Category:French_male_film_actors	Category:French_male_television_actors	Category:20th-century_French_male_actors	Category:21st-century_French_male_actors	Category:French_male_stage_actors	Category:Male_actors_from_Paris
set2	Richard_Grenell	John_Negroponte	Category:United_States_Directors_of_National_Intelligence	Category:George_W._Bush_administration_personnel
set2	Joel_Grey	Martin_Landau	Category:American_male_television_actors	Category:Jewish_American_male_actors	Category:American_male_voice_actors	Category:Male_actors_from_Los_Angeles	Category:21st-century_American_male_actors	Category:20th-century_American_male_actors	Category:Best_Supporting_Actor_Academy_Award_winners	Category:American_male_film_actors	Category:Best_Supporting_Actor_Golden_Globe_(film)_winners
set2	Nancy_Hamilton	Louise_Closser_Hale	Category:20th-century_American_actresses	Category:20th-century_American_women_writers	Category:American_stage_actresses	Category:American_women_dramatists_and_playwrights	Category:20th-century_American_dramatists_and_playwrights
set2	Jane_Ellen_Harrison	Percy_Bysshe_Shelley	Category:English_atheists	Category:19th-century_essayists	Category:English_essayists	Category:19th-century_English_non-fiction_writers	Category:19th-century_atheists
set2	Dan_Hartman	Barry_White	Category:20th-century_American_singers	Category:American_male_singers	Category:Private_Music_artists	Category:American_dance_musicians	Category:American_disco_singers	Category:20th-century_male_singers
set2	Beatrice_Hastings	Anna_Kingsford	Category:English_Theosophists	Category:English_occult_writers	Category:English_women_poets	Category:English_women_novelists
set2	Sean_Hayes_(actor)	Dom_DeLuise	Category:American_male_television_actors	Category:20th-century_American_comedians	Category:American_male_voice_actors	Category:American_male_comedians	Category:21st-century_American_comedians	Category:21st-century_American_male_actors	Category:20th-century_American_male_actors	Category:American_male_musical_theatre_actors	Category:American_male_film_actors
set2	Barbara_Hendricks_(politician)	Angela_Merkel	Category:Members_of_the_Bundestag_2013%E2%80%932017	Category:Female_members_of_the_Bundestag	Category:20th-century_German_women_politicians	Category:21st-century_German_women_politicians	Category:Environment_ministers_of_Germany	Category:Women_federal_government_ministers_of_Germany	Category:Members_of_the_Bundestag_2017%E2%80%932021	Category:20th-century_German_politicians	Category:Members_of_the_Bundestag_2002%E2%80%932005	Category:Members_of_the_Bundestag_2009%E2%80%932013	Category:Members_of_the_Bundestag_2005%E2%80%932009
set2	Jerry_Herman	Stephen_Schwartz_(composer)	Category:Broadway_composers_and_lyricists	Category:Grammy_Award_winners	Category:Jewish_American_composers	Category:American_musical_theatre_lyricists	Category:Jewish_American_songwriters	Category:American_musical_theatre_composers	Category:Songwriters_from_New_York_(state)
set2	Axel_Hirsoux	Tom_Barman	Category:21st-century_Belgian_singers	Category:Belgian_male_singers	Category:21st-century_male_singers	Category:English-language_singers_from_Belgium
set2	Chamique_Holdsclaw	DeLisha_Milton-Jones	Category:Basketball_players_at_the_2000_Summer_Olympics	Category:Olympic_gold_medalists_for_the_United_States_in_basketball	Category:American_women%27s_basketball_players	Category:All-American_college_women%27s_basketball_players	Category:Washington_Mystics_players	Category:Medalists_at_the_2000_Summer_Olympics	Category:Women%27s_National_Basketball_Association_All-Stars	Category:American_expatriate_basketball_people_in_Spain	Category:Los_Angeles_Sparks_players
set2	Alan_Hollinghurst	Graham_Swift	Category:Fellows_of_the_Royal_Society_of_Literature	Category:20th-century_English_male_writers	Category:20th-century_English_novelists	Category:21st-century_British_short_story_writers	Category:Booker_Prize_winners	Category:English_male_novelists	Category:20th-century_British_short_story_writers	Category:21st-century_British_male_writers	Category:James_Tait_Black_Memorial_Prize_recipients
set2	Johannes_Holzmann	Max_Stirner	Category:People_from_West_Prussia	Category:German_anarchists
set2	Nalo_Hopkinson	Jo_Walton	Category:20th-century_Canadian_novelists	Category:Science_fiction_fans	Category:Canadian_women_novelists	Category:Women_science_fiction_and_fantasy_writers	Category:Canadian_science_fiction_writers	Category:John_W._Campbell_Award_for_Best_New_Writer_winners	Category:Canadian_fantasy_writers	Category:21st-century_Canadian_novelists	Category:World_Fantasy_Award-winning_writers
set2	Nitzan_Horowitz	Yuval_Steinitz	Category:Members_of_the_19th_Knesset_(2013%E2%80%932015)	Category:Members_of_the_22nd_Knesset_(2019%E2%80%932020)	Category:Members_of_the_18th_Knesset_(2009%E2%80%932013)	Category:Members_of_the_23rd_Knesset_(2020%E2%80%932021)	Category:Israeli_Jews	Category:Tel_Aviv_University_alumni	Category:Israeli_people_of_Polish-Jewish_descent
set2	Silvio_Horta	Nic_Pizzolatto	Category:American_television_producers	Category:Writers_Guild_of_America_Award_winners	Category:American_male_television_writers	Category:American_television_writers	Category:Showrunners
set2	Richard_Hunt_(puppeteer)	Frank_Oz	Category:Fraggle_Rock_performers	Category:American_male_voice_actors	Category:Muppet_performers	Category:American_male_film_actors	Category:American_puppeteers	Category:Sesame_Street_Muppeteers
set2	Alberta_Hunter	Charley_Patton	Category:Paramount_Records_artists	Category:20th-century_American_singers	Category:American_blues_singers	Category:Gennett_Records_artists	Category:African-American_musicians
set2	Diego_Hypólito	Daniele_Hyp%C3%B3lito	Category:Pan_American_Games_silver_medalists_for_Brazil	Category:Olympic_gymnasts_of_Brazil	Category:Pan_American_Games_medalists_in_gymnastics	Category:South_American_Games_gold_medalists_for_Brazil	Category:Gymnasts_at_the_2011_Pan_American_Games	Category:Gymnasts_at_the_2012_Summer_Olympics	Category:Medalists_at_the_World_Artistic_Gymnastics_Championships	Category:Gymnasts_at_the_2008_Summer_Olympics	Category:Gymnasts_at_the_2003_Pan_American_Games	Category:Brazilian_people_of_Greek_descent	Category:Brazilian_people_of_Portuguese_descent	Category:South_American_Games_medalists_in_gymnastics	Category:People_from_Santo_Andr%C3%A9,_S%C3%A3o_Paulo	Category:Gymnasts_at_the_2007_Pan_American_Games	Category:Medalists_at_the_2011_Pan_American_Games	Category:Gymnasts_at_the_2016_Summer_Olympics
set2	Witi_Ihimaera	Alistair_Campbell_(poet)	Category:20th-century_New_Zealand_novelists	Category:21st-century_New_Zealand_male_writers	Category:Victoria_University_of_Wellington_alumni	Category:20th-century_New_Zealand_male_writers
set2	Ioannis_Ikonomou	Sara_Stridsberg	Category:20th-century_translators	Category:21st-century_translators
set2	William_Inge	William_Saroyan	Category:American_male_novelists	Category:Pulitzer_Prize_for_Drama_winners	Category:American_male_screenwriters	Category:American_male_dramatists_and_playwrights	Category:20th-century_American_male_writers	Category:20th-century_American_novelists
set2	Daniela_Iraschko-Stolz	Gregor_Schlierenzauer	Category:Ski_jumpers_at_the_2018_Winter_Olympics	Category:Olympic_silver_medalists_for_Austria	Category:Medalists_at_the_2014_Winter_Olympics	Category:FIS_Nordic_World_Ski_Championships_medalists_in_ski_jumping	Category:Holmenkollen_Ski_Festival_winners	Category:Olympic_medalists_in_ski_jumping	Category:Ski_jumpers_at_the_2014_Winter_Olympics	Category:Olympic_ski_jumpers_of_Austria
set2	Paul_Jabara	Alan_and_Marilyn_Bergman	Category:Golden_Globe_Award-winning_musicians	Category:American_male_songwriters	Category:Best_Original_Song_Academy_Award-winning_songwriters	Category:Grammy_Award_winners
set2	Karan_Johar	Aamir_Khan	Category:Film_producers_from_Mumbai	Category:21st-century_Indian_film_directors	Category:Indian_male_film_actors	Category:Male_actors_in_Hindi_cinema	Category:21st-century_Indian_male_actors	Category:Hindi-language_film_directors	Category:Recipients_of_the_Padma_Shri_in_arts	Category:Film_directors_from_Mumbai	Category:Filmfare_Awards_winners
set2	Holly_Johnson	Paul_Simonon	Category:Male_bass_guitarists	Category:English_rock_singers	Category:21st-century_English_painters	Category:English_rock_bass_guitarists	Category:20th-century_English_painters
set2	Randy_Jones_(singer)	Glenn_Hughes_(American_singer)	Category:Village_People_members	Category:American_pop_singers
set2	Steffi_Jones	Birgit_Prinz	Category:1999_FIFA_Women%27s_World_Cup_players	Category:Germany_women%27s_international_footballers	Category:Olympic_medalists_in_football	Category:Footballers_at_the_2000_Summer_Olympics	Category:Medalists_at_the_2004_Summer_Olympics	Category:FSV_Frankfurt_(women)_players	Category:Olympic_women%27s_footballers_of_Germany	Category:Footballers_from_Hesse	Category:Expatriate_women%27s_soccer_players_in_the_United_States	Category:Footballers_at_the_2004_Summer_Olympics	Category:Olympic_bronze_medalists_for_Germany	Category:German_women%27s_footballers	Category:FIFA_Century_Club	Category:2003_FIFA_Women%27s_World_Cup_players	Category:Sportspeople_from_Frankfurt	Category:Medalists_at_the_2000_Summer_Olympics	Category:FIFA_Women%27s_World_Cup-winning_players	Category:1._FFC_Frankfurt_players	Category:UEFA_Women%27s_Championship-winning_players
set2	Candye_Kane	Lynn_Anderson	Category:American_country_singer-songwriters	Category:Country_musicians_from_California	Category:American_female_country_singers	Category:Singers_from_California
set2	Jackie_Kay	Alasdair_Gray	Category:20th-century_Scottish_novelists	Category:20th-century_Scottish_writers	Category:21st-century_Scottish_novelists	Category:21st-century_Scottish_writers	Category:21st-century_Scottish_dramatists_and_playwrights	Category:20th-century_Scottish_dramatists_and_playwrights	Category:Writers_from_Glasgow
set2	Kaytranada	A-Trak	Category:Musicians_from_Montreal	Category:Canadian_hip_hop_record_producers	Category:Canadian_DJs	Category:Electronic_dance_music_DJs
set2	Johan_Kenkhuis	Pieter_van_den_Hoogenband	Category:Dutch_male_swimmers	Category:Medalists_at_the_2004_Summer_Olympics	Category:Medalists_at_the_FINA_World_Swimming_Championships_(25_m)	Category:Olympic_bronze_medalists_for_the_Netherlands	Category:European_Aquatics_Championships_medalists_in_swimming	Category:Swimmers_at_the_2004_Summer_Olympics	Category:Olympic_silver_medalists_in_swimming	Category:Olympic_bronze_medalists_in_swimming	Category:Medalists_at_the_2000_Summer_Olympics	Category:Olympic_swimmers_of_the_Netherlands	Category:Dutch_male_freestyle_swimmers	Category:Olympic_silver_medalists_for_the_Netherlands
set2	Michael_Patrick_King	Craig_McCracken	Category:Screenwriters_from_Pennsylvania	Category:American_television_directors	Category:Television_producers_from_Pennsylvania	Category:American_male_screenwriters
set2	William_R._King	John_C._Calhoun	Category:American_slave_owners	Category:Democratic_Party_Vice_Presidents_of_the_United_States	Category:Democratic_Party_(United_States)_vice_presidential_nominees	Category:Politicians_who_died_in_office	Category:Vice_Presidents_of_the_United_States
set2	John_Kittmer	Walter_Besant	Category:Alumni_of_Christ%27s_College,_Cambridge	Category:Alumni_of_King%27s_College_London
set2	Stine_Brun_Kjeldaas	Stian_Sivertzen	Category:Olympic_snowboarders_of_Norway	Category:People_from_Kongsberg	Category:Kongsberg_IF
set2	T._R._Knight	Eddie_Albert	Category:American_male_television_actors	Category:Male_actors_of_German_descent	Category:Male_actors_from_Minneapolis	Category:American_people_of_German_descent	Category:University_of_Minnesota_alumni	Category:American_male_stage_actors
set2	Ralf_König	Kaz_(cartoonist)	Category:Comics_creator_pop	Category:Comics_nation_sweep	Category:Comics_creator_BLP_pop	Category:Track_variant_DoB
set2	Daniel_Kowalski	Petria_Thomas	Category:Medalists_at_the_1996_Summer_Olympics	Category:Swimmers_at_the_1994_Commonwealth_Games	Category:Olympic_gold_medalists_in_swimming	Category:Olympic_silver_medalists_for_Australia	Category:Medalists_at_the_FINA_World_Swimming_Championships_(25_m)	Category:Olympic_gold_medalists_for_Australia	Category:Swimmers_at_the_1996_Summer_Olympics	Category:Swimmers_at_the_2000_Summer_Olympics	Category:Commonwealth_Games_gold_medallists_for_Australia	Category:Australian_Institute_of_Sport_swimmers	Category:Olympic_bronze_medalists_for_Australia	Category:Swimmers_at_the_1998_Commonwealth_Games	Category:Olympic_swimmers_of_Australia	Category:Olympic_silver_medalists_in_swimming	Category:Olympic_bronze_medalists_in_swimming	Category:Medalists_at_the_2000_Summer_Olympics	Category:Recipients_of_the_Medal_of_the_Order_of_Australia	Category:World_record_setters_in_swimming	Category:Commonwealth_Games_medallists_in_swimming	Category:World_Aquatics_Championships_medalists_in_swimming
set2	Dave_Koz	Kenny_G	Category:21st-century_saxophonists	Category:American_jazz_soprano_saxophonists	Category:American_jazz_tenor_saxophonists	Category:Jewish_jazz_musicians	Category:21st-century_American_male_musicians	Category:American_jazz_alto_saxophonists	Category:Concord_Records_artists	Category:American_male_saxophonists	Category:American_male_jazz_musicians	Category:Smooth_jazz_saxophonists
set2	Luksika_Kumkhum	Sanchai_Ratiwatana	Category:Competitors_at_the_2017_Southeast_Asian_Games	Category:Southeast_Asian_Games_medalists_in_tennis	Category:Asian_Games_silver_medalists_for_Thailand	Category:Medalists_at_the_2014_Asian_Games	Category:Southeast_Asian_Games_gold_medalists_for_Thailand	Category:Competitors_at_the_2019_Southeast_Asian_Games	Category:Tennis_players_at_the_2018_Asian_Games	Category:Universiade_medalists_in_tennis	Category:Southeast_Asian_Games_bronze_medalists_for_Thailand	Category:Southeast_Asian_Games_silver_medalists_for_Thailand	Category:Asian_Games_medalists_in_tennis	Category:Tennis_players_at_the_2014_Asian_Games	Category:Competitors_at_the_2015_Southeast_Asian_Games
set2	Stanley_Kwan	Eric_Tsang	Category:Hong_Kong_male_film_actors	Category:Asian_film_producers	Category:Hong_Kong_film_directors	Category:Hong_Kong_film_producers
set2	Alexandra_Lacrabère	Thierry_Omeyer	Category:Olympic_medalists_in_handball	Category:European_champions_for_France	Category:Medalists_at_the_2016_Summer_Olympics	Category:Handball_players_at_the_2016_Summer_Olympics	Category:Olympic_silver_medalists_for_France	Category:Handball_players_at_the_2012_Summer_Olympics	Category:Handball_players_at_the_2008_Summer_Olympics	Category:Expatriate_handball_players	Category:Olympic_handball_players_of_France
set2	Sasha_Lane	Daniel_Logan	Category:American_people_of_M%C4%81ori_descent	Category:American_people_of_New_Zealand_descent
set2	Johanna_Larsson	Sofia_Arvidsson	Category:Olympic_tennis_players_of_Sweden	Category:Swedish_female_tennis_players
set2	Mark_Leduc	Leonard_Doroftei	Category:Canadian_male_boxers	Category:Medalists_at_the_1992_Summer_Olympics	Category:Olympic_medalists_in_boxing	Category:Light-welterweight_boxers	Category:Boxers_at_the_1992_Summer_Olympics
set2	María_Pilar_León	Silvia_Meseguer	Category:Primera_Divisi%C3%B3n_(women)_players	Category:Spain_women%27s_international_footballers	Category:Zaragoza_CFF_players	Category:2019_FIFA_Women%27s_World_Cup_players	Category:Atl%C3%A9tico_Madrid_Femenino_players	Category:RCD_Espanyol_Femenino_players	Category:Spanish_women%27s_footballers	Category:Aragonese_footballers
set2	Lori_Lightfoot	Liz_Cheney	Category:University_of_Chicago_Law_School_alumni	Category:21st-century_American_women_politicians	Category:20th-century_American_lawyers	Category:21st-century_American_lawyers	Category:20th-century_American_women_lawyers	Category:21st-century_American_women_lawyers
set2	Hannu_Lintu	Leif_Segerstam	Category:Finnish_conductors_(music)	Category:Sibelius_Academy_alumni	Category:21st-century_conductors_(music)
set2	Ari-Pekka_Liukkonen	Matti_Mattsson	Category:Finnish_male_swimmers	Category:Olympic_swimmers_of_Finland	Category:Swimmers_at_the_2016_Summer_Olympics	Category:Swimmers_at_the_2012_Summer_Olympics
set2	Lella_Lombardi	Mario_Andretti	Category:World_Sportscar_Championship_drivers	Category:Williams_Formula_One_drivers	Category:Italian_racing_drivers	Category:March_Formula_One_drivers	Category:Italian_Formula_One_drivers	Category:24_Hours_of_Le_Mans_drivers
set2	Ulrike_Lunacek	Barbara_Prammer	Category:20th-century_Austrian_women_politicians	Category:Members_of_the_National_Council_(Austria)
set2	Don_Mancini	Richard_Kelly_(director)	Category:Screenwriters_from_Virginia	Category:Film_directors_from_Virginia	Category:Writers_from_Richmond,_Virginia	Category:American_male_screenwriters	Category:American_film_producers
set2	Peter_Mandelson	John_Reid,_Baron_Reid_of_Cardowan	Category:UK_MPs_2001%E2%80%932005	Category:Labour_Party_(UK)_life_peers	Category:Secretaries_of_State_for_Northern_Ireland	Category:UK_MPs_1997%E2%80%932001	Category:Members_of_the_Privy_Council_of_the_United_Kingdom	Category:Lord_Presidents_of_the_Council	Category:UK_MPs_1992%E2%80%931997
set2	Irshad_Manji	Naomi_Klein	Category:Canadian_women_activists	Category:Canadian_women_journalists	Category:Canadian_feminist_writers	Category:Canadian_women_non-fiction_writers	Category:Canadian_activists
set2	Golo_Mann	Christa_Wolf	Category:Georg_B%C3%BCchner_Prize_winners	Category:Schiller_Memorial_Prize_winners	Category:German_essayists	Category:20th-century_essayists
set2	Lucrecia_Martel	Luc%C3%ADa_Puenzo	Category:Argentine_film_directors	Category:Women_screenwriters	Category:Argentine_women_film_directors	Category:Argentine_screenwriters	Category:University_of_Buenos_Aires_alumni
set2	Marnie_McBean	Kathleen_Heddle	Category:Medalists_at_the_1996_Summer_Olympics	Category:Canadian_female_rowers	Category:Olympic_bronze_medalists_for_Canada	Category:Medalists_at_the_1992_Summer_Olympics	Category:Pan_American_Games_gold_medalists_for_Canada	Category:Rowers_at_the_1996_Summer_Olympics	Category:Rowers_at_the_1992_Summer_Olympics	Category:Thomas_Keller_Medal_recipients	Category:Pan_American_Games_medalists_in_rowing	Category:Olympic_medalists_in_rowing	Category:Olympic_gold_medalists_for_Canada	Category:Olympic_rowers_of_Canada
set2	Lon_McCallister	Jackie_Cooper	Category:Male_actors_from_Los_Angeles	Category:20th-century_American_male_actors	Category:American_male_film_actors	Category:American_male_child_actors
set2	Angel_McCoughtry	Tina_Charles_(basketball)	Category:Olympic_gold_medalists_for_the_United_States_in_basketball	Category:Medalists_at_the_2016_Summer_Olympics	Category:American_expatriate_basketball_people_in_Turkey	Category:Basketball_players_at_the_2016_Summer_Olympics	Category:All-American_college_women%27s_basketball_players	Category:Women%27s_National_Basketball_Association_first_overall_draft_picks	Category:Galatasaray_S.K._(women%27s_basketball)_players	Category:Women%27s_National_Basketball_Association_All-Stars	Category:Basketball_players_at_the_2012_Summer_Olympics	Category:Fenerbah%C3%A7e_women%27s_basketball_players
set2	Kelly_McGillis	Lynn_Collins	Category:20th-century_American_actresses	Category:Juilliard_School_alumni	Category:21st-century_American_actresses	Category:American_television_actresses	Category:American_Shakespearean_actresses	Category:American_stage_actresses	Category:American_film_actresses
set2	Jim_McGreevey	Jon_Corzine	Category:Governors_of_New_Jersey	Category:New_Jersey_Democrats	Category:Democratic_Party_state_governors_of_the_United_States
set2	Terrence_McNally	Jules_Feiffer	Category:21st-century_American_dramatists_and_playwrights	Category:20th-century_American_dramatists_and_playwrights	Category:Screenwriters_from_New_York_(state)	Category:21st-century_American_male_writers	Category:American_male_screenwriters	Category:American_male_dramatists_and_playwrights	Category:20th-century_American_male_writers
set2	Kristy_McNichol	Amanda_Bynes	Category:20th-century_American_actresses	Category:Actresses_from_Los_Angeles	Category:American_women_comedians	Category:American_television_actresses	Category:American_people_of_Irish_descent	Category:People_with_bipolar_disorder	Category:American_child_actresses	Category:American_film_actresses	Category:American_voice_actresses
set2	Carmen_McRae	Nancy_Wilson_(jazz_singer)	Category:20th-century_American_actresses	Category:Torch_singers	Category:Jazz_musicians_from_California	Category:American_jazz_singers	Category:African-American_jazz_musicians	Category:American_female_jazz_singers	Category:African-American_female_singers	Category:20th-century_American_women_singers	Category:Vocal_jazz_musicians	Category:African-American_actresses	Category:Traditional_pop_music_singers
set2	David_McVicar	Peter_Brook	Category:British_theatre_directors	Category:British_opera_directors
set2	Ioannis_Melissanidis	Dimosthenis_Tampakos	Category:Olympic_medalists_in_gymnastics	Category:Greek_male_artistic_gymnasts	Category:Olympic_gymnasts_of_Greece	Category:Olympic_gold_medalists_for_Greece	Category:Medalists_at_the_World_Artistic_Gymnastics_Championships	Category:Gymnasts_at_the_2000_Summer_Olympics
set2	Vladimir_Meshchersky	Ivan_Turgenev	Category:Russian_male_novelists	Category:Russian_people_of_Tatar_descent
set2	Tomas_Milian	Vittorio_Gassman	Category:Male_Spaghetti_Western_actors	Category:Nastro_d%27Argento_winners	Category:Italian_male_film_actors
set2	Vincente_Minnelli	Martin_Scorsese	Category:American_people_of_Sicilian_descent	Category:Best_Director_Golden_Globe_winners	Category:Directors_of_Palme_d%27Or_winners	Category:Directors_Guild_of_America_Award_winners	Category:American_film_directors_of_Italian_descent
set2	Matthew_Mitcham	Chantelle_Newbery	Category:Olympic_divers_of_Australia	Category:Olympic_gold_medalists_for_Australia	Category:Divers_at_the_2006_Commonwealth_Games	Category:Australian_Institute_of_Sport_divers	Category:Commonwealth_Games_gold_medallists_for_Australia	Category:Divers_at_the_2008_Summer_Olympics	Category:Olympic_medalists_in_diving	Category:Commonwealth_Games_medallists_in_diving	Category:Commonwealth_Games_silver_medallists_for_Australia	Category:Recipients_of_the_Medal_of_the_Order_of_Australia
set2	Yūji_Mitsuya	T%C5%8Dru_Furuya	Category:Japanese_male_voice_actors	Category:Aoni_Production_voice_actors	Category:Japanese_male_video_game_actors	Category:Japanese_male_child_actors
set2	Kuno_von_Moltke	Emil_Kraepelin	Category:People_from_Neustrelitz	Category:People_from_Mecklenburg-Strelitz
set2	Carlos_Monsiváis	Carlos_Fuentes	Category:National_Autonomous_University_of_Mexico_alumni	Category:Mexican_columnists
set2	Henry_de_Montherlant	Pierre_Gamarra	Category:French_male_essayists	Category:20th-century_French_novelists	Category:French_male_dramatists_and_playwrights	Category:20th-century_French_dramatists_and_playwrights	Category:French_male_novelists	Category:20th-century_French_essayists	Category:20th-century_French_male_writers
set2	Rachel_Morrison	Mason_(director)	Category:American_cinematographers	Category:American_women_cinematographers
set2	Bob_Mould	Tim_Buckley	Category:American_male_singer-songwriters	Category:Singers_from_Washington,_D.C.	Category:Guitarists_from_New_York_(state)	Category:American_male_guitarists	Category:American_singer-songwriters	Category:20th-century_American_guitarists	Category:Songwriters_from_New_York_(state)	Category:American_rock_songwriters	Category:Guitarists_from_Washington,_D.C.
set2	Nadine_Müller_(athlete)	David_Storl	Category:German_national_athletics_champions	Category:European_Athletics_Championships_medalists	Category:Athletes_(track_and_field)_at_the_2016_Summer_Olympics	Category:Olympic_athletes_of_Germany	Category:SC_DHfK_Leipzig_athletes	Category:World_Athletics_Championships_medalists	Category:World_Athletics_Championships_athletes_for_Germany	Category:Athletes_(track_and_field)_at_the_2012_Summer_Olympics
set2	Jim_Nabors	Tim_Meadows	Category:American_male_television_actors	Category:20th-century_American_comedians	Category:American_male_comedians	Category:21st-century_American_comedians	Category:20th-century_American_male_actors	Category:American_male_film_actors
set2	Kathy_Najimy	Leslie_Jones_(comedian)	Category:Activists_from_California	Category:American_women_comedians	Category:American_television_actresses	Category:Comedians_from_California	Category:American_film_actresses	Category:American_voice_actresses
set2	Steffi_Nerius	Christina_Obergf%C3%B6ll	Category:German_national_athletics_champions	Category:German_female_javelin_throwers	Category:European_Athletics_Championships_medalists	Category:Olympic_athletes_of_Germany	Category:Olympic_silver_medalists_in_athletics_(track_and_field)	Category:World_Athletics_Championships_winners	Category:World_Athletics_Championships_medalists	Category:Athletes_(track_and_field)_at_the_2004_Summer_Olympics	Category:Olympic_silver_medalists_for_Germany	Category:Athletes_(track_and_field)_at_the_2008_Summer_Olympics
set2	John_Neumeier	Ji%C5%99%C3%AD_Kyli%C3%A1n	Category:Prix_Benois_de_la_Danse_winners	Category:People_educated_at_the_Royal_Ballet_School
set2	Jasika_Nicole	Wendy_Williams	Category:American_television_actresses	Category:African-American_actresses	Category:21st-century_American_actresses	Category:American_film_actresses
set2	Marlene_van_Niekerk	Cornelis_Jacobus_Langenhoven	Category:Stellenbosch_University_alumni	Category:Hertzog_Prize_winners_for_prose	Category:White_South_African_people
set2	Ramón_Novarro	Ricardo_Montalb%C3%A1n	Category:Mexican_people_of_Spanish_descent	Category:Hispanic_and_Latino_American_male_actors	Category:Mexican_male_stage_actors	Category:20th-century_Mexican_male_actors	Category:Mexican_emigrants_to_the_United_States	Category:Mexican_male_television_actors	Category:Mexican_Roman_Catholics	Category:Mexican_male_film_actors
set2	Salvador_Novo	Alfonso_Reyes	Category:Mexican_male_poets	Category:20th-century_Mexican_poets	Category:Members_of_the_Mexican_Academy_of_Language	Category:20th-century_Mexican_male_writers
set2	Laura_Nyro	Tori_Amos	Category:20th-century_women_composers	Category:20th-century_American_composers	Category:American_female_composers	Category:American_feminist_writers	Category:20th-century_American_women_pianists	Category:American_rock_pianists	Category:Feminist_musicians	Category:20th-century_American_women_singers	Category:American_female_singer-songwriters	Category:20th-century_American_pianists
set2	Montserrat_Oliver	Michelle_Vieth	Category:Mexican_female_models	Category:Mexican_television_actresses	Category:Women_television_presenters	Category:Mexican_telenovela_actresses	Category:Mexican_television_presenters
set2	Stefan_Olsdal	Samer_el_Nahhal	Category:21st-century_bass_guitarists	Category:Musicians_Institute_alumni
set2	Onir	Aditya_Chopra	Category:Hindi-language_film_directors	Category:Indian_male_screenwriters
set2	Kenny_Ortega	Edward_James_Olmos	Category:American_male_television_actors	Category:American_television_directors	Category:Hispanic_and_Latino_American_male_actors	Category:Film_directors_from_California	Category:American_male_film_actors
set2	Nigel_Owens	Alain_Rolland	Category:European_Rugby_Champions_Cup_referees	Category:Rugby_World_Cup_referees
set2	Camille_Paglia	Christina_Hoff_Sommers	Category:American_libertarians	Category:American_feminist_writers	Category:Female_critics_of_feminism	Category:Individualist_feminists	Category:Feminist_theorists	Category:21st-century_American_women_writers	Category:Feminist_critics_of_feminism	Category:Critics_of_postmodernism
set2	Šárka_Pančochová	Eva_Samkov%C3%A1	Category:X_Games_athletes	Category:Snowboarders_at_the_2018_Winter_Olympics	Category:Czech_female_snowboarders	Category:Snowboarders_at_the_2014_Winter_Olympics	Category:Olympic_snowboarders_of_the_Czech_Republic
set2	Marco_Pannella	Emma_Bonino	Category:MEPs_for_Italy_1999%E2%80%932004	Category:Radical_Party_(Italy)_politicians	Category:MEPs_for_Italy_1979%E2%80%931984	Category:MEPs_for_Italy_2004%E2%80%932009	Category:Italian_libertarians	Category:Italian_Radicals_MEPs
set2	Annise_Parker	Jane_Dee_Hull	Category:21st-century_American_politicians	Category:20th-century_American_politicians	Category:20th-century_American_women_politicians	Category:21st-century_American_women_politicians
set2	Paul_Oscar	Eir%C3%ADkur_Hauksson	Category:20th-century_Icelandic_people	Category:Icelandic_male_singers	Category:People_from_Reykjav%C3%ADk	Category:Eurovision_Song_Contest_entrants_for_Iceland
set2	Maartje_Paumen	Naomi_van_As	Category:Olympic_medalists_in_field_hockey	Category:Olympic_gold_medalists_for_the_Netherlands	Category:Medalists_at_the_2016_Summer_Olympics	Category:Field_hockey_players_at_the_2016_Summer_Olympics	Category:Field_hockey_players_at_the_2008_Summer_Olympics	Category:Dutch_female_field_hockey_players	Category:Olympic_silver_medalists_for_the_Netherlands	Category:Medalists_at_the_2008_Summer_Olympics	Category:Field_hockey_players_at_the_2012_Summer_Olympics	Category:Olympic_field_hockey_players_of_the_Netherlands	Category:Medalists_at_the_2012_Summer_Olympics
set2	Conny_Perrin	Timea_Bacsinszky	Category:Swiss_female_tennis_players	Category:Swiss-French_people
set2	Erin_Phillips	Laura_Hodges	Category:Basketball_players_at_the_2006_Commonwealth_Games	Category:Connecticut_Sun_players	Category:Australian_expatriate_basketball_people_in_the_United_States	Category:Adelaide_Lightning_players	Category:Basketball_players_at_the_2016_Summer_Olympics	Category:Olympic_silver_medalists_for_Australia	Category:Commonwealth_Games_gold_medallists_for_Australia	Category:Commonwealth_Games_medallists_in_basketball	Category:Olympic_basketball_players_of_Australia	Category:Women%27s_National_Basketball_League_players	Category:Australian_women%27s_basketball_players	Category:Basketball_players_at_the_2008_Summer_Olympics	Category:Olympic_medalists_in_basketball	Category:Medalists_at_the_2008_Summer_Olympics
set2	David_Hyde_Pierce	Tony_Shalhoub	Category:American_male_television_actors	Category:American_male_voice_actors	Category:Outstanding_Performance_by_a_Male_Actor_in_a_Comedy_Series_Screen_Actors_Guild_Award_winners	Category:21st-century_American_male_actors	Category:American_male_musical_theatre_actors	Category:Yale_University_alumni	Category:American_male_film_actors	Category:Tony_Award_winners
set2	Jeremy_Podeswa	David_Cronenberg	Category:Film_directors_from_Toronto	Category:Best_Director_Genie_and_Canadian_Screen_Award_winners	Category:Writers_from_Toronto	Category:Canadian_screenwriters
set2	Jared_Polis	John_Hickenlooper	Category:Colorado_Democrats	Category:Democratic_Party_state_governors_of_the_United_States	Category:Governors_of_Colorado
set2	Jon_Polito	David_Boreanaz	Category:American_male_television_actors	Category:American_male_voice_actors	Category:American_people_of_Italian_descent	Category:21st-century_American_male_actors	Category:Male_actors_from_Philadelphia	Category:American_male_film_actors	Category:Male_actors_of_Italian_descent	Category:American_male_video_game_actors
set2	Léa_Pool	St%C3%A9phane_Lafleur	Category:Canadian_film_editors	Category:Universit%C3%A9_du_Qu%C3%A9bec_%C3%A0_Montr%C3%A9al_alumni	Category:Canadian_screenwriters_in_French
set2	Augustus_Prew	Julian_Morris	Category:English_male_television_actors	Category:21st-century_English_male_actors	Category:Male_actors_from_London	Category:English_male_child_actors	Category:20th-century_English_male_actors	Category:English_male_film_actors
set2	Allie_Quigley	Tangela_Smith	Category:Phoenix_Mercury_players	Category:American_women%27s_basketball_players	Category:Basketball_players_from_Illinois	Category:American_expatriate_basketball_people_in_Turkey	Category:San_Antonio_Stars_players	Category:Indiana_Fever_players
set2	Gideon_Raff	Dorit_Rabinyan	Category:Israeli_writers	Category:Israeli_screenwriters
set2	Amit_Rahav	Jeff_Wilbusch	Category:21st-century_Israeli_male_actors	Category:Yiddish_film_actors
set2	Ma_Rainey	Big_Bill_Broonzy	Category:Paramount_Records_artists	Category:20th-century_American_singers	Category:Age_controversies	Category:American_street_performers
set2	Gene_Raymond	Hal_Clement	Category:United_States_Air_Force_colonels	Category:United_States_Army_Air_Forces_bomber_pilots_of_World_War_II	Category:United_States_Army_Air_Forces_officers	Category:United_States_Air_Force_reservists	Category:20th-century_American_male_writers
set2	Dee_Rees	Kasi_Lemmons	Category:American_women_screenwriters	Category:African-American_screenwriters	Category:Tisch_School_of_the_Arts_alumni	Category:African-American_film_directors	Category:American_women_film_directors
set2	Rio_Reiser	Tilo_Wolff	Category:German_male_singers	Category:20th-century_German_singers	Category:German_rock_singers	Category:20th-century_male_singers
set2	Ludwig_Renn	Anna_Seghers	Category:Recipients_of_the_Star_of_People%27s_Friendship	Category:Recipients_of_the_National_Prize_of_East_Germany	Category:East_German_writers	Category:Socialist_Unity_Party_of_Germany_politicians	Category:Recipients_of_the_Order_of_Karl_Marx	Category:Exilliteratur_writers	Category:Communist_Party_of_Germany_politicians
set2	Greg_Rikaart	Bradley_Cooper	Category:American_male_television_actors	Category:American_male_film_actors	Category:Villanova_University_alumni	Category:21st-century_American_male_actors
set2	Edgars_Rinkēvičs	Andris_Piebalgs	Category:Recipients_of_the_Order_of_the_Cross_of_Terra_Mariana,_2nd_Class	Category:New_Unity_politicians	Category:Latvian_Way_politicians
set2	Emily_Rios	Stacey_Dash	Category:American_actresses_of_Mexican_descent	Category:Actresses_from_Los_Angeles	Category:21st-century_American_actresses	Category:American_television_actresses	Category:American_child_actresses	Category:American_film_actresses
set2	Louise_Ritter	Mac_Wilkins	Category:Pan_American_Games_medalists_in_athletics_(track_and_field)	Category:Olympic_gold_medalists_for_the_United_States_in_track_and_field	Category:Olympic_track_and_field_athletes_of_the_United_States	Category:Athletes_(track_and_field)_at_the_1988_Summer_Olympics	Category:Athletes_(track_and_field)_at_the_1979_Pan_American_Games	Category:Pan_American_Games_gold_medalists_for_the_United_States	Category:Medalists_at_the_1979_Pan_American_Games	Category:Congressional_Gold_Medal_recipients	Category:Athletes_(track_and_field)_at_the_1984_Summer_Olympics
set2	Ian_Roberts_(rugby_league_footballer)	Matthew_Nable	Category:Australian_male_film_actors	Category:Rugby_league_players_from_Sydney	Category:Manly_Warringah_Sea_Eagles_players	Category:South_Sydney_Rabbitohs_players
set2	Yulimar_Rojas	Robeilys_Peinado	Category:Athletes_(track_and_field)_at_the_2019_Pan_American_Games	Category:Pan_American_Games_competitors_for_Venezuela	Category:South_American_Games_gold_medalists_for_Venezuela	Category:World_Athletics_Championships_medalists	Category:Sportspeople_from_Caracas	Category:South_American_Games_medalists_in_athletics	Category:World_Athletics_Championships_athletes_for_Venezuela	Category:Competitors_at_the_2014_South_American_Games	Category:Athletes_(track_and_field)_at_the_2015_Pan_American_Games
set2	Cesar_Romero	Robert_Davi	Category:American_male_television_actors	Category:20th-century_American_male_actors	Category:New_York_(state)_Republicans	Category:Male_actors_from_New_York_City	Category:American_male_film_actors
set2	Ned_Rorem	John_Adams_(composer)	Category:Male_opera_composers	Category:20th-century_American_composers	Category:Pulitzer_Prize_for_Music_winners	Category:American_male_classical_composers	Category:21st-century_American_composers	Category:American_classical_composers	Category:21st-century_classical_composers	Category:20th-century_classical_composers	Category:20th-century_American_male_musicians	Category:Members_of_the_American_Academy_of_Arts_and_Letters	Category:21st-century_American_male_musicians	Category:American_opera_composers	Category:Chevaliers_of_the_Ordre_des_Arts_et_des_Lettres
set2	Patricia_Rozema	James_Cameron	Category:Canadian_agnostics	Category:Canadian_film_editors	Category:Canadian_film_producers	Category:Canadian_screenwriters
set2	Joanna_Russ	Ellen_Willis	Category:American_feminist_writers	Category:American_women_essayists	Category:Radical_feminists	Category:Writers_from_New_York_City	Category:Socialist_feminists	Category:American_essayists	Category:American_socialists	Category:Jewish_socialists	Category:Jewish_feminists	Category:Feminist_studies_scholars
set2	Arthur_Russell_(musician)	Andy_Williams	Category:Singers_from_Iowa	Category:20th-century_American_singers
set2	Kay_Ryan	Rita_Dove	Category:21st-century_American_women_writers	Category:20th-century_American_women_writers	Category:National_Humanities_Medal_recipients	Category:20th-century_American_poets	Category:Pulitzer_Prize_for_Poetry_winners	Category:American_women_poets	Category:21st-century_American_poets	Category:American_Poets_Laureate
set2	Jerónimo_Saavedra_Acevedo	Manuel_Fraga	Category:Members_of_the_1st_Congress_of_Deputies_(Spain)	Category:Members_of_the_constituent_Congress_of_Deputies_(Spain)	Category:Members_of_the_Senate_of_Spain	Category:Members_of_the_4th_Congress_of_Deputies_(Spain)	Category:Members_of_the_2nd_Congress_of_Deputies_(Spain)
set2	Patty_Schemel	Janet_Weiss	Category:20th-century_American_women_musicians	Category:American_female_drummers	Category:20th-century_American_drummers	Category:Feminist_musicians	Category:American_rock_drummers
set2	Thomas_Schippers	Joseph_Silverstein	Category:20th-century_American_conductors_(music)	Category:20th-century_American_male_musicians	Category:Classical_musicians_from_Michigan	Category:American_male_conductors_(music)
set2	John_Sessions	Lee_Evans_(comedian)	Category:British_male_stage_actors	Category:British_male_television_actors	Category:British_male_comedians	Category:British_male_film_actors	Category:British_male_voice_actors
set2	Vikram_Seth	Amitav_Ghosh	Category:Writers_from_Kolkata	Category:The_Doon_School_alumni	Category:Fellows_of_the_Royal_Society_of_Literature	Category:Recipients_of_the_Sahitya_Akademi_Award_in_English	Category:English-language_writers_from_India	Category:Recipients_of_the_Padma_Shri_in_literature_%26_education	Category:Novelists_from_West_Bengal	Category:Indian_male_novelists	Category:20th-century_Indian_novelists
set2	Peter_Shaffer	Anthony_Shaffer_(writer)	Category:English_Jews	Category:Identical_twins	Category:Jewish_dramatists_and_playwrights	Category:Burials_at_Highgate_Cemetery	Category:English_male_dramatists_and_playwrights	Category:English_male_screenwriters	Category:Writers_from_Liverpool	Category:English_screenwriters	Category:Alumni_of_Trinity_College,_Cambridge	Category:Twin_people_from_England
set2	Fiona_Shaw	Sin%C3%A9ad_Cusack	Category:20th-century_Irish_actresses	Category:EngvarB_from_November_2013	Category:Irish_stage_actresses	Category:Critics%27_Circle_Theatre_Award_winners	Category:Irish_film_actresses	Category:21st-century_Irish_actresses	Category:Royal_Shakespeare_Company_members
set2	David_Sherlock	Richard_Ayoade	Category:English_television_writers	Category:English_male_television_actors	Category:British_male_television_writers	Category:20th-century_English_male_actors	Category:English_male_film_actors	Category:English_male_comedians	Category:20th-century_British_comedians	Category:British_male_comedy_actors
set2	Rafaela_Silva	Mayra_Aguiar	Category:Pan_American_Games_silver_medalists_for_Brazil	Category:Judoka_at_the_2012_Summer_Olympics	Category:Pan_American_Games_bronze_medalists_for_Brazil	Category:Olympic_judoka_of_Brazil	Category:Medalists_at_the_2016_Summer_Olympics	Category:Pan_American_Games_medalists_in_judo	Category:Olympic_medalists_in_judo	Category:Brazilian_female_judoka	Category:Medalists_at_the_2015_Pan_American_Games	Category:Judoka_at_the_2015_Pan_American_Games	Category:Judoka_at_the_2016_Summer_Olympics
set2	Sebastián_Silva_(director)	Alicia_Scherson	Category:Chilean_screenwriters	Category:Chilean_film_directors
set2	Renée_Sintenis	Ren%C3%A9e_Sintenis	Category:German_artists	Category:Olympic_bronze_medalists_in_art_competitions	Category:Commanders_Crosses_of_the_Order_of_Merit_of_the_Federal_Republic_of_Germany	Category:Recipients_of_the_Pour_le_M%C3%A9rite_(civil_class)	Category:People_from_K%C5%82odzko	Category:People_from_the_Province_of_Silesia	Category:Olympic_competitors_in_art_competitions	Category:Medalists_at_the_1928_Summer_Olympics
set2	Vibeke_Skofterud	Marit_Bj%C3%B8rgen	Category:Olympic_cross-country_skiers_of_Norway	Category:Olympic_medalists_in_cross-country_skiing	Category:FIS_Nordic_World_Ski_Championships_medalists_in_cross-country_skiing	Category:Medalists_at_the_2010_Winter_Olympics	Category:Norwegian_female_cross-country_skiers	Category:Olympic_gold_medalists_for_Norway	Category:Cross-country_skiers_at_the_2002_Winter_Olympics	Category:Cross-country_skiers_at_the_2010_Winter_Olympics
set2	Brian_J._Smith	Mark_Salling	Category:American_male_television_actors	Category:American_male_film_actors	Category:21st-century_American_male_actors	Category:Male_actors_from_Dallas
set2	Cory_Michael_Smith	Josh_Radnor	Category:American_male_television_actors	Category:21st-century_American_male_actors	Category:American_male_stage_actors	Category:American_male_film_actors	Category:Male_actors_from_Columbus,_Ohio
set2	Jens_Spahn	Norbert_R%C3%B6ttgen	Category:Christian_Democratic_Union_of_Germany_politicians	Category:Members_of_the_Bundestag_2013%E2%80%932017	Category:German_Roman_Catholics	Category:Members_of_the_Bundestag_2017%E2%80%932021	Category:Members_of_the_Bundestag_for_the_Christian_Democratic_Union_of_Germany	Category:Members_of_the_Bundestag_2002%E2%80%932005	Category:21st-century_German_politicians	Category:Members_of_the_Bundestag_for_North_Rhine-Westphalia	Category:Members_of_the_Bundestag_2009%E2%80%932013	Category:Members_of_the_Bundestag_2005%E2%80%932009
set2	Stephen_Spender	George_Orwell	Category:Anti-Stalinist_left	Category:20th-century_English_poets	Category:20th-century_essayists	Category:British_people_of_the_Spanish_Civil_War	Category:English_essayists	Category:English_anti-fascists	Category:English_communists
set2	Kevin_Spirtas	Joe_Besser	Category:Male_actors_from_St._Louis	Category:American_male_television_actors	Category:American_male_film_actors	Category:Jewish_American_male_actors
set2	Sherida_Spitse	Shanice_van_de_Sanden	Category:Knights_of_the_Order_of_Orange-Nassau	Category:Eredivisie_(women)_players	Category:Dutch_expatriate_women%27s_footballers	Category:2019_FIFA_Women%27s_World_Cup_players	Category:Dutch_expatriate_footballers	Category:Dutch_women%27s_footballers	Category:SC_Heerenveen_(women)_players	Category:FC_Twente_(women)_players	Category:UEFA_Women%27s_Championship-winning_players	Category:Netherlands_women%27s_international_footballers
set2	Helen_Stephens	Lillian_Copeland	Category:Olympic_gold_medalists_for_the_United_States_in_track_and_field	Category:American_female_discus_throwers	Category:American_female_shot_putters	Category:Olympic_track_and_field_athletes_of_the_United_States
set2	David_Ogden_Stiers	Theodore_Thomas_(conductor)	Category:American_conductors_(music)	Category:Classical_musicians_from_Illinois	Category:American_male_conductors_(music)
set2	Billy_Strayhorn	Fletcher_Henderson	Category:American_jazz_composers	Category:20th-century_American_composers	Category:American_music_arrangers	Category:African-American_jazz_musicians	Category:Musicians_from_New_York_City	Category:20th-century_jazz_composers	Category:African-American_jazz_composers	Category:American_male_pianists	Category:Jazz_musicians_from_New_York_(state)	Category:20th-century_American_pianists	Category:Swing_pianists
set2	Martina_Strutz	Lisa_Ryzih	Category:German_national_athletics_champions	Category:European_Athletics_Championships_medalists	Category:Athletes_(track_and_field)_at_the_2016_Summer_Olympics	Category:Olympic_athletes_of_Germany	Category:World_Athletics_Championships_athletes_for_Germany	Category:German_female_pole_vaulters	Category:Athletes_(track_and_field)_at_the_2012_Summer_Olympics
set2	Fumie_Suguri	Shizuka_Arakawa	Category:Medalists_at_the_1999_Asian_Winter_Games	Category:Figure_skaters_at_the_2003_Asian_Winter_Games	Category:Four_Continents_Figure_Skating_Championships_medalists	Category:Asian_Games_silver_medalists_for_Japan	Category:Asian_Games_medalists_in_figure_skating	Category:Medalists_at_the_2003_Asian_Winter_Games	Category:Figure_skaters_at_the_1999_Asian_Winter_Games	Category:Figure_skaters_at_the_2006_Winter_Olympics	Category:Waseda_University_alumni	Category:Olympic_figure_skaters_of_Japan	Category:World_Figure_Skating_Championships_medalists	Category:Japanese_female_single_skaters
set2	Sheryl_Swoopes	Plenette_Pierson	Category:Basketball_coaches_from_Texas	Category:Texas_Tech_Lady_Raiders_basketball_players	Category:American_women%27s_basketball_players	Category:All-American_college_women%27s_basketball_players	Category:Basketball_players_from_Texas	Category:Tulsa_Shock_players	Category:American_women%27s_basketball_coaches	Category:Women%27s_National_Basketball_Association_All-Stars
set2	George_Takei	Arnold_Schwarzenegger	Category:Activists_from_California	Category:21st-century_American_non-fiction_writers	Category:Male_actors_from_Los_Angeles	Category:21st-century_American_male_actors	Category:20th-century_American_non-fiction_writers	Category:American_actor-politicians	Category:American_autobiographers	Category:American_male_non-fiction_writers	Category:21st-century_American_male_writers	Category:Writers_from_Los_Angeles	Category:20th-century_American_male_writers	Category:American_male_film_actors	Category:Inkpot_Award_winners
set2	Bex_Taylor-Klaus	Brigette_Lundy-Paine	Category:American_film_actors	Category:American_non-binary_actors	Category:21st-century_American_actors	Category:American_television_actors
set2	Modest_Ilyich_Tchaikovsky	Anna_Brenko	Category:20th-century_Russian_writers	Category:19th-century_Russian_writers	Category:Russian_dramatists_and_playwrights	Category:19th-century_Russian_dramatists_and_playwrights
set2	Mark_Tewksbury	Alex_Baumann	Category:Commonwealth_Games_gold_medallists_for_Canada	Category:Olympic_gold_medalists_for_Canada	Category:Olympic_swimmers_of_Canada	Category:Swimmers_at_the_1986_Commonwealth_Games	Category:Canadian_male_backstroke_swimmers	Category:Olympic_gold_medalists_in_swimming	Category:World_record_setters_in_swimming
set2	Olivia_Thirlby	Maggie_Gyllenhaal	Category:Jewish_American_actresses	Category:21st-century_American_actresses	Category:American_television_actresses	Category:American_stage_actresses	Category:American_film_actresses	Category:Actresses_from_New_York_City	Category:Alumni_of_the_Royal_Academy_of_Dramatic_Art
set2	Virgil_Thomson	William_Schuman	Category:Male_opera_composers	Category:20th-century_American_composers	Category:Pulitzer_Prize_for_Music_winners	Category:American_male_classical_composers	Category:Kennedy_Center_honorees	Category:American_classical_composers	Category:20th-century_classical_composers	Category:20th-century_American_male_musicians	Category:American_opera_composers	Category:Ballet_composers
set2	Wolfgang_Tillmans	Floris_Michael_Neus%C3%BCss	Category:People_from_Remscheid	Category:21st-century_German_photographers	Category:Photographers_from_North_Rhine-Westphalia	Category:20th-century_German_photographers
set2	Russell_Tovey	Tom_Riley_(actor)	Category:British_male_stage_actors	Category:English_male_television_actors	Category:21st-century_English_male_actors	Category:English_male_stage_actors	Category:British_male_television_actors	Category:English_male_radio_actors	Category:British_male_voice_actors	Category:British_male_radio_actors
set2	Pete_Townshend	John_Entwistle	Category:Decca_Records_artists	Category:English_rock_guitarists	Category:English_rock_singers	Category:20th-century_British_composers	Category:People_from_Chiswick	Category:British_rhythm_and_blues_boom_musicians	Category:English_songwriters	Category:People_educated_at_Acton_County_Grammar_School	Category:Atco_Records_artists	Category:Polydor_Records_artists	Category:EngvarB_from_March_2016
set2	Tsai_Ming-liang	James_Wan	Category:People_from_Kuching	Category:Malaysian_film_directors
set2	Michael_Urie	John_Leguizamo	Category:American_male_television_actors	Category:American_people_of_Italian_descent	Category:21st-century_American_male_actors	Category:American_male_stage_actors	Category:Drama_Desk_Award_winners	Category:American_male_film_actors	Category:Male_actors_of_Italian_descent
set2	Nils-Aslak_Valkeapää	Arto_Paasilinna	Category:21st-century_male_writers	Category:Finnish_male_poets	Category:Writers_from_Lapland_(Finland)	Category:20th-century_male_writers	Category:20th-century_Finnish_poets	Category:21st-century_Finnish_poets
set2	Fernando_Vallejo	Juan_Gabriel_V%C3%A1squez	Category:Colombian_male_novelists	Category:Colombian_atheists	Category:21st-century_Colombian_novelists	Category:20th-century_Colombian_novelists
set2	Elihu_Vedder	Colin_Campbell_Cooper	Category:American_male_painters	Category:19th-century_male_artists	Category:19th-century_American_painters	Category:Orientalist_painters	Category:20th-century_American_painters
set2	Glen_Vella	Gianluca_Bezzina	Category:Eurovision_Song_Contest_entrants_for_Malta	Category:Maltese_male_singers
set2	Robert_G._Vignola	George_Marshall_(director)	Category:American_film_directors	Category:American_male_silent_film_actors	Category:20th-century_American_male_actors	Category:20th-century_American_screenwriters	Category:American_male_screenwriters	Category:20th-century_American_male_writers	Category:American_male_film_actors
set2	Xavier_Villaurrutia	Eraclio_Zepeda	Category:Mexican_male_poets	Category:20th-century_Mexican_poets	Category:20th-century_Mexican_male_writers	Category:20th-century_Mexican_dramatists_and_playwrights
set2	Michelle_Visage	Dionne_Farris	Category:Singers_from_New_Jersey	Category:American_contemporary_R%26B_singers	Category:American_female_singers
set2	Binyavanga_Wainaina	Ng%C5%A9g%C4%A9_wa_Thiong%27o	Category:21st-century_male_writers	Category:Kenyan_essayists	Category:Memoirists	Category:21st-century_essayists	Category:Kikuyu_people
set2	Kira_Walkenhorst	Jonas_Reckermann	Category:Beach_volleyball_blockers	Category:Olympic_medalists_in_volleyball	Category:Olympic_gold_medalists_for_Germany	Category:Olympic_beach_volleyball_players_of_Germany
set2	Abby_Wambach	Heather_Mitts	Category:Footballers_at_the_2012_Summer_Olympics	Category:Florida_Gators_women%27s_soccer_players	Category:2011_FIFA_Women%27s_World_Cup_players	Category:Medalists_at_the_2004_Summer_Olympics	Category:United_States_women%27s_international_soccer_players	Category:Olympic_gold_medalists_for_the_United_States_in_soccer	Category:FIFA_Century_Club	Category:Washington_Freedom_players	Category:American_women%27s_soccer_players	Category:Women%27s_United_Soccer_Association_players	Category:Footballers_at_the_2004_Summer_Olympics	Category:Medalists_at_the_2012_Summer_Olympics	Category:Women%27s_Olympic_soccer_players_of_the_United_States
set2	Krzysztof_Warlikowski	Krzysztof_Zanussi	Category:Jagiellonian_University_alumni	Category:Commandeurs_of_the_Ordre_des_Arts_et_des_Lettres
set2	John_C._Wells	Marjorie_Boulton	Category:English_Esperantists	Category:Akademio_de_Esperanto_members
set2	Edmund_White	Don_DeLillo	Category:American_male_novelists	Category:21st-century_American_novelists	Category:20th-century_American_dramatists_and_playwrights	Category:Members_of_the_American_Academy_of_Arts_and_Letters	Category:20th-century_American_essayists	Category:21st-century_American_essayists	Category:Novelists_from_New_York_(state)	Category:21st-century_American_male_writers	Category:20th-century_American_novelists	Category:American_male_dramatists_and_playwrights	Category:20th-century_American_male_writers	Category:American_male_essayists
set2	Mike_White_(scriptwriter)	Conan_O%27Brien	Category:Television_producers_from_California	Category:21st-century_American_male_actors	Category:Screenwriters_from_California	Category:20th-century_American_male_actors	Category:American_male_television_writers	Category:American_male_screenwriters	Category:American_male_film_actors
set2	Minor_White	Imogen_Cunningham	Category:20th-century_American_photographers	Category:San_Francisco_Art_Institute_faculty	Category:Photographers_from_Oregon	Category:Artists_from_Portland,_Oregon
set2	Sue_Wicks	Plenette_Pierson	Category:New_York_Liberty_players	Category:American_women%27s_basketball_players	Category:All-American_college_women%27s_basketball_players	Category:American_women%27s_basketball_coaches	Category:Centers_(basketball)	Category:Women%27s_National_Basketball_Association_All-Stars
set2	Michael_J._Willett	Blake_Jenner	Category:21st-century_American_singers	Category:American_male_television_actors	Category:21st-century_American_male_actors	Category:21st-century_male_singers	Category:American_male_film_actors
set2	Chris_Witty	Derek_Parra	Category:World_record_setters_in_speed_skating	Category:Olympic_silver_medalists_for_the_United_States_in_speed_skating	Category:Medalists_at_the_2002_Winter_Olympics	Category:Speed_skaters_at_the_2006_Winter_Olympics	Category:Pan_American_Games_silver_medalists_for_the_United_States	Category:Speed_skaters_at_the_2002_Winter_Olympics	Category:Pan_American_Games_bronze_medalists_for_the_United_States	Category:Olympic_gold_medalists_for_the_United_States_in_speed_skating
set2	Elsie_de_Wolfe	Helen_Churchill_Candee	Category:American_women_interior_designers	Category:American_interior_designers	Category:American_socialites
set2	Monty_Woolley	Robert_Armstrong_(actor)	Category:American_male_radio_actors	Category:American_military_personnel_of_World_War_I	Category:United_States_Army_officers	Category:American_male_film_actors
set2	Ireen_Wüst	Sven_Kramer	Category:World_Allround_Speed_Skating_Championships_medalists	Category:Medalists_at_the_2010_Winter_Olympics	Category:Olympic_gold_medalists_for_the_Netherlands	Category:Olympic_bronze_medalists_for_the_Netherlands	Category:Medalists_at_the_2014_Winter_Olympics	Category:Speed_skaters_at_the_2018_Winter_Olympics	Category:Speed_skaters_at_the_2014_Winter_Olympics	Category:Speed_skaters_at_the_2006_Winter_Olympics	Category:Olympic_medalists_in_speed_skating	Category:Speed_skaters_at_the_2010_Winter_Olympics	Category:Medalists_at_the_2018_Winter_Olympics	Category:World_Single_Distances_Speed_Skating_Championships_medalists	Category:Olympic_speed_skaters_of_the_Netherlands	Category:Olympic_silver_medalists_for_the_Netherlands
set2	Kathleen_Wynne	David_Peterson	Category:Leaders_of_the_Ontario_Liberal_Party	Category:21st-century_Canadian_politicians	Category:Politicians_from_Toronto	Category:Ontario_Liberal_Party_MPPs	Category:Members_of_the_United_Church_of_Canada	Category:Members_of_the_Executive_Council_of_Ontario
set2	Jan_Zrzavý	Jan_Zrzav%C3%BD	Category:Czech_male_painters	Category:People_from_Havl%C3%AD%C4%8Dk%C5%AFv_Brod_District	Category:Czech_painters	Category:Modern_painters	Category:Czech_scenic_designers
set2	Balian_Buschbaum	Tim_Lobinger	Category:German_male_pole_vaulters	Category:European_Athletics_Championships_medalists	Category:Olympic_athletes_of_Germany	Category:Athletes_(track_and_field)_at_the_2000_Summer_Olympics
set2	Petra_De_Sutter	Sophie_Wilm%C3%A8s	Category:Belgian_women_in_politics	Category:Women_government_ministers_of_Belgium	Category:21st-century_Belgian_politicians
set2	Amazon_Eve	Jaime_Pressly	Category:American_television_actresses	Category:Actresses_from_California	Category:21st-century_American_actresses	Category:Female_models_from_California
set2	Anna_Grodzka	Ma%C5%82gorzata_Kidawa-B%C5%82o%C5%84ska	Category:21st-century_Polish_women_politicians	Category:Women_members_of_the_Sejm_of_the_Republic_of_Poland	Category:Members_of_the_Polish_Sejm_2011%E2%80%932015
set2	Rita_Hester	International_Men%27s_Day	Category:Moveable_holidays_(2015_date_missing)	Category:November_observances	Category:Civil_awareness_days	Category:Recurring_events_established_in_1999	Category:International_observances
set2	Eddie_Izzard	Eric_Idle	Category:20th-century_English_comedians	Category:English_atheists	Category:21st-century_English_comedians	Category:Drama_Desk_Award_winners
set2	Kimber_James	Mia_Khalifa	Category:Pornographic_film_actors_from_Florida	Category:American_pornographic_film_actresses
set2	Bailey_Jay	Taylor_St._Claire	Category:Actresses_from_Richmond,_Virginia	Category:Pornographic_film_actors_from_Virginia	Category:American_pornographic_film_actresses
set2	Jin_Xing	Yu_Lan	Category:Chinese_film_actresses	Category:Actresses_from_Liaoning
set2	Isis_King	Jade_Cole	Category:African-American_models	Category:America%27s_Next_Top_Model_contestants	Category:American_female_models	Category:African-American_female_models
set2	Yasmin_Lee	Tammy_Duckworth	Category:American_people_of_Thai_descent	Category:Thai_emigrants_to_the_United_States
set2	Ophelia_Pastrana	Claudia_Sheinbaum	Category:Mexican_physicists	Category:BBC_100_Women
set2	Allanah_Starr	Maxi_Mounds	Category:Pornographic_film_actors_from_New_York_(state)	Category:Pornographic_film_actors_from_Florida
set2	Manuela_Trasobares	Maria_Gay	Category:Operatic_mezzo-sopranos	Category:Spanish_female_singers	Category:Catalan_opera_singers	Category:Spanish_opera_singers
set2	Yannick_Nézet-Séguin	Marc-Andr%C3%A9_Hamelin	Category:Canadian_classical_pianists	Category:Musicians_from_Montreal	Category:French_Quebecers	Category:21st-century_classical_pianists
set2	Meredith_Monk	Julia_Wolfe	Category:20th-century_women_composers	Category:20th-century_American_composers	Category:21st-century_American_composers	Category:American_classical_composers	Category:21st-century_classical_composers	Category:20th-century_classical_composers	Category:American_female_classical_composers	Category:21st-century_women_composers	Category:21st-century_American_women_musicians	Category:MacArthur_Fellows
set2	Emma_de_Caunes	%C3%89lodie_Bouchez	Category:21st-century_French_actresses	Category:Most_Promising_Actress_C%C3%A9sar_Award_winners	Category:20th-century_French_actresses	Category:French_film_actresses	Category:French_television_actresses	Category:Actresses_from_Paris
set2	Franck_Riester	Patrick_Devedjian	Category:Deputies_of_the_13th_National_Assembly_of_the_French_Fifth_Republic	Category:The_Republicans_(France)_politicians	Category:Union_for_a_Popular_Movement_politicians	Category:Mayors_of_places_in_%C3%8Ele-de-France	Category:Deputies_of_the_14th_National_Assembly_of_the_French_Fifth_Republic
set2	Lambert_Wilson	Michael_Lonsdale	Category:French_male_film_actors	Category:French_people_of_Irish_descent	Category:French_male_television_actors	Category:20th-century_French_male_actors	Category:21st-century_French_male_actors
set2	Robert_Biedroń	Leszek_Miller	Category:MEPs_for_Poland_2019%E2%80%932024	Category:Members_of_the_Polish_Sejm_2011%E2%80%932015	Category:Democratic_Left_Alliance_politicians
set2	Rose_Cleveland	Mary_Baker_Eddy	Category:19th-century_American_writers	Category:19th-century_American_women_writers	Category:20th-century_American_writers	Category:20th-century_American_women_writers
set2	Nell_Carter	Bette_Midler	Category:Jewish_American_actresses	Category:20th-century_American_actresses	Category:Jewish_singers	Category:20th-century_American_singers	Category:21st-century_American_actresses	Category:American_television_actresses	Category:Jewish_American_musicians	Category:Feminist_musicians	Category:20th-century_American_women_singers	Category:American_film_actresses	Category:American_voice_actresses	Category:Tony_Award_winners
set2	Arnaud_Valois	Bernard_Farcy	Category:French_male_film_actors	Category:21st-century_French_male_actors	Category:Male_actors_from_Lyon
set2	Victoria_Monét	Solange_Knowles	Category:21st-century_American_singers	Category:American_contemporary_R%26B_singers	Category:American_hip_hop_singers	Category:African-American_female_singer-songwriters	Category:American_female_hip_hop_musicians	Category:African-American_singer-songwriters	Category:21st-century_American_women_singers	Category:American_female_singer-songwriters	Category:American_rhythm_and_blues_singer-songwriters
set2	John_Kander	Burt_Bacharach	Category:Broadway_composers_and_lyricists	Category:Songwriters_from_Missouri	Category:Jewish_American_songwriters	Category:American_musical_theatre_composers	Category:Musicians_from_Kansas_City,_Missouri
set2	Sheila_Jeffreys	Germaine_Greer	Category:University_of_Melbourne_women	Category:Australian_atheists	Category:Radical_feminists	Category:21st-century_atheists	Category:20th-century_atheists
set2	Angèle_(singer)	Ang%C3%A8le_(singer)	Category:Belgian_pianists	Category:Belgian_artists	Category:French-language_singers_of_Belgium	Category:Belgian_singer-songwriters	Category:21st-century_pianists	Category:21st-century_Belgian_singers
set2	Víctor_Noriega	Diego_Boneta	Category:Singers_from_Mexico_City	Category:Mexican_emigrants_to_the_United_States	Category:Mexican_male_telenovela_actors	Category:21st-century_male_singers	Category:Male_actors_from_Mexico_City	Category:Mexican_male_singers	Category:21st-century_Mexican_singers
set2	Penny_Taylor	Belinda_Snell	Category:Australian_expatriate_basketball_people_in_the_United_States	Category:Phoenix_Mercury_players	Category:Medalists_at_the_2004_Summer_Olympics	Category:Olympic_silver_medalists_for_Australia	Category:Olympic_basketball_players_of_Australia	Category:Australian_expatriate_basketball_people_in_Russia	Category:Australian_women%27s_basketball_players	Category:Australian_expatriate_basketball_people_in_Italy	Category:Basketball_players_at_the_2008_Summer_Olympics	Category:Australian_Institute_of_Sport_basketball_(WNBL)_players	Category:Basketball_players_at_the_2004_Summer_Olympics	Category:Medalists_at_the_2008_Summer_Olympics	Category:Olympic_medalists_in_basketball
set2	Pepón_Nieto	Pep%C3%B3n_Nieto	Category:Spanish_male_television_actors	Category:Spanish_male_stage_actors	Category:Spanish_male_film_actors	Category:People_from_Marbella
set2	Ryan_Dolan	Linda_Martin	Category:Eurovision_Song_Contest_entrants_for_Ireland	Category:Musicians_from_County_Tyrone
set2	Lily_Carter	Mia_Khalifa	Category:Webcam_models	Category:American_pornographic_film_actresses
set2	Riley_Reid	Jenna_Presley	Category:American_female_erotic_dancers	Category:American_erotic_dancers	Category:American_pornographic_film_actresses
set2	Màxim_Huerta	Mar%C3%ADa_Pati%C3%B1o	Category:Spanish_television_journalists	Category:Spanish_television_presenters
set2	Danny_D	XBIZ_Award	Category:American_pornographic_film_awards	Category:Awards_established_in_2003
set2	Little_Caprice	Silvia_Saint	Category:Czech_pornographic_film_actresses	Category:Czech_female_adult_models
set2	Vanessa_Lengies	Laura_Vandervoort	Category:20th-century_Canadian_actresses	Category:Canadian_film_actresses	Category:Canadian_expatriate_actresses_in_the_United_States	Category:Canadian_voice_actresses	Category:Canadian_television_actresses	Category:21st-century_Canadian_actresses	Category:Canadian_child_actresses
set2	Mimi_Pollak	Pauline_Brunius	Category:Swedish_theatre_directors	Category:Swedish_silent_film_actresses	Category:20th-century_Swedish_actresses	Category:Swedish_film_actresses
set2	Jerónimo_Saavedra	Manuel_Fraga	Category:Members_of_the_1st_Congress_of_Deputies_(Spain)	Category:Members_of_the_constituent_Congress_of_Deputies_(Spain)	Category:Members_of_the_Senate_of_Spain	Category:Members_of_the_4th_Congress_of_Deputies_(Spain)	Category:Members_of_the_2nd_Congress_of_Deputies_(Spain)
set2	Meline_Daluzyan	Tigran_Gevorg_Martirosyan	Category:European_champions_for_Armenia	Category:European_champions_in_weightlifting	Category:World_Weightlifting_Championships_medalists	Category:Armenian_sportspeople_in_doping_cases	Category:Sportspeople_from_Gyumri	Category:Olympic_weightlifters_of_Armenia	Category:European_Weightlifting_Championships_medalists	Category:Weightlifters_at_the_2012_Summer_Olympics	Category:Doping_cases_in_weightlifting
set2	Jessica_Mink	Jane_Luu	Category:Women_planetary_scientists	Category:Planetary_scientists
set2	Sandra_Forgues	Tony_Estanguet	Category:Medalists_at_the_ICF_Canoe_Slalom_World_Championships	Category:Olympic_medalists_in_canoeing	Category:Canoeists_at_the_2000_Summer_Olympics	Category:Olympic_canoeists_of_France	Category:Olympic_gold_medalists_for_France
set2	Wal_Torres	Lygia_Fagundes_Telles	Category:Writers_from_S%C3%A3o_Paulo	Category:University_of_S%C3%A3o_Paulo_alumni	Category:20th-century_Brazilian_women_writers
set2	Wendy_Williams_(American_actress)	Alana_Evans	Category:Actresses_from_Kentucky	Category:Pornographic_film_actors_from_Kentucky
set2	Mia_Isabella	Shane_West	Category:American_people_of_French_descent	Category:American_people_of_Jamaican_descent
set2	Natalie_Mars	Mia_Khalifa	Category:Pornographic_film_actors_from_Florida	Category:American_pornographic_film_actresses